0.0813,0.0701,0.0716,0.0782
0.1041,0.0806,0.0857,0.0801
0.0971,0.0684,0.1075,0.0759
0.0928,0.0744,0.0918,0.0929
0.0758,0.0732,0.0852,0.0724
0.0961,0.0743,0.089,0.0858
0.0856,0.0709,0.0889,0.0717
0.1043,0.0781,0.124,0.0982
0.0703,0.0635,0.0894,0.076
0.0687,0.0663,0.0869,0.0709
0.0856,0.0674,0.0779,0.0715
0.088,0.0783,0.1371,0.1
0.0827,0.069,0.0698,0.0577
0.1031,0.0728,0.0949,0.0663
0.0789,0.0682,0.0861,0.0636
0.1053,0.0876,0.0969,0.0863
0.0733,0.0666,0.0857,0.0697
0.103,0.0765,0.088,0.072
0.0995,0.0821,0.0921,0.0829
0.0832,0.0688,0.0905,0.07
0.084,0.0686,0.0728,0.0738
0.0809,0.0696,0.0721,0.0834
0.0797,0.0693,0.0799,0.0767
0.105,0.0799,0.128,0.1018
0.1115,0.085,0.1237,0.1093
0.0693,0.0663,0.0783,0.0658
0.0945,0.0915,0.1056,0.0943
0.0963,0.0709,0.0865,0.0819
0.128,0.0879,0.1586,0.1137
0.0915,0.0794,0.0994,0.0702
0.0747,0.0618,0.0882,0.0662
0.0684,0.0672,0.0736,0.0681
0.0879,0.069,0.0863,0.066
0.0744,0.0652,0.0814,0.0684
0.0883,0.0801,0.0742,0.0652
0.0818,0.0767,0.0936,0.079
0.0797,0.068,0.0711,0.0619
0.0719,0.0665,0.0841,0.074
0.0738,0.0794,0.0874,0.0736
0.0866,0.0676,0.0848,0.0666
0.0852,0.0694,0.0745,0.0715
0.0801,0.0738,0.0745,0.0663
0.0729,0.0877,0.0979,0.0744
0.0788,0.0769,0.1061,0.0769
0.0995,0.0723,0.0903,0.0884
0.0989,0.0827,0.074,0.062
0.0879,0.073,0.0715,0.079
0.0843,0.0687,0.0929,0.0673
0.0867,0.0918,0.0939,0.0946
0.0871,0.0664,0.0827,0.0651
0.0831,0.0754,0.0714,0.0618
0.1063,0.0847,0.1257,0.1057
0.0805,0.0805,0.0912,0.0667
0.0808,0.0678,0.0737,0.0695
0.0974,0.0774,0.1362,0.0935
0.0972,0.0753,0.0965,0.0672
0.1028,0.0845,0.1453,0.0842
0.0921,0.0915,0.1115,0.0933
0.0932,0.0785,0.1124,0.0939
0.0787,0.0814,0.0783,0.0837
0.116,0.0877,0.1313,0.1056
0.1066,0.0753,0.0994,0.08
0.0875,0.0659,0.0746,0.0709
0.0854,0.0701,0.0907,0.0711
0.0816,0.0654,0.0749,0.0712
0.0867,0.0821,0.0709,0.0767
0.0774,0.0659,0.09,0.0784
0.0939,0.0774,0.095,0.0819
0.072,0.0617,0.0847,0.0729
0.0947,0.0775,0.1564,0.0954
0.0802,0.0729,0.0877,0.0689
0.0752,0.0735,0.1036,0.0818
0.1162,0.085,0.1346,0.1037
0.0925,0.0726,0.0788,0.0648
0.0768,0.0675,0.0719,0.064
0.0863,0.0831,0.1029,0.1012
0.0757,0.076,0.1026,0.0785
0.1357,0.0869,0.175,0.1165
0.0733,0.07,0.0814,0.0634
0.072,0.0627,0.0781,0.0775
0.0805,0.0655,0.0821,0.0794
0.0792,0.073,0.065,0.066
0.0958,0.068,0.1041,0.0803
0.0734,0.0727,0.071,0.0624
0.0816,0.0664,0.0651,0.0643
0.0845,0.0695,0.0702,0.0668
0.081,0.0691,0.094,0.0814
0.098,0.0731,0.1111,0.0737
0.0736,0.074,0.0938,0.0849
0.0979,0.0724,0.0922,0.0861
0.0806,0.0913,0.1204,0.0887
0.076,0.0765,0.1034,0.08
0.0975,0.0868,0.0971,0.0953
0.0718,0.0696,0.0673,0.0683
0.0768,0.0634,0.0982,0.081
0.0769,0.0681,0.0838,0.0735
0.1011,0.0835,0.0829,0.07
0.0723,0.0621,0.0886,0.0714
0.0807,0.0682,0.0851,0.0627
0.0703,0.0602,0.086,0.0718
0.0931,0.0763,0.0893,0.0727
0.0679,0.0634,0.0788,0.0636
0.114,0.0836,0.1316,0.097
0.0969,0.07,0.1103,0.0746
0.083,0.0734,0.0865,0.0975
0.0736,0.0639,0.0935,0.0834
0.0981,0.0727,0.0726,0.0699
0.0777,0.0795,0.0874,0.075
0.0829,0.0736,0.0902,0.0665
0.0723,0.1004,0.1219,0.0899
0.0863,0.0841,0.0983,0.083
0.089,0.0686,0.0702,0.0755
0.0755,0.0758,0.1019,0.0808
0.0841,0.0819,0.0802,0.0768
0.0837,0.0759,0.0905,0.0923
0.096,0.0691,0.0939,0.0742
0.087,0.0776,0.1247,0.083
0.0698,0.0767,0.1091,0.083
0.0684,0.0555,0.0672,0.0747
0.1132,0.0721,0.1286,0.0949
0.0975,0.0777,0.0817,0.0643
0.0756,0.0585,0.0922,0.0864
0.0716,0.0649,0.076,0.0656
0.0813,0.0637,0.0847,0.0775
0.0788,0.0649,0.0668,0.0612
0.0726,0.0721,0.0653,0.0609
0.0831,0.0719,0.0825,0.0693
0.0905,0.0654,0.1026,0.0768
0.0885,0.0749,0.0677,0.0686
0.1063,0.0861,0.0966,0.0874
0.0982,0.078,0.1299,0.089
0.0764,0.0634,0.0951,0.0686
0.0738,0.0726,0.067,0.0649
0.0979,0.0764,0.07,0.0676
0.0828,0.0972,0.1207,0.0967
0.0985,0.072,0.1041,0.0731
0.0959,0.0743,0.0995,0.0921
0.0837,0.0625,0.0851,0.0816
0.0763,0.0856,0.1168,0.0722
0.082,0.0725,0.0857,0.0959
0.0919,0.1144,0.1125,0.1004
0.105,0.0761,0.1265,0.1028
0.086,0.0909,0.1059,0.095
0.0732,0.0723,0.07,0.0662
0.1206,0.0911,0.1273,0.093
0.1053,0.0818,0.1176,0.088
0.1337,0.0903,0.1425,0.1024
0.0759,0.066,0.0913,0.064
0.0914,0.0694,0.0707,0.0637
0.0923,0.0772,0.091,0.0732
0.0785,0.0728,0.0842,0.0698
0.1153,0.085,0.1382,0.1154
0.087,0.0722,0.0724,0.0714
0.0845,0.0658,0.0773,0.072
0.0639,0.0681,0.0864,0.0704
0.0824,0.0954,0.1244,0.0911
0.0823,0.0779,0.0939,0.0829
0.0811,0.0732,0.0696,0.061
0.0802,0.0653,0.0876,0.0825
0.101,0.0696,0.1197,0.0745
0.0815,0.0774,0.0938,0.08
0.093,0.0792,0.0756,0.0736
0.0936,0.0751,0.0846,0.0657
0.0798,0.0677,0.0663,0.0661
0.0666,0.0671,0.0842,0.0694
0.0782,0.0616,0.0736,0.0709
0.0958,0.0697,0.0761,0.0652
0.0727,0.0625,0.0846,0.0784
0.0751,0.0852,0.105,0.076
0.0866,0.0647,0.066,0.072
0.0981,0.0712,0.0965,0.0665
0.0799,0.0745,0.093,0.0747
0.0971,0.0848,0.0958,0.0946
0.0936,0.0709,0.0764,0.0711
0.0704,0.0651,0.071,0.0601
0.0823,0.0704,0.0824,0.0643
0.0973,0.0955,0.1345,0.086
0.1029,0.0698,0.084,0.0769
0.1157,0.0858,0.092,0.0878
0.0841,0.0643,0.0882,0.0704
0.0758,0.0649,0.0869,0.0687
0.0705,0.0876,0.1236,0.0745
0.0879,0.087,0.0849,0.0801
0.0763,0.075,0.0872,0.0783
0.0819,0.0808,0.1063,0.079
0.0906,0.0705,0.0781,0.0775
0.1103,0.0921,0.1288,0.0954
0.1012,0.086,0.1208,0.098
0.1086,0.0866,0.1266,0.1082
0.1148,0.0733,0.0819,0.0808
0.083,0.0663,0.069,0.077
0.0989,0.0757,0.137,0.1012
0.075,0.0675,0.0659,0.0653
0.0784,0.0805,0.0872,0.0751
0.0836,0.0674,0.0979,0.0853
0.0718,0.0774,0.1076,0.086
0.0782,0.0763,0.1002,0.0776
0.0823,0.0744,0.0985,0.0801
0.0966,0.0734,0.0747,0.0806
0.083,0.1027,0.1165,0.0805
0.0753,0.0755,0.0655,0.0624
0.0818,0.0713,0.0913,0.0704
0.0912,0.086,0.102,0.0996
0.0733,0.0636,0.072,0.0632
0.074,0.0739,0.0877,0.0697
0.081,0.0633,0.0707,0.0656
0.0784,0.0693,0.0669,0.0599
0.0703,0.078,0.0875,0.0706
0.0821,0.0886,0.1128,0.0878
0.0952,0.0865,0.104,0.102
0.0824,0.0624,0.0853,0.0692
0.0779,0.0637,0.0731,0.0694
0.0772,0.059,0.0713,0.0678
0.0743,0.0694,0.0669,0.0662
0.1023,0.0641,0.1145,0.069
0.0956,0.0756,0.1362,0.0996
0.1004,0.0794,0.1227,0.1064
0.0771,0.0702,0.0836,0.0729
0.1008,0.0758,0.0883,0.0686
0.092,0.0958,0.1244,0.096
0.1016,0.0772,0.1393,0.1019
0.0744,0.0622,0.0719,0.0693
0.0824,0.0684,0.0772,0.0608
0.0848,0.0768,0.0834,0.0668
0.0732,0.0948,0.1104,0.0824
0.1007,0.0758,0.1075,0.0824
0.1109,0.0832,0.1547,0.0845
0.1198,0.0882,0.1092,0.0823
0.0804,0.0699,0.0758,0.0698
0.1104,0.0815,0.1361,0.1064
0.0883,0.0706,0.0729,0.0707
0.0877,0.1016,0.0993,0.0789
0.0961,0.0898,0.1297,0.0872
0.082,0.0674,0.0965,0.0816
0.0776,0.0657,0.0786,0.0666
0.0917,0.084,0.0981,0.0776
0.0858,0.0665,0.0961,0.071
0.0958,0.1138,0.1156,0.0995
0.08,0.0733,0.1046,0.0859
0.0757,0.0669,0.066,0.0858
0.0857,0.0619,0.0806,0.0651
0.0714,0.06,0.079,0.0653
0.0894,0.0721,0.0766,0.0949
0.0746,0.0826,0.0889,0.0861
0.0801,0.0692,0.0836,0.07
0.0858,0.0852,0.1035,0.0766
0.1007,0.0978,0.1045,0.0978
0.1394,0.0855,0.1582,0.1084
0.0752,0.0693,0.0988,0.083
0.0775,0.0619,0.08,0.0794
0.0881,0.0675,0.0761,0.0562
0.0753,0.0595,0.0799,0.0622
0.1119,0.0898,0.114,0.091
0.0966,0.0732,0.0746,0.0614
0.0814,0.0701,0.0931,0.0777
0.1001,0.0884,0.0909,0.0873
0.0843,0.077,0.087,0.0715
0.0851,0.0897,0.12,0.0794
0.0937,0.07,0.0986,0.074
0.0682,0.0664,0.0714,0.0679
0.0763,0.0593,0.0862,0.0646
0.0809,0.0741,0.0932,0.0787
0.1052,0.0746,0.0974,0.0736
0.092,0.0791,0.1205,0.0982
0.085,0.0717,0.0912,0.0739
0.0864,0.0678,0.0804,0.0713
0.0906,0.0695,0.0876,0.0666
0.0835,0.0647,0.078,0.0674
0.084,0.0709,0.0671,0.0744
0.0816,0.0785,0.1036,0.0795
0.1139,0.0841,0.1349,0.1029
0.1088,0.0821,0.1332,0.1107
0.0757,0.0687,0.066,0.0656
0.0687,0.0626,0.076,0.0646
0.0785,0.0681,0.0646,0.0693
0.093,0.0692,0.0717,0.07
0.0791,0.0637,0.0725,0.0708
0.0731,0.0814,0.0825,0.0844
0.0766,0.069,0.0845,0.0637
0.0946,0.0666,0.0852,0.0684
0.1018,0.0711,0.0843,0.0629
0.0753,0.0766,0.1049,0.079
0.0961,0.0669,0.0817,0.0863
0.079,0.0805,0.1044,0.0869
0.0875,0.0784,0.0921,0.0806
0.0746,0.0842,0.1137,0.0877
0.085,0.0645,0.0777,0.0688
0.0876,0.0719,0.0848,0.0692
0.0811,0.0742,0.0941,0.0634
0.108,0.0657,0.1013,0.0757
0.0784,0.0909,0.1133,0.091
0.0868,0.0672,0.0811,0.0685
0.0744,0.0581,0.0699,0.0643
0.0842,0.0606,0.0781,0.0587
0.0825,0.0851,0.0768,0.0781
0.1025,0.0755,0.0772,0.0644
0.1023,0.0715,0.0818,0.0699
0.0753,0.0811,0.1091,0.0791
0.0808,0.0753,0.0701,0.0687
0.1092,0.0913,0.1541,0.0821
0.0885,0.0721,0.0745,0.0792
0.0822,0.0653,0.0751,0.0605
0.1044,0.0579,0.0981,0.0674
0.0945,0.0915,0.097,0.0989
0.0861,0.0675,0.0697,0.0644
0.0836,0.0865,0.1133,0.0855
0.0728,0.0596,0.0894,0.0664
0.0785,0.0664,0.0799,0.066
0.0868,0.08,0.0767,0.0802
0.0986,0.0741,0.0812,0.0777
0.0752,0.075,0.0718,0.0618
0.098,0.0769,0.091,0.0802
0.0867,0.068,0.0786,0.0695
0.0888,0.0725,0.1038,0.0864
0.0868,0.0937,0.1304,0.0895
0.1024,0.0762,0.1077,0.0864
0.0996,0.0626,0.101,0.0814
0.0966,0.0806,0.0687,0.0682
0.0995,0.0826,0.091,0.0781
0.0846,0.072,0.0818,0.0635
0.091,0.0762,0.1363,0.0976
0.0866,0.0752,0.0841,0.0645
0.0966,0.0745,0.0821,0.0794
0.0925,0.0625,0.0968,0.0684
0.0714,0.0628,0.0847,0.0611
0.093,0.0852,0.0973,0.0782
0.083,0.0719,0.0865,0.0761
0.1008,0.0839,0.0983,0.0959
0.0802,0.0703,0.1028,0.0875
0.1007,0.0803,0.1212,0.1061
0.0972,0.0827,0.0824,0.0663
0.0962,0.0784,0.0785,0.0661
0.0837,0.0676,0.0751,0.0734
0.0784,0.0677,0.0781,0.064
0.071,0.0639,0.0633,0.0777
0.0823,0.0694,0.0715,0.071
0.0926,0.0715,0.1102,0.082
0.0788,0.0642,0.0898,0.0661
0.1164,0.0709,0.0823,0.0678
0.0773,0.0668,0.0716,0.0711
0.0936,0.083,0.1059,0.0896
0.0693,0.0606,0.0733,0.0644
0.09,0.0739,0.07,0.0685
0.0805,0.0705,0.0701,0.0735
0.0965,0.092,0.1266,0.1013
0.0865,0.0683,0.0753,0.069
0.0878,0.0792,0.0749,0.0669
0.1048,0.0789,0.1263,0.0954
0.0756,0.077,0.0884,0.0721
0.0705,0.0901,0.1297,0.0811
0.0853,0.0678,0.0692,0.0697
0.1037,0.0734,0.0908,0.0963
0.0797,0.0821,0.081,0.0797
0.0723,0.066,0.0766,0.0673
0.102,0.0799,0.0952,0.0942
0.0852,0.0886,0.0885,0.0788
0.0822,0.0686,0.0727,0.0677
0.0732,0.0737,0.0861,0.0739
0.0841,0.0703,0.0973,0.0729
0.0768,0.0706,0.0682,0.062
0.0969,0.0951,0.0997,0.105
0.106,0.0813,0.1357,0.0863
0.0836,0.0919,0.1158,0.08
0.0777,0.0718,0.0709,0.0672
0.0778,0.0685,0.0663,0.0639
0.102,0.0772,0.1181,0.0928
0.0774,0.0683,0.0682,0.0684
0.0922,0.0688,0.0927,0.0829
0.0943,0.0817,0.0859,0.0797
0.0707,0.0636,0.0786,0.068
0.0691,0.0662,0.0796,0.064
0.1012,0.0699,0.0893,0.0839
0.0886,0.0773,0.0946,0.0733
0.1196,0.0829,0.1671,0.0981
0.0847,0.0716,0.0904,0.0647
0.1011,0.0808,0.1414,0.1052
0.0883,0.0943,0.1214,0.0761
0.0751,0.0612,0.0722,0.0686
0.0864,0.077,0.0994,0.0841
0.0986,0.0717,0.0933,0.0728
0.0708,0.0722,0.065,0.0631
0.0849,0.0772,0.1047,0.0874
0.0807,0.0739,0.0779,0.07
0.0754,0.0911,0.1168,0.0821
0.0911,0.0728,0.0778,0.0696
0.1023,0.0898,0.092,0.0786
0.0883,0.0873,0.1125,0.0721
0.087,0.0853,0.1042,0.0958
0.0787,0.0799,0.101,0.0857
0.085,0.0898,0.1103,0.0783
0.0799,0.0647,0.0877,0.0808
0.1004,0.068,0.1122,0.0685
0.1008,0.0727,0.0822,0.0692
0.0945,0.0725,0.1013,0.0857
0.0848,0.0648,0.0755,0.0641
0.113,0.0713,0.0928,0.0858
0.0833,0.0817,0.0899,0.0925
0.0864,0.0798,0.0697,0.0659
0.0862,0.0731,0.0727,0.0834
0.0656,0.0653,0.084,0.073
0.1313,0.0891,0.1128,0.0987
0.1,0.0716,0.0911,0.0756
0.089,0.0846,0.1006,0.0793
0.0985,0.0664,0.0824,0.0927
0.0936,0.0754,0.1354,0.1019
0.0878,0.0755,0.0962,0.0779
0.0813,0.0711,0.076,0.0733
0.0781,0.09,0.1194,0.0832
0.0907,0.0811,0.0907,0.0874
0.079,0.0615,0.0653,0.0693
0.0891,0.0759,0.1086,0.0863
0.114,0.0796,0.0965,0.0931
0.0848,0.0812,0.0976,0.0876
0.083,0.0653,0.0669,0.067
0.0709,0.0749,0.0753,0.0717
0.0738,0.0703,0.071,0.0634
0.0808,0.0741,0.0889,0.0738
0.092,0.0737,0.0923,0.0743
0.1249,0.1059,0.1439,0.1031
0.0969,0.0805,0.1462,0.0818
0.0855,0.0818,0.0915,0.076
0.0862,0.0661,0.1014,0.0726
0.1014,0.0743,0.107,0.0995
0.0757,0.0953,0.1073,0.0856
0.0633,0.0628,0.0727,0.0669
0.0805,0.0681,0.0946,0.0686
0.0779,0.0897,0.1149,0.0822
0.0844,0.0813,0.1017,0.1055
0.0907,0.0717,0.0944,0.0721
0.1079,0.0689,0.0967,0.0764
0.0803,0.066,0.0787,0.0618
0.0856,0.0671,0.0858,0.0922
0.0935,0.0766,0.0959,0.0759
0.0806,0.0677,0.0795,0.0725
0.0968,0.0701,0.1071,0.0744
0.0745,0.0722,0.0856,0.0671
0.105,0.0949,0.1263,0.1069
0.1047,0.0781,0.1222,0.1041
0.0725,0.0613,0.0838,0.0722
0.0794,0.0724,0.0939,0.0725
0.0909,0.0745,0.0763,0.0683
0.1178,0.0862,0.1044,0.0973
0.0643,0.0546,0.0714,0.0688
0.0807,0.069,0.0996,0.0809
0.0814,0.0703,0.0714,0.0624
0.0807,0.071,0.0992,0.0719
0.0864,0.068,0.0857,0.0685
0.0889,0.0654,0.0839,0.0697
0.081,0.0733,0.0735,0.0597
0.1052,0.0806,0.1296,0.1008
0.0886,0.0701,0.0788,0.0702
0.0807,0.0839,0.0867,0.087
0.078,0.0664,0.0704,0.0651
0.1043,0.0797,0.0881,0.0807
0.1014,0.0735,0.0867,0.067
0.078,0.0819,0.0929,0.0734
0.0986,0.093,0.1073,0.068
0.0862,0.0684,0.0642,0.0666
0.1107,0.0846,0.1284,0.1132
0.1061,0.0703,0.0902,0.0869
0.0853,0.0681,0.1137,0.0777
0.0729,0.0642,0.0773,0.0677
0.0648,0.0663,0.0798,0.0688
0.0826,0.0823,0.0938,0.0824
0.0895,0.0886,0.1254,0.0873
0.1153,0.0785,0.101,0.0881
0.0878,0.0751,0.0685,0.0782
0.0741,0.0796,0.0921,0.083
0.0971,0.0718,0.0913,0.0686
0.0807,0.0666,0.0671,0.0679
0.084,0.0753,0.066,0.0688
0.1177,0.0877,0.1144,0.0996
0.0822,0.0728,0.074,0.0681
0.0896,0.0686,0.0738,0.0705
0.0702,0.0669,0.0863,0.065
0.1156,0.0912,0.1143,0.0911
0.1159,0.0766,0.1016,0.0721
0.1141,0.0883,0.1359,0.1078
0.088,0.0764,0.0893,0.08
0.078,0.0713,0.0988,0.0885
0.0928,0.0692,0.088,0.0751
0.0698,0.0641,0.0695,0.0592
0.082,0.0747,0.097,0.0701
0.0826,0.0678,0.0714,0.0695
0.0938,0.0793,0.1332,0.1056
0.0808,0.0693,0.0816,0.0687
0.1101,0.0809,0.102,0.0858
0.0809,0.0682,0.0872,0.0677
0.0972,0.0721,0.0736,0.0661
0.0784,0.0789,0.0957,0.079
0.0728,0.0657,0.0895,0.0727
0.0923,0.0757,0.1265,0.0831
0.0664,0.0661,0.0898,0.0672
0.0717,0.0708,0.0698,0.0659
0.086,0.0683,0.0765,0.07
0.0984,0.0843,0.0932,0.0871
0.0835,0.0688,0.0985,0.0694
0.1015,0.0818,0.1458,0.0942
0.0746,0.0679,0.1016,0.0871
0.093,0.0682,0.0856,0.061
0.0925,0.0738,0.0783,0.0851
0.1158,0.0928,0.1452,0.1072
0.0653,0.0685,0.0866,0.0699
0.0838,0.0632,0.08,0.0594
0.0798,0.0676,0.0905,0.0804
0.0697,0.0911,0.1158,0.089
0.0784,0.102,0.1236,0.093
0.1347,0.0949,0.1288,0.0915
0.0934,0.0989,0.1258,0.092
0.0922,0.0926,0.105,0.0794
0.0921,0.0778,0.1028,0.0888
0.0862,0.0921,0.1233,0.0937
0.0803,0.0661,0.0725,0.0722
0.085,0.0684,0.0786,0.0683
0.0938,0.0754,0.0951,0.0715
0.1009,0.0782,0.1251,0.1026
0.1118,0.0821,0.1364,0.1012
0.1113,0.0786,0.1406,0.1103
0.0886,0.0728,0.0773,0.0697
0.1036,0.0795,0.0882,0.0803
0.0738,0.0712,0.0676,0.0671
0.0762,0.0727,0.0718,0.0685
0.0859,0.0769,0.0741,0.0734
0.0783,0.0994,0.1229,0.0944
0.0805,0.0655,0.0788,0.0755
0.0938,0.0885,0.095,0.0801
0.0784,0.0765,0.089,0.0709
0.0783,0.0785,0.0886,0.0736
0.0993,0.0641,0.1149,0.0764
0.0759,0.0774,0.1069,0.0813
0.0825,0.072,0.0743,0.0673
0.09,0.067,0.0924,0.0709
0.0847,0.068,0.0776,0.0705
0.0898,0.074,0.0823,0.0661
0.0736,0.061,0.0577,0.0677
0.0721,0.0579,0.0679,0.0675
0.0871,0.0758,0.0802,0.0638
0.0741,0.09,0.1195,0.0788
0.0966,0.0915,0.0917,0.0802
0.1007,0.0822,0.0879,0.0799
0.089,0.0772,0.0938,0.0673
0.1133,0.0833,0.0828,0.0725
0.0979,0.0719,0.0838,0.0684
0.0788,0.0709,0.0711,0.0743
0.0895,0.0682,0.0772,0.0641
0.1047,0.0963,0.0966,0.0935
0.0837,0.0744,0.0761,0.0724
0.1019,0.0762,0.096,0.0686
0.0919,0.065,0.0724,0.0999
0.0964,0.0835,0.0883,0.0782
0.123,0.0984,0.1482,0.1152
0.092,0.0975,0.1294,0.0913
0.0931,0.0754,0.0926,0.0723
0.0825,0.0669,0.0686,0.0734
0.0883,0.0834,0.0968,0.0693
0.0731,0.0815,0.0887,0.079
0.077,0.069,0.0856,0.0707
0.1075,0.0798,0.1007,0.1075
0.1014,0.0719,0.0954,0.0686
0.0914,0.0642,0.0774,0.0652
0.0769,0.0795,0.1042,0.0825
0.082,0.0692,0.0741,0.0702
0.0928,0.0716,0.1156,0.078
0.0807,0.0676,0.067,0.0692
0.0835,0.0696,0.085,0.0601
0.0954,0.0772,0.0839,0.0625
0.075,0.0714,0.0698,0.0629
0.0938,0.0689,0.0833,0.0856
0.0783,0.07,0.0756,0.0674
0.0816,0.0694,0.09,0.0673
0.0881,0.0674,0.0966,0.0626
0.1143,0.08,0.128,0.0996
0.0742,0.0914,0.1226,0.0851
0.0765,0.0893,0.1143,0.0859
0.0778,0.0629,0.0696,0.0636
0.1016,0.0659,0.1112,0.0716
0.0991,0.0866,0.0943,0.0832
0.0804,0.0782,0.1035,0.0818
0.0886,0.0898,0.1109,0.0892
0.0932,0.0709,0.0657,0.0794
0.103,0.0921,0.1239,0.101
0.1164,0.0848,0.1152,0.0874
0.0847,0.0868,0.1019,0.0958
0.0845,0.0633,0.0625,0.0674
0.0807,0.0946,0.0886,0.083
0.097,0.0882,0.0964,0.0851
0.0915,0.0691,0.0856,0.0681
0.1144,0.0932,0.1448,0.1052
0.0906,0.0674,0.1045,0.0697
0.0871,0.0707,0.0758,0.0635
0.0972,0.0739,0.0839,0.0681
0.07,0.0651,0.0715,0.0675
0.0856,0.072,0.0791,0.0632
0.098,0.0767,0.1325,0.0866
0.0923,0.0786,0.0915,0.0689
0.0825,0.0688,0.0688,0.0653
0.0878,0.0696,0.0773,0.0772
0.0798,0.0747,0.0869,0.0701
0.0748,0.0641,0.0952,0.0804
0.0742,0.0644,0.0762,0.0707
0.0904,0.072,0.0907,0.0759
0.1096,0.0831,0.1208,0.0972
0.0717,0.0673,0.0895,0.0802
0.0846,0.0707,0.0777,0.0736
0.0977,0.0764,0.0887,0.0681
0.0675,0.0578,0.0724,0.0739
0.0952,0.0724,0.0833,0.0831
0.0818,0.0665,0.0669,0.062
0.0641,0.0625,0.0817,0.0653
0.0794,0.0802,0.0781,0.0739
0.0648,0.0611,0.082,0.0721
0.0842,0.0818,0.0869,0.0768
0.1236,0.0815,0.1489,0.1071
0.0829,0.0968,0.1185,0.0809
0.084,0.075,0.1297,0.0944
0.0731,0.0794,0.0906,0.0707
0.0947,0.0885,0.1099,0.0942
0.0805,0.0748,0.1002,0.0767
0.107,0.089,0.124,0.1087
0.0794,0.0691,0.0705,0.0783
0.072,0.07,0.0849,0.0663
0.0776,0.0627,0.1001,0.0636
0.0641,0.0647,0.0866,0.0771
0.0875,0.072,0.0798,0.0625
0.0774,0.0643,0.0719,0.0642
0.099,0.0642,0.0686,0.089
0.1253,0.0919,0.1307,0.1183
0.0922,0.078,0.0845,0.0751
0.085,0.0685,0.0864,0.081
0.0832,0.0682,0.0946,0.068
0.0975,0.0743,0.1026,0.084
0.1049,0.0788,0.1297,0.0968
0.0763,0.063,0.0827,0.0786
0.0862,0.0656,0.0911,0.066
0.0814,0.077,0.0997,0.0896
0.0994,0.0746,0.1004,0.0782
0.0843,0.0739,0.0722,0.0764
0.0937,0.079,0.1178,0.0888
0.0742,0.0678,0.085,0.0715
0.0935,0.0785,0.0873,0.082
0.0762,0.06,0.0797,0.0627
0.067,0.07,0.0878,0.0724
0.0858,0.0621,0.0833,0.0828
0.079,0.069,0.0776,0.0756
0.0694,0.0614,0.0768,0.065
0.089,0.0878,0.1055,0.093
0.0936,0.0729,0.0824,0.0759
0.0822,0.0793,0.0935,0.0877
0.1035,0.0684,0.0873,0.0602
0.114,0.0795,0.1348,0.0958
0.0778,0.0946,0.1106,0.0801
0.0746,0.064,0.0924,0.0756
0.1039,0.0834,0.1619,0.0925
0.0926,0.0739,0.0894,0.065
0.1033,0.069,0.0838,0.0635
0.1114,0.0877,0.1283,0.1017
0.1249,0.0955,0.1638,0.1021
0.0909,0.0879,0.1081,0.0986
0.0907,0.0907,0.0953,0.0839
0.0936,0.0869,0.0923,0.0744
0.0912,0.0716,0.0923,0.0639
0.0781,0.0892,0.115,0.08
0.121,0.107,0.1451,0.1202
0.0825,0.0797,0.0743,0.0645
0.0927,0.0872,0.0993,0.0992
0.0916,0.0771,0.0706,0.0629
0.0788,0.0685,0.0762,0.0777
0.0891,0.0713,0.0872,0.0665
0.1088,0.086,0.1387,0.1015
0.082,0.072,0.0745,0.0647
0.1023,0.0781,0.1036,0.0861
0.0788,0.0792,0.0823,0.0634
0.0787,0.0702,0.0695,0.0663
0.073,0.0625,0.0963,0.0715
0.0755,0.092,0.1126,0.0802
0.0943,0.0644,0.0738,0.0815
0.0723,0.0653,0.0774,0.0726
0.08,0.0765,0.0857,0.0721
0.0808,0.0615,0.0952,0.0637
0.0715,0.0905,0.1075,0.0755
0.1184,0.0863,0.1312,0.1026
0.0902,0.0807,0.0994,0.0856
0.087,0.0704,0.1188,0.0811
0.0724,0.0647,0.0752,0.0721
0.1069,0.0622,0.08,0.0945
0.1111,0.0701,0.1317,0.0914
0.0989,0.0781,0.1419,0.1078
0.0806,0.0907,0.1195,0.0979
0.0992,0.0726,0.083,0.0835
0.1151,0.1127,0.1253,0.096
0.1008,0.0657,0.1083,0.0692
0.0741,0.0638,0.0943,0.0792
0.1183,0.0962,0.1264,0.1048
0.0973,0.0724,0.0843,0.069
0.0748,0.0666,0.0721,0.0685
0.0761,0.0641,0.0935,0.0662
0.08,0.079,0.092,0.0684
0.0758,0.0619,0.0708,0.0662
0.083,0.0679,0.0914,0.0745
0.0802,0.0701,0.0745,0.0752
0.077,0.0702,0.0667,0.0689
0.0782,0.0856,0.1011,0.0825
0.078,0.0922,0.1241,0.1007
0.1047,0.0697,0.1135,0.0708
0.1232,0.0829,0.0996,0.0795
0.097,0.0764,0.0725,0.066
0.071,0.0843,0.1012,0.0742
0.1067,0.0672,0.0903,0.0712
0.0761,0.06,0.073,0.0681
0.0993,0.0883,0.0979,0.0966
0.0763,0.0612,0.0904,0.0647
0.0926,0.0737,0.0791,0.0689
0.1011,0.0826,0.0961,0.083
0.0878,0.0766,0.097,0.0813
0.0761,0.0681,0.0772,0.0753
0.0758,0.0687,0.0878,0.0744
0.085,0.0843,0.1073,0.0817
0.094,0.0727,0.0986,0.0694
0.0884,0.0798,0.0849,0.0701
0.1145,0.0754,0.1437,0.1087
0.0823,0.0729,0.0853,0.0732
0.1013,0.0743,0.0858,0.085
0.0947,0.0774,0.1035,0.0703
0.0772,0.0727,0.0793,0.0664
0.0662,0.0597,0.0827,0.0709
0.0857,0.0665,0.084,0.0777
0.0837,0.0719,0.073,0.0679
0.0947,0.0895,0.0986,0.0969
0.0861,0.0707,0.1047,0.0736
0.0821,0.085,0.1026,0.0778
0.0954,0.0807,0.0843,0.063
0.0848,0.0672,0.0883,0.0644
0.0831,0.0807,0.0882,0.0759
0.1044,0.0922,0.1261,0.1093
0.0681,0.0619,0.082,0.0754
0.0741,0.0907,0.1143,0.0928
0.0861,0.0671,0.0709,0.0878
0.1199,0.0864,0.1347,0.1053
0.0666,0.062,0.0854,0.0614
0.0898,0.0692,0.0885,0.0676
0.0816,0.0951,0.11,0.0845
0.0756,0.069,0.0644,0.0665
0.0769,0.0693,0.0937,0.0813
0.0932,0.0719,0.076,0.068
0.0746,0.0731,0.0693,0.0635
0.0853,0.0858,0.0813,0.0797
0.0833,0.0745,0.0997,0.0772
0.08,0.0672,0.0917,0.0638
0.0897,0.0746,0.0734,0.0724
0.0805,0.0682,0.0857,0.0748
0.1151,0.0908,0.1255,0.1076
0.0753,0.0915,0.1128,0.0866
0.0734,0.0777,0.0864,0.0778
0.076,0.0665,0.086,0.0598
0.084,0.0856,0.0962,0.0846
0.0875,0.0735,0.0698,0.0683
0.0751,0.0593,0.0887,0.0732
0.081,0.0889,0.1035,0.0839
0.0982,0.0754,0.0919,0.0801
0.0789,0.0697,0.0893,0.0731
0.0798,0.0689,0.0734,0.0729
0.0842,0.0666,0.0891,0.0639
0.0701,0.0724,0.0627,0.0613
0.0728,0.0655,0.0808,0.0759
0.1061,0.0857,0.1325,0.1042
0.0971,0.0906,0.103,0.0874
0.0986,0.0778,0.0989,0.0799
0.0936,0.077,0.096,0.0879
0.0762,0.0685,0.086,0.0728
0.1093,0.0844,0.1298,0.1059
0.1104,0.0796,0.1319,0.0792
0.0927,0.0943,0.1146,0.0872
0.0891,0.0693,0.0811,0.0922
0.0682,0.0925,0.1086,0.076
0.118,0.0891,0.1153,0.0851
0.1029,0.073,0.0994,0.0724
0.0964,0.081,0.0956,0.0861
0.0883,0.0653,0.0921,0.0731
0.0918,0.0681,0.0695,0.0759
0.0671,0.0685,0.0779,0.0702
0.097,0.0769,0.1428,0.0922
0.0958,0.0664,0.1062,0.0665
0.0811,0.0877,0.1088,0.0719
0.1014,0.07,0.0744,0.0851
0.098,0.1017,0.1194,0.0848
0.0854,0.069,0.0955,0.0652
0.0958,0.0675,0.0957,0.0725
0.084,0.073,0.0755,0.0745
0.0848,0.0822,0.0992,0.0886
0.1081,0.0698,0.0897,0.084
0.092,0.0828,0.0964,0.0859
0.0768,0.0654,0.0889,0.0666
0.0697,0.0606,0.0576,0.0619
0.0749,0.0617,0.0681,0.067
0.0797,0.0659,0.069,0.0637
0.0869,0.064,0.0979,0.0692
0.0877,0.0907,0.0902,0.0832
0.0839,0.0641,0.0773,0.0861
0.0748,0.0674,0.0888,0.0692
0.0881,0.0705,0.0895,0.0882
0.0823,0.0756,0.0771,0.0852
0.0787,0.0712,0.071,0.0727
0.08,0.0719,0.0637,0.0725
0.088,0.0749,0.1026,0.0722
0.1057,0.0695,0.0836,0.092
0.0929,0.0656,0.0956,0.0716
0.1039,0.0705,0.0934,0.0753
0.0816,0.0714,0.0861,0.0607
0.0903,0.064,0.1064,0.0682
0.075,0.0673,0.0693,0.0714
0.0835,0.0733,0.0742,0.0685
0.0769,0.0659,0.0697,0.0767
0.0726,0.0662,0.0893,0.0759
0.0885,0.069,0.0767,0.0733
0.0784,0.0779,0.1054,0.0804
0.097,0.0747,0.0907,0.0938
0.0903,0.0705,0.0816,0.0779
0.0788,0.0684,0.0923,0.067
0.0818,0.0745,0.067,0.0695
0.079,0.0787,0.0962,0.0842
0.0823,0.0711,0.0657,0.0743
0.0959,0.0924,0.1323,0.0812
0.1066,0.0826,0.0879,0.0762
0.0983,0.0913,0.0916,0.0796
0.0843,0.0745,0.0723,0.0719
0.0889,0.0861,0.098,0.0818
0.0714,0.0935,0.1091,0.0849
0.1073,0.0864,0.0834,0.0884
0.0791,0.0682,0.093,0.0704
0.0907,0.0883,0.0842,0.0787
0.0858,0.106,0.1133,0.0974
0.0799,0.0852,0.0989,0.0861
0.0796,0.0629,0.0712,0.0659
0.1086,0.0908,0.1276,0.0998
0.1027,0.0742,0.0713,0.0831
0.0848,0.075,0.1018,0.0862
0.0845,0.0639,0.0895,0.0683
0.0932,0.0637,0.0844,0.0636
0.0958,0.0793,0.0916,0.0848
0.0953,0.0894,0.0967,0.0939
0.1215,0.1017,0.1374,0.1142
0.0978,0.0678,0.0766,0.0807
0.0858,0.0701,0.0927,0.0721
0.0709,0.0918,0.109,0.0876
0.0912,0.0764,0.1414,0.0859
0.0786,0.0674,0.0868,0.0654
0.074,0.0687,0.0836,0.0672
0.1008,0.0838,0.131,0.0968
0.1032,0.0811,0.1442,0.1012
0.0759,0.0938,0.1171,0.0794
0.0811,0.0742,0.0705,0.0614
0.0836,0.0726,0.0964,0.0746
0.1035,0.083,0.1426,0.1047
0.085,0.0681,0.0917,0.0786
0.1035,0.0783,0.1298,0.1007
0.0744,0.0687,0.0715,0.0702
0.0876,0.0801,0.0999,0.0905
0.1234,0.0813,0.1431,0.1112
0.0746,0.0731,0.07,0.0675
0.077,0.0688,0.0781,0.0769
0.1004,0.0646,0.1023,0.0761
0.0824,0.1015,0.1186,0.087
0.0892,0.0829,0.0964,0.0789
0.0873,0.0681,0.0808,0.0748
0.0737,0.0975,0.1118,0.0872
0.1003,0.0648,0.105,0.0679
0.0706,0.0649,0.078,0.0633
0.0743,0.0664,0.0761,0.0661
0.106,0.0904,0.0998,0.0918
0.0778,0.0512,0.0811,0.0675
0.0734,0.0711,0.0698,0.0575
0.1031,0.0929,0.134,0.0937
0.0859,0.0694,0.0721,0.0735
0.1039,0.0784,0.1298,0.0979
0.0803,0.0673,0.068,0.0756
0.1078,0.0736,0.0939,0.0757
0.1044,0.0766,0.1353,0.1089
0.096,0.0719,0.0818,0.0931
0.0941,0.0678,0.0843,0.0897
0.0982,0.0715,0.1149,0.0779
0.0759,0.0629,0.0808,0.0768
0.1016,0.0806,0.1404,0.1017
0.1207,0.0889,0.1274,0.1049
0.0935,0.0783,0.1024,0.0829
0.1221,0.0862,0.1502,0.1112
0.0942,0.0708,0.0872,0.0827
0.0887,0.0664,0.0788,0.0706
0.0734,0.0583,0.0761,0.0643
0.0949,0.0712,0.1127,0.0708
0.0753,0.07,0.1005,0.0805
0.0778,0.0632,0.0791,0.075
0.0769,0.0661,0.0704,0.0656
0.0886,0.0706,0.0754,0.0677
0.1062,0.0685,0.0916,0.0672
0.0667,0.0676,0.0797,0.0719
0.0896,0.0926,0.0933,0.0885
0.0993,0.083,0.1238,0.1015
0.0983,0.0829,0.1169,0.0889
0.0735,0.065,0.0846,0.065
0.1233,0.0935,0.1263,0.0893
0.0915,0.0732,0.086,0.0772
0.0892,0.0752,0.0695,0.0795
0.0762,0.0674,0.076,0.0694
0.0641,0.0739,0.1019,0.075
0.0885,0.0679,0.0886,0.0884
0.0919,0.0788,0.0833,0.0933
0.0886,0.0671,0.1023,0.0746
0.0998,0.0658,0.1072,0.0758
0.0799,0.0735,0.1019,0.0758
0.0821,0.0777,0.0947,0.073
0.0912,0.0855,0.0985,0.0969
0.0858,0.0673,0.075,0.0683
0.0713,0.0801,0.0836,0.0799
0.1202,0.0821,0.1399,0.1001
0.0826,0.0624,0.0717,0.0719
0.0855,0.0843,0.0988,0.0883
0.0903,0.0867,0.0965,0.0799
0.0873,0.0678,0.0635,0.0692
0.0734,0.0638,0.0827,0.0783
0.0789,0.0685,0.0955,0.0697
0.0817,0.0657,0.0697,0.0654
0.0861,0.0759,0.0979,0.0771
0.0858,0.0722,0.0751,0.071
0.0917,0.0678,0.0885,0.0809
0.0745,0.0656,0.0705,0.0755
0.093,0.0781,0.0824,0.0756
0.0762,0.072,0.0943,0.0841
0.0816,0.0716,0.0925,0.0738
0.0833,0.0827,0.0878,0.0813
0.0879,0.0695,0.0933,0.0659
0.09,0.0717,0.0834,0.0865
0.0756,0.0653,0.0811,0.0734
0.0975,0.076,0.098,0.071
0.0798,0.0687,0.0693,0.0623
0.0864,0.0685,0.0764,0.0659
0.095,0.0822,0.1052,0.0636
0.0798,0.0648,0.0951,0.0688
0.0909,0.0857,0.0825,0.066
0.0882,0.0692,0.0795,0.0704
0.0726,0.0646,0.0807,0.0755
0.0797,0.0698,0.0681,0.0642
0.0938,0.0793,0.1405,0.0923
0.0847,0.0695,0.0727,0.0749
0.0694,0.0665,0.0948,0.0812
0.0811,0.0683,0.0676,0.076
0.1049,0.0788,0.1102,0.0993
0.0861,0.0793,0.0893,0.0806
0.0901,0.0824,0.0937,0.0915
0.0724,0.0895,0.1153,0.0874
0.0903,0.0671,0.0769,0.0745
0.0896,0.0729,0.0855,0.0704
0.0866,0.0815,0.0975,0.096
0.0983,0.0755,0.1222,0.0936
0.1007,0.0917,0.1014,0.0949
0.0755,0.0694,0.0875,0.0676
0.0997,0.0827,0.1042,0.0709
0.0746,0.0647,0.0817,0.082
0.0908,0.0834,0.1251,0.0987
0.0829,0.0755,0.0796,0.0659
0.0789,0.0697,0.0661,0.0635
0.1133,0.09,0.1519,0.0891
0.0824,0.0696,0.0732,0.0716
0.0835,0.0635,0.0829,0.0828
0.0772,0.0638,0.0638,0.0679
0.1087,0.0824,0.1383,0.1023
0.0852,0.065,0.0789,0.0663
0.0739,0.0744,0.096,0.079
0.0827,0.0608,0.074,0.0711
0.1053,0.068,0.0914,0.0711
0.0765,0.0651,0.0827,0.0795
0.1033,0.0849,0.0955,0.0995
0.0999,0.0843,0.1346,0.1023
0.087,0.0702,0.0909,0.0637
0.0704,0.0789,0.0735,0.0649
0.0942,0.093,0.1292,0.0877
0.0704,0.0595,0.073,0.0637
0.0845,0.068,0.0817,0.0629
0.111,0.0866,0.1256,0.104
0.1043,0.08,0.1245,0.1049
0.0941,0.078,0.1082,0.0947
0.0817,0.0853,0.0912,0.0764
0.092,0.0809,0.0949,0.0838
0.1119,0.0792,0.1315,0.1031
0.0873,0.0785,0.1065,0.0848
0.0741,0.075,0.0959,0.0744
0.0865,0.0747,0.0831,0.088
0.0751,0.0809,0.1068,0.0728
0.0901,0.0807,0.11,0.0754
0.0965,0.0952,0.1028,0.0957
0.0898,0.0815,0.0956,0.0758
0.1064,0.0799,0.1016,0.0842
0.0679,0.0712,0.1004,0.0702
0.0696,0.0689,0.089,0.0739
0.0738,0.0667,0.0809,0.0699
0.0811,0.0684,0.0657,0.0683
0.0789,0.0694,0.0603,0.0704
0.0936,0.0913,0.1023,0.0901
0.0959,0.0684,0.0823,0.0591
0.0845,0.073,0.0773,0.0667
0.0885,0.0675,0.0887,0.0764
0.103,0.076,0.0881,0.0781
0.0994,0.076,0.1018,0.0696
0.1076,0.0933,0.1136,0.0855
0.0818,0.0723,0.0772,0.0683
0.0735,0.0885,0.0983,0.0724
0.1068,0.0768,0.1142,0.0725
0.0914,0.0745,0.1061,0.0728
0.0692,0.0599,0.0621,0.0633
0.0841,0.0741,0.0824,0.0629
0.0807,0.0691,0.0754,0.0689
0.1239,0.0842,0.1568,0.1086
0.1052,0.0788,0.0832,0.0713
0.0771,0.0681,0.0845,0.0739
0.0746,0.1012,0.1278,0.0953
0.0711,0.0812,0.1007,0.0712
0.0844,0.0702,0.0712,0.068
0.1034,0.0785,0.1253,0.1057
0.0914,0.0741,0.0944,0.0781
0.0778,0.0683,0.078,0.0642
0.0941,0.0719,0.1027,0.0722
0.1028,0.0789,0.1265,0.0967
0.0864,0.0884,0.101,0.0881
0.1244,0.0946,0.1435,0.1054
0.0811,0.08,0.0939,0.0705
0.0796,0.0736,0.0864,0.0763
0.0908,0.0703,0.0764,0.0663
0.0996,0.0819,0.13,0.1017
0.0769,0.0912,0.1076,0.076
0.0914,0.0684,0.0917,0.0706
0.0895,0.0826,0.1006,0.0864
0.1176,0.0666,0.1209,0.0674
0.0968,0.0802,0.0901,0.093
0.0791,0.093,0.1108,0.0786
0.0896,0.0703,0.0887,0.0672
0.0711,0.0904,0.1153,0.083
0.0857,0.0779,0.0935,0.0854
0.0812,0.0818,0.105,0.0869
0.0753,0.0791,0.0838,0.0823
0.1033,0.0728,0.0852,0.0862
0.1042,0.0775,0.1402,0.0976
0.1006,0.0778,0.0961,0.0821
0.0754,0.0582,0.088,0.0648
0.08,0.0638,0.1007,0.0717
0.1119,0.086,0.1098,0.0938
0.0804,0.0685,0.0723,0.0749
0.0856,0.0726,0.0782,0.0719
0.081,0.099,0.1075,0.0842
0.1054,0.0746,0.1035,0.0728
0.0856,0.0661,0.075,0.0725
0.0717,0.0627,0.0853,0.0716
0.0703,0.0655,0.0713,0.0638
0.0915,0.0896,0.1247,0.0837
0.0797,0.0658,0.0984,0.0703
0.0816,0.0801,0.0924,0.0658
0.078,0.0608,0.0701,0.0742
0.0875,0.0803,0.1031,0.089
0.0822,0.0763,0.0871,0.0785
0.0793,0.0692,0.0882,0.0727
0.1151,0.0773,0.089,0.0681
0.0662,0.0868,0.1118,0.0843
0.0856,0.077,0.0746,0.0878
0.0751,0.0678,0.0769,0.0726
0.1024,0.0679,0.0844,0.0847
0.1292,0.0855,0.1494,0.1058
0.0796,0.0772,0.1051,0.0814
0.0834,0.069,0.1038,0.0787
0.0837,0.0694,0.0966,0.0696
0.086,0.0743,0.1229,0.0793
0.106,0.0821,0.077,0.0707
0.0863,0.0733,0.0769,0.0665
0.0743,0.0627,0.0774,0.0701
0.0724,0.0644,0.0814,0.0705
0.0824,0.0642,0.0927,0.0624
0.0878,0.0624,0.0951,0.0711
0.0939,0.0728,0.0878,0.081
0.0815,0.0661,0.082,0.0819
0.0754,0.0614,0.0692,0.0644
0.0937,0.0812,0.091,0.0792
0.0835,0.0715,0.0923,0.0686
0.0827,0.0693,0.0913,0.0767
0.0776,0.0722,0.0829,0.0768
0.0733,0.0898,0.117,0.0868
0.0767,0.0739,0.072,0.0644
0.0885,0.071,0.0708,0.0656
0.0865,0.0663,0.0736,0.0669
0.0874,0.0663,0.0839,0.0645
0.0835,0.0654,0.0887,0.0639
0.0802,0.0664,0.0719,0.0754
0.0839,0.084,0.1056,0.0727
0.1077,0.0764,0.1124,0.071
0.0946,0.0754,0.0899,0.0897
0.0783,0.0609,0.0839,0.0793
0.0921,0.0672,0.0756,0.0712
0.1084,0.0859,0.1096,0.0868
0.1044,0.0731,0.0916,0.0674
0.1048,0.0855,0.1605,0.0912
0.1059,0.0903,0.1409,0.104
0.0931,0.0764,0.0837,0.0678
0.0834,0.0757,0.0939,0.0837
0.0752,0.0908,0.1128,0.0836
0.0749,0.0661,0.0849,0.063
0.075,0.0643,0.0748,0.0674
0.0902,0.0608,0.0897,0.0635
0.0989,0.0942,0.1001,0.0808
0.091,0.0718,0.0987,0.0845
0.073,0.0902,0.108,0.0856
0.0782,0.0787,0.1005,0.082
0.0776,0.0633,0.0737,0.0633
0.0817,0.0775,0.1037,0.0813
0.0732,0.0652,0.0727,0.0721
0.101,0.0836,0.0899,0.0789
0.0921,0.0823,0.1138,0.0746
0.0918,0.0638,0.1053,0.0647
0.1079,0.0913,0.1295,0.0764
0.1069,0.0704,0.0826,0.0903
0.0828,0.0633,0.0707,0.0784
0.1123,0.0842,0.1358,0.101
0.0823,0.0668,0.0883,0.0616
0.0884,0.0668,0.1077,0.0723
0.0901,0.0802,0.079,0.0694
0.0839,0.0679,0.0932,0.0742
0.081,0.0906,0.1105,0.0746
0.0863,0.063,0.0863,0.0646
0.0728,0.0773,0.0858,0.0714
0.1035,0.0926,0.1358,0.0824
0.1217,0.1037,0.1602,0.099
0.0751,0.058,0.0798,0.0683
0.1033,0.0816,0.1362,0.086
0.1014,0.0852,0.1209,0.0968
0.072,0.0677,0.0832,0.077
0.0807,0.0903,0.0847,0.0789
0.0859,0.0688,0.0893,0.0651
0.1085,0.086,0.1539,0.0819
0.0794,0.0635,0.0827,0.0783
0.082,0.0812,0.084,0.0756
0.1324,0.0953,0.1266,0.0995
0.0805,0.0724,0.0892,0.0646
0.089,0.0699,0.0726,0.0716
0.0766,0.0762,0.1001,0.0757
0.1299,0.086,0.169,0.1056
0.1083,0.0775,0.1366,0.1134
0.0799,0.072,0.0666,0.074
0.0926,0.0771,0.0744,0.0667
0.1215,0.0897,0.1353,0.1024
0.0805,0.0673,0.0727,0.073
0.1003,0.0788,0.0889,0.0801
0.0776,0.063,0.0704,0.0705
0.1082,0.0815,0.1127,0.0888
0.0651,0.0675,0.0867,0.0707
0.1051,0.0808,0.1459,0.1045
0.099,0.0799,0.0689,0.0685
0.0959,0.0703,0.0861,0.0814
0.0948,0.0783,0.1301,0.072
0.085,0.0777,0.0973,0.0656
0.0751,0.0722,0.0847,0.0678
0.0807,0.066,0.0881,0.0725
0.0793,0.0678,0.0858,0.0756
0.0859,0.076,0.088,0.0653
0.1185,0.082,0.113,0.0879
0.1078,0.0845,0.1044,0.0933
0.0773,0.0804,0.0847,0.0758
0.0883,0.0723,0.0703,0.0586
0.071,0.0672,0.0866,0.0691
0.0829,0.0682,0.0984,0.0749
0.0996,0.0856,0.1327,0.1028
0.0901,0.0973,0.1297,0.0931
0.0856,0.068,0.0796,0.0723
0.0839,0.0625,0.0846,0.0681
0.0753,0.0728,0.0756,0.068
0.0785,0.0645,0.0716,0.0666
0.081,0.0741,0.091,0.0691
0.1008,0.0761,0.0898,0.0632
0.1114,0.086,0.149,0.108
0.0817,0.0794,0.0985,0.0921
0.0913,0.0724,0.0701,0.0712
0.0885,0.0681,0.0769,0.0615
0.1,0.067,0.086,0.0848
0.0992,0.0726,0.0777,0.0652
0.0765,0.0752,0.0982,0.0702
0.0891,0.0869,0.1227,0.0819
0.1029,0.0825,0.1013,0.0671
0.0873,0.0871,0.1073,0.0968
0.0753,0.0699,0.0709,0.0671
0.1292,0.0886,0.0939,0.0797
0.0761,0.0749,0.0885,0.0782
0.0751,0.0626,0.0733,0.0668
0.0781,0.0772,0.1071,0.0795
0.1054,0.0663,0.123,0.0731
0.1082,0.0779,0.1321,0.099
0.0957,0.0764,0.0851,0.0679
0.069,0.0641,0.0799,0.0642
0.0766,0.0952,0.1209,0.0858
0.0754,0.0918,0.1204,0.0819
0.0766,0.068,0.0683,0.0713
0.084,0.0732,0.1001,0.0833
0.0753,0.0764,0.107,0.0777
0.0968,0.0937,0.1011,0.0969
0.0731,0.0657,0.0777,0.0625
0.1083,0.0799,0.1311,0.1037
0.1022,0.0901,0.1068,0.0849
0.0986,0.0793,0.0965,0.0832
0.0853,0.0747,0.0907,0.0741
0.0837,0.0729,0.0727,0.069
0.0701,0.065,0.0872,0.0741
0.0799,0.0659,0.0738,0.0793
0.0828,0.0949,0.1174,0.0916
0.09,0.1048,0.1026,0.0818
0.1075,0.084,0.1262,0.1075
0.0772,0.0768,0.0864,0.0748
0.0728,0.0916,0.1166,0.0816
0.0761,0.0612,0.0791,0.0798
0.0915,0.0693,0.0785,0.0705
0.0764,0.0624,0.0705,0.07
0.0818,0.0597,0.0768,0.0776
0.0929,0.0627,0.0779,0.0801
0.1083,0.0828,0.1429,0.091
0.0883,0.0756,0.0737,0.0766
0.0753,0.0744,0.0884,0.0769
0.0795,0.0716,0.0914,0.0742
0.0777,0.0648,0.0852,0.0727
0.0927,0.0699,0.1012,0.0638
0.0787,0.0694,0.062,0.066
0.0871,0.0847,0.0962,0.0956
0.0804,0.0735,0.0643,0.0678
0.1009,0.073,0.0886,0.0741
0.0906,0.0681,0.0776,0.0764
0.0928,0.0732,0.0844,0.0777
0.0848,0.0694,0.0903,0.0743
0.0746,0.0636,0.07,0.0645
0.0806,0.0639,0.0909,0.0649
0.0874,0.0836,0.1014,0.0753
0.0704,0.0736,0.0984,0.0811
0.1025,0.0789,0.0892,0.0874
0.0868,0.0678,0.0745,0.0721
0.0849,0.0646,0.0903,0.0629
0.0801,0.0673,0.0998,0.0707
0.0939,0.0755,0.1043,0.086
0.0875,0.0682,0.0775,0.0708
0.0708,0.0596,0.0635,0.0641
0.1012,0.0773,0.1293,0.0998
0.0865,0.0843,0.0824,0.0762
0.0849,0.0698,0.1011,0.081
0.0708,0.0754,0.087,0.0768
0.1002,0.0662,0.0985,0.0745
0.1014,0.0641,0.0857,0.0682
0.0902,0.0915,0.0935,0.0853
0.1042,0.0658,0.0916,0.0724
0.0885,0.0795,0.0875,0.0666
0.0858,0.0693,0.0889,0.0659
0.0923,0.0764,0.0885,0.0797
0.0982,0.0774,0.0906,0.0766
0.0989,0.0846,0.1062,0.0804
0.1199,0.0889,0.1146,0.098
0.1014,0.0802,0.1375,0.1043
0.0781,0.0874,0.1067,0.0747
0.1048,0.0824,0.0951,0.0696
0.0772,0.0704,0.0907,0.0658
0.0947,0.0809,0.0748,0.0739
0.0704,0.0731,0.0854,0.0737
0.0914,0.1029,0.1311,0.0843
0.0803,0.0688,0.0979,0.0739
0.0918,0.0827,0.1014,0.0747
0.0851,0.0725,0.073,0.062
0.0843,0.0685,0.0901,0.0759
0.1071,0.0841,0.1443,0.114
0.083,0.0809,0.0783,0.0713
0.0913,0.0674,0.068,0.0681
0.074,0.0678,0.0862,0.071
0.088,0.0658,0.091,0.0701
0.0926,0.0695,0.0825,0.073
0.0752,0.0926,0.1118,0.0871
0.0841,0.0783,0.1045,0.0834
0.0699,0.0959,0.1038,0.0881
0.1042,0.0787,0.137,0.1036
0.082,0.0647,0.0851,0.0754
0.0855,0.0672,0.0715,0.0736
0.0706,0.0865,0.0962,0.0723
0.0958,0.0779,0.1006,0.0888
0.1146,0.0793,0.1,0.0843
0.1077,0.0806,0.0978,0.1096
0.0886,0.0752,0.0966,0.0665
0.0848,0.0819,0.1081,0.0923
0.1112,0.0853,0.1013,0.0835
0.0751,0.0892,0.1161,0.0793
0.0806,0.0817,0.0955,0.0794
0.1151,0.086,0.1145,0.0909
0.1112,0.0772,0.1395,0.1088
0.0855,0.0762,0.071,0.0747
0.0772,0.0759,0.105,0.083
0.0785,0.0764,0.0855,0.0718
0.0846,0.069,0.0749,0.075
0.0656,0.0613,0.0816,0.0663
0.1107,0.0786,0.141,0.1037
0.0965,0.0608,0.1195,0.0778
0.0938,0.0852,0.0967,0.0864
0.0899,0.0677,0.0721,0.0706
0.0871,0.0738,0.096,0.0794
0.1221,0.0941,0.1463,0.0838
0.1045,0.0815,0.1,0.0855
0.0741,0.0651,0.0819,0.074
0.0806,0.0677,0.0896,0.0725
0.0924,0.0651,0.1002,0.0665
0.0807,0.0669,0.0654,0.0754
0.0912,0.0668,0.0913,0.068
0.0928,0.0695,0.0879,0.0804
0.0816,0.0635,0.0751,0.0683
0.0813,0.0714,0.0634,0.0676
0.0818,0.0703,0.0776,0.0699
0.1287,0.0883,0.158,0.107
0.0754,0.0647,0.1016,0.0885
0.077,0.0802,0.0949,0.0782
0.0862,0.0743,0.0961,0.0769
0.0811,0.0661,0.0658,0.0715
0.0978,0.0668,0.0942,0.0986
0.1066,0.0784,0.094,0.0745
0.0879,0.0668,0.0794,0.0762
0.086,0.0695,0.0782,0.0751
0.0855,0.0702,0.0731,0.0738
0.0934,0.1071,0.1112,0.0849
0.1021,0.0827,0.0965,0.0816
0.0896,0.099,0.1289,0.0796
0.0727,0.0666,0.0728,0.0661
0.1336,0.0856,0.1536,0.1122
0.0834,0.0718,0.0877,0.0628
0.08,0.0673,0.0636,0.0634
0.0816,0.0677,0.0713,0.0707
0.0917,0.0764,0.0899,0.0905
0.0666,0.0607,0.0696,0.0631
0.0859,0.0737,0.0704,0.0709
0.0791,0.0621,0.0823,0.0647
0.1004,0.1023,0.103,0.1022
0.0924,0.0681,0.0702,0.0658
0.0738,0.0613,0.0777,0.0707
0.092,0.0862,0.1003,0.0673
0.0733,0.0636,0.0771,0.0724
0.107,0.0734,0.1145,0.0738
0.1041,0.079,0.0851,0.0965
0.1121,0.0785,0.1279,0.1032
0.0928,0.0711,0.0944,0.0737
0.0813,0.0862,0.1095,0.075
0.0861,0.0853,0.1033,0.0834
0.0752,0.07,0.0916,0.068
0.1181,0.1092,0.1263,0.0967
0.1112,0.082,0.1111,0.0779
0.1055,0.0774,0.0827,0.0683
0.0716,0.0834,0.0885,0.0815
0.0881,0.0701,0.0981,0.0695
0.1066,0.0754,0.1348,0.0945
0.0833,0.0716,0.0708,0.0694
0.1015,0.0972,0.1341,0.0848
0.0785,0.0904,0.0944,0.084
0.0839,0.0667,0.0795,0.078
0.0793,0.0713,0.0725,0.0605
0.0934,0.0873,0.1029,0.1103
0.1157,0.0852,0.1126,0.0975
0.0868,0.0647,0.0861,0.0647
0.0835,0.0769,0.0986,0.0765
0.0893,0.0773,0.1315,0.0965
0.0838,0.0808,0.1001,0.0851
0.0826,0.066,0.1018,0.094
0.1415,0.0966,0.1309,0.0951
0.1016,0.0674,0.0819,0.0607
0.0767,0.0667,0.0702,0.0675
0.1039,0.0817,0.1228,0.1001
0.1345,0.097,0.1261,0.0924
0.0884,0.0881,0.1051,0.1011
0.071,0.0643,0.0822,0.0671
0.091,0.0734,0.0935,0.0717
0.0791,0.0684,0.085,0.0644
0.0883,0.0748,0.0849,0.0842
0.0796,0.0653,0.064,0.0855
0.064,0.0561,0.069,0.0681
0.0765,0.0638,0.0719,0.0664
0.0702,0.0779,0.0894,0.0688
0.077,0.0822,0.0807,0.0773
0.0764,0.0644,0.0707,0.0671
0.1091,0.0783,0.1304,0.1051
0.0929,0.0736,0.098,0.0714
0.1146,0.0836,0.124,0.099
0.1102,0.0908,0.0986,0.0884
0.0743,0.0643,0.075,0.0678
0.0846,0.0746,0.0727,0.0631
0.0876,0.0687,0.0788,0.068
0.078,0.0698,0.0707,0.0613
0.0737,0.0645,0.0768,0.0706
0.0865,0.0715,0.0739,0.0725
0.0737,0.0644,0.0815,0.0776
0.1009,0.0729,0.1243,0.0944
0.1007,0.0962,0.0985,0.0896
0.0862,0.0652,0.0974,0.0748
0.0944,0.0794,0.0864,0.076
0.1123,0.089,0.1603,0.0894
0.0735,0.0616,0.0853,0.071
0.0928,0.0674,0.0955,0.064
0.1183,0.0809,0.1534,0.1035
0.0802,0.0729,0.0754,0.0644
0.1028,0.0734,0.0742,0.0628
0.0764,0.074,0.0693,0.0622
0.0873,0.0821,0.1084,0.0894
0.0901,0.0719,0.0989,0.0747
0.0804,0.0682,0.0783,0.067
0.1111,0.0824,0.1455,0.0991
0.0826,0.0725,0.0918,0.0892
0.079,0.0779,0.0866,0.0757
0.1039,0.0788,0.1318,0.1008
0.0701,0.0707,0.0908,0.0775
0.1123,0.0711,0.0971,0.0783
0.0753,0.068,0.0725,0.0708
0.0775,0.0766,0.0941,0.0819
0.0757,0.0639,0.0841,0.0715
0.0814,0.0845,0.1105,0.0716
0.0717,0.0717,0.0701,0.0612
0.0787,0.0786,0.0862,0.0745
0.0914,0.0699,0.0717,0.0772
0.082,0.0617,0.0865,0.0677
0.1168,0.1048,0.1054,0.1131
0.0876,0.0913,0.0915,0.0842
0.1014,0.0721,0.0884,0.0918
0.0827,0.0685,0.0803,0.0655
0.0753,0.0726,0.0727,0.0733
0.0862,0.0738,0.072,0.0685
0.078,0.0712,0.102,0.0759
0.0917,0.0763,0.0832,0.0722
0.0887,0.0853,0.0944,0.0849
0.0846,0.0726,0.077,0.0721
0.0931,0.0635,0.0722,0.088
0.1051,0.0828,0.138,0.1045
0.1048,0.0784,0.0987,0.0928
0.1047,0.0899,0.106,0.0985
0.0972,0.0759,0.0897,0.0642
0.0791,0.0752,0.0922,0.0677
0.0866,0.0744,0.0698,0.0776
0.0979,0.0779,0.1069,0.0865
0.0707,0.0929,0.1043,0.0856
0.0881,0.0656,0.088,0.0849
0.0923,0.0895,0.0923,0.081
0.0869,0.0839,0.0956,0.083
0.0838,0.069,0.0698,0.0859
0.0814,0.065,0.0702,0.0739
0.0803,0.0751,0.0976,0.0946
0.089,0.0733,0.069,0.0671
0.0724,0.0716,0.0722,0.0707
0.0921,0.0779,0.1054,0.0808
0.081,0.0658,0.0878,0.0719
0.0814,0.0765,0.0907,0.0824
0.1029,0.0807,0.0645,0.0676
0.092,0.0693,0.0879,0.0693
0.0908,0.0702,0.0768,0.0634
0.0984,0.0775,0.0827,0.0989
0.0893,0.0657,0.1007,0.0746
0.0897,0.066,0.0908,0.0682
0.1109,0.086,0.1317,0.1094
0.0962,0.0741,0.0904,0.0686
0.0938,0.0759,0.0697,0.0651
0.0733,0.0897,0.1119,0.0805
0.0934,0.0934,0.0962,0.0845
0.0813,0.0922,0.1216,0.0812
0.0754,0.072,0.0671,0.0631
0.0933,0.0732,0.0924,0.078
0.0964,0.0672,0.0905,0.0784
0.1062,0.0708,0.0999,0.0837
0.1146,0.0816,0.1349,0.0932
0.0871,0.0685,0.0937,0.0788
0.093,0.072,0.0963,0.0845
0.0938,0.1054,0.1336,0.1009
0.0694,0.0714,0.0971,0.0783
0.0898,0.0822,0.0991,0.0851
0.1262,0.081,0.1206,0.089
0.0796,0.0631,0.1044,0.0622
0.0924,0.0824,0.0865,0.0768
0.082,0.0596,0.0799,0.0771
0.0787,0.0757,0.072,0.0629
0.0803,0.0644,0.0645,0.0639
0.0853,0.0835,0.1105,0.0718
0.0964,0.0974,0.1242,0.101
0.0947,0.0865,0.0966,0.0858
0.0759,0.0716,0.0673,0.0611
0.0951,0.0656,0.082,0.086
0.0776,0.0671,0.0592,0.0732
0.0677,0.0655,0.0938,0.0834
0.0835,0.0684,0.1036,0.0826
0.0983,0.0817,0.1251,0.0997
0.0869,0.0922,0.1141,0.0797
0.0695,0.0705,0.0891,0.0732
0.081,0.0637,0.0654,0.0676
0.1068,0.0771,0.0919,0.0725
0.0703,0.0678,0.0711,0.0621
0.0784,0.064,0.0873,0.0798
0.0854,0.0813,0.101,0.0864
0.0647,0.0665,0.0775,0.0712
0.0844,0.0814,0.0919,0.0767
0.1146,0.0945,0.1299,0.097
0.0859,0.0712,0.0901,0.0673
0.0896,0.0788,0.0881,0.0907
0.1036,0.0845,0.0891,0.1195
0.0783,0.0655,0.0785,0.0752
0.0743,0.0758,0.0703,0.0697
0.0904,0.0874,0.1062,0.0848
0.0743,0.0886,0.115,0.086
0.0801,0.0709,0.0935,0.0864
0.0871,0.0757,0.0923,0.0666
0.087,0.0705,0.0925,0.0736
0.0711,0.0764,0.1025,0.0754
0.0782,0.071,0.0728,0.0632
0.0874,0.0696,0.0939,0.0677
0.0777,0.0721,0.0636,0.0648
0.077,0.0653,0.0892,0.0665
0.0988,0.0797,0.0963,0.0756
0.073,0.0628,0.0905,0.0741
0.0808,0.0749,0.1011,0.0837
0.0781,0.0679,0.0935,0.072
0.0836,0.0693,0.0652,0.0734
0.0934,0.0735,0.0943,0.0847
0.0928,0.0664,0.0821,0.0846
0.0789,0.0761,0.1035,0.0803
0.0977,0.0942,0.1243,0.1004
0.0837,0.0664,0.0679,0.0692
0.0765,0.0679,0.0784,0.0685
0.0825,0.0699,0.0727,0.0688
0.0828,0.071,0.084,0.0735
0.0821,0.0691,0.0899,0.0683
0.0959,0.0761,0.1338,0.1109
0.1115,0.0892,0.1318,0.0996
0.0943,0.0819,0.0837,0.0744
0.0692,0.0818,0.1033,0.0712
0.0947,0.0754,0.1343,0.1025
0.0822,0.0632,0.0774,0.0627
0.0842,0.0953,0.1152,0.0817
0.0779,0.0637,0.0881,0.0667
0.0794,0.0633,0.0899,0.0786
0.0856,0.0691,0.0783,0.084
0.0872,0.0799,0.0972,0.0833
0.0785,0.0651,0.0748,0.0747
0.1205,0.0862,0.1478,0.1054
0.0812,0.0736,0.078,0.0744
0.1144,0.0803,0.1349,0.1015
0.0974,0.0857,0.0959,0.1106
0.0942,0.0728,0.096,0.0696
0.0908,0.076,0.0962,0.0835
0.0759,0.0896,0.113,0.0839
0.0917,0.0654,0.0823,0.0672
0.0779,0.0711,0.0711,0.0696
0.0782,0.0661,0.1031,0.0921
0.0851,0.0763,0.1008,0.0825
0.0855,0.0753,0.0859,0.0717
0.0901,0.0778,0.0805,0.0609
0.0826,0.067,0.0896,0.0638
0.0983,0.0812,0.129,0.0961
0.0823,0.0701,0.075,0.0713
0.0724,0.0776,0.0713,0.0686
0.0687,0.0668,0.0889,0.0758
0.0784,0.0699,0.0816,0.0593
0.0779,0.0671,0.0702,0.073
0.0799,0.086,0.0882,0.0861
0.0804,0.0874,0.1187,0.0918
0.0739,0.0903,0.1055,0.0838
0.107,0.0627,0.1088,0.0743
0.0912,0.0871,0.0914,0.0832
0.0763,0.0954,0.1209,0.0896
0.0875,0.0669,0.0937,0.0754
0.0868,0.0667,0.084,0.0688
0.0982,0.0648,0.0946,0.0715
0.0849,0.0681,0.0911,0.0619
0.1151,0.1076,0.1285,0.11
0.0876,0.0946,0.1024,0.0987
0.0815,0.0771,0.1025,0.0803
0.0756,0.0598,0.0699,0.0659
0.1056,0.0833,0.0901,0.0789
0.1002,0.0718,0.0682,0.0794
0.0911,0.0759,0.0903,0.0832
0.0811,0.065,0.0861,0.0612
0.082,0.0727,0.0662,0.0784
0.0776,0.0676,0.0696,0.0677
0.0972,0.0801,0.088,0.1017
0.1055,0.0939,0.1326,0.1075
0.0976,0.0752,0.1225,0.0969
0.0761,0.0705,0.0846,0.0571
0.0761,0.0742,0.0988,0.0787
0.0856,0.0862,0.1072,0.0791
0.0775,0.0704,0.0702,0.0729
0.1057,0.0856,0.0926,0.0833
0.0783,0.0661,0.0828,0.0669
0.0936,0.0893,0.1304,0.0788
0.0766,0.0825,0.1031,0.0704
0.0712,0.0734,0.0932,0.0731
0.0812,0.0744,0.0865,0.0728
0.0975,0.0717,0.0885,0.0733
0.0906,0.074,0.0811,0.0727
0.0917,0.0799,0.0926,0.0743
0.0761,0.0603,0.0689,0.0655
0.1013,0.0915,0.1002,0.0897
0.0939,0.0741,0.0732,0.08
0.081,0.0672,0.0871,0.0666
0.086,0.0776,0.0832,0.0873
0.0846,0.0659,0.0826,0.0724
0.0722,0.0853,0.0973,0.0713
0.0777,0.0788,0.0681,0.0757
0.095,0.0702,0.0983,0.0719
0.1202,0.1222,0.1325,0.1229
0.103,0.084,0.0933,0.0821
0.0941,0.0839,0.079,0.0774
0.0706,0.0875,0.1118,0.0766
0.0763,0.0603,0.0581,0.06
0.0708,0.0637,0.0912,0.0753
0.0796,0.0999,0.1167,0.0849
0.0833,0.072,0.0841,0.0693
0.082,0.0698,0.0894,0.0794
0.1134,0.0883,0.1594,0.0849
0.0651,0.0621,0.0766,0.0646
0.0824,0.0792,0.0775,0.0691
0.0743,0.0664,0.0703,0.0656
0.1084,0.096,0.144,0.1024
0.1008,0.066,0.0744,0.0727
0.0871,0.0712,0.0688,0.0749
0.1089,0.089,0.142,0.0937
0.0737,0.08,0.0762,0.0715
0.0729,0.0662,0.0743,0.068
0.0855,0.071,0.0771,0.0651
0.073,0.0928,0.1002,0.0796
0.0991,0.0838,0.104,0.0946
0.0942,0.0818,0.0839,0.0775
0.0836,0.0634,0.0911,0.0725
0.088,0.0802,0.0809,0.0657
0.0855,0.0746,0.0992,0.0899
0.0871,0.0856,0.096,0.0826
0.0996,0.0903,0.1264,0.092
0.0787,0.0722,0.0651,0.0728
0.0768,0.0776,0.0664,0.0696
0.0902,0.0765,0.084,0.0679
0.1017,0.0738,0.0869,0.0696
0.0821,0.0637,0.0854,0.0854
0.1041,0.069,0.1101,0.0715
0.0936,0.0765,0.1218,0.0897
0.0815,0.078,0.0839,0.0712
0.0835,0.0747,0.0808,0.0743
0.0884,0.0905,0.1113,0.0927
0.0813,0.0747,0.0819,0.0668
0.0803,0.0704,0.0901,0.08
0.0782,0.0774,0.0898,0.0737
0.0785,0.073,0.0877,0.0742
0.0962,0.0881,0.1346,0.1096
0.0722,0.0687,0.0675,0.0654
0.0906,0.0751,0.1359,0.0925
0.0798,0.0672,0.0761,0.0789
0.0826,0.0804,0.1023,0.0798
0.0862,0.0644,0.0777,0.0774
0.1054,0.0804,0.1312,0.0951
0.0818,0.0807,0.0953,0.0699
0.0908,0.0911,0.1008,0.097
0.0735,0.0725,0.0836,0.0656
0.0823,0.0694,0.0605,0.0694
0.093,0.0662,0.1038,0.0711
0.0749,0.0678,0.0728,0.0663
0.0822,0.0722,0.0767,0.0634
0.0812,0.0723,0.0736,0.0761
0.1088,0.0815,0.1322,0.1004
0.0944,0.0715,0.1017,0.0871
0.0841,0.0757,0.0932,0.0922
0.0846,0.0691,0.0711,0.0661
0.1119,0.0867,0.1303,0.1064
0.0852,0.0635,0.0765,0.0669
0.0839,0.0817,0.108,0.0849
0.0826,0.0713,0.0924,0.0695
0.076,0.0816,0.0871,0.0752
0.0745,0.0548,0.0809,0.0649
0.0666,0.0653,0.0795,0.0674
0.0776,0.0821,0.1163,0.0694
0.112,0.0833,0.1631,0.1021
0.0754,0.0713,0.0851,0.0636
0.0899,0.075,0.0974,0.0694
0.1081,0.0885,0.1026,0.0903
0.078,0.0953,0.1046,0.0818
0.084,0.0678,0.0868,0.0704
0.0773,0.0678,0.0671,0.0601
0.0976,0.0767,0.0915,0.0734
0.0832,0.0709,0.078,0.0718
0.0924,0.0757,0.0821,0.0668
0.0809,0.0781,0.0676,0.0717
0.0934,0.0624,0.0942,0.0795
0.0793,0.0698,0.0823,0.0616
0.079,0.0659,0.068,0.0681
0.0922,0.0825,0.1102,0.0856
0.0703,0.0702,0.0685,0.0637
0.0788,0.0714,0.0989,0.0906
0.0863,0.0745,0.0905,0.0804
0.0786,0.0565,0.06,0.0634
0.0737,0.0665,0.0586,0.0668
0.105,0.0696,0.0826,0.0898
0.0955,0.0752,0.1002,0.0728
0.0828,0.0691,0.0841,0.0838
0.0802,0.0766,0.0699,0.0733
0.1224,0.0977,0.1462,0.1083
0.0703,0.047,0.0731,0.0657
0.0944,0.0803,0.0759,0.0829
0.0878,0.0707,0.0724,0.0765
0.0882,0.0699,0.1056,0.069
0.09,0.0864,0.095,0.0976
0.0962,0.0795,0.1324,0.0896
0.0863,0.0625,0.0788,0.0853
0.079,0.0784,0.0856,0.0714
0.1066,0.0738,0.0946,0.0671
0.0982,0.0808,0.131,0.0905
0.0996,0.0781,0.0802,0.0793
0.0824,0.0768,0.0814,0.0862
0.072,0.0746,0.0893,0.0722
0.0785,0.0728,0.1031,0.079
0.1049,0.0743,0.103,0.09
0.0887,0.0876,0.1098,0.0768
0.0898,0.074,0.0885,0.0699
0.0953,0.0835,0.0926,0.0848
0.0819,0.0636,0.0971,0.065
0.102,0.0754,0.0873,0.0629
0.102,0.0818,0.0915,0.0779
0.0798,0.0643,0.0854,0.0641
0.0745,0.0623,0.0784,0.067
0.078,0.0686,0.0838,0.0764
0.0882,0.065,0.114,0.0761
0.0733,0.0667,0.0968,0.0692
0.1172,0.0796,0.1248,0.0961
0.1103,0.0918,0.1381,0.107
0.1113,0.0835,0.1263,0.1004
0.0957,0.0799,0.1169,0.1005
0.098,0.0668,0.0755,0.0849
0.0988,0.0827,0.0894,0.1002
0.0987,0.0744,0.0927,0.0734
0.0851,0.0711,0.0925,0.0763
0.085,0.0699,0.0878,0.0693
0.1038,0.0725,0.1064,0.0797
0.0884,0.0618,0.1077,0.0694
0.0784,0.0668,0.0691,0.0723
0.1085,0.0779,0.0969,0.0801
0.0836,0.0693,0.1024,0.073
0.0804,0.0833,0.1109,0.0829
0.0826,0.0755,0.0762,0.0691
0.1175,0.0845,0.1463,0.0883
0.0828,0.0834,0.0979,0.0812
0.0807,0.0652,0.0761,0.0736
0.1092,0.0812,0.1302,0.1028
0.0956,0.0745,0.0988,0.0808
0.1068,0.0835,0.1131,0.0779
0.0866,0.0758,0.0866,0.0711
0.0781,0.0713,0.0635,0.068
0.103,0.084,0.1325,0.1041
0.0785,0.0743,0.0699,0.0612
0.0994,0.0814,0.0691,0.0707
0.0757,0.0807,0.0867,0.0776
0.0757,0.0665,0.0669,0.0695
0.074,0.0734,0.0811,0.0678
0.0812,0.0677,0.0714,0.0693
0.0768,0.0636,0.0638,0.0647
0.0779,0.079,0.0967,0.0896
0.0754,0.0797,0.0897,0.0817
0.0896,0.068,0.0726,0.0681
0.0775,0.0618,0.0998,0.0671
0.122,0.0859,0.1575,0.1079
0.097,0.0662,0.0949,0.0616
0.0812,0.0787,0.0738,0.0656
0.0798,0.0723,0.102,0.0778
0.0797,0.0821,0.0859,0.0774
0.0806,0.0798,0.097,0.0833
0.0725,0.0641,0.0862,0.0735
0.0756,0.0835,0.1143,0.0773
0.0925,0.0788,0.0775,0.0782
0.0862,0.0721,0.0814,0.0851
0.0813,0.0709,0.0887,0.0661
0.0858,0.0753,0.0739,0.0735
0.0773,0.0837,0.082,0.0832
0.0807,0.0948,0.1063,0.0805
0.0988,0.0786,0.1381,0.1034
0.1034,0.0779,0.1326,0.0756
0.0702,0.0914,0.1267,0.0774
0.0901,0.0797,0.1005,0.0779
0.0986,0.0769,0.081,0.0969
0.0992,0.0816,0.126,0.1031
0.0924,0.0649,0.0961,0.0603
0.0845,0.0799,0.1068,0.0835
0.0854,0.0914,0.0901,0.0809
0.0838,0.0687,0.0869,0.0647
0.0791,0.0977,0.1143,0.084
0.0922,0.0648,0.0737,0.0786
0.0824,0.0644,0.0906,0.066
0.0909,0.069,0.0747,0.0806
0.0892,0.0686,0.0705,0.0686
0.0793,0.069,0.0607,0.0737
0.0797,0.0657,0.0835,0.0798
0.0868,0.0773,0.0819,0.0858
0.091,0.0732,0.0917,0.073
0.0818,0.0695,0.0653,0.0839
0.0919,0.0697,0.0924,0.0796
0.1054,0.0819,0.1628,0.0888
0.0758,0.0664,0.0975,0.0827
0.0997,0.0904,0.0936,0.1021
0.1189,0.0973,0.1417,0.1087
0.0777,0.073,0.0675,0.069
0.0787,0.0751,0.0753,0.0647
0.1235,0.0979,0.146,0.1223
0.0882,0.0809,0.0917,0.0816
0.0769,0.0639,0.0698,0.0639
0.0846,0.0581,0.0818,0.0717
0.1014,0.0873,0.0983,0.1056
0.0914,0.062,0.091,0.0632
0.0935,0.1027,0.0944,0.1015
0.0858,0.0659,0.0846,0.072
0.1129,0.0701,0.1001,0.091
0.097,0.0657,0.0878,0.0658
0.0939,0.0809,0.1025,0.0822
0.0972,0.0777,0.0924,0.0832
0.0992,0.0897,0.0915,0.0999
0.1146,0.0926,0.1406,0.1081
0.1099,0.0944,0.1444,0.102
0.0769,0.0685,0.0864,0.0815
0.0664,0.0638,0.0784,0.0704
0.08,0.0768,0.0736,0.0736
0.1031,0.0861,0.0979,0.0844
0.0854,0.0635,0.0777,0.0793
0.0946,0.0793,0.0909,0.1081
0.0945,0.1097,0.1045,0.0758
0.1117,0.079,0.1454,0.1003
0.0754,0.0656,0.0967,0.07
0.1012,0.0791,0.0984,0.0865
0.0734,0.0697,0.0998,0.0745
0.1084,0.0805,0.1435,0.0921
0.0924,0.0738,0.0817,0.0775
0.0993,0.0666,0.0998,0.0669
0.1021,0.0844,0.0973,0.08
0.0951,0.0633,0.1137,0.0722
0.1035,0.0704,0.1165,0.079
0.0912,0.0678,0.0801,0.0688
0.0792,0.0751,0.083,0.068
0.0771,0.0679,0.0778,0.0698
0.0821,0.1026,0.1302,0.0915
0.0966,0.0739,0.1066,0.0826
0.0818,0.0708,0.0747,0.0735
0.0851,0.0661,0.0607,0.0713
0.112,0.0909,0.0985,0.1054
0.0753,0.0688,0.0657,0.06
0.1025,0.0901,0.096,0.0921
0.0898,0.0715,0.0912,0.0711
0.0932,0.0883,0.0903,0.0743
0.0701,0.0701,0.0771,0.0613
0.0737,0.0597,0.0944,0.0874
0.0858,0.074,0.1061,0.0731
0.0843,0.0709,0.0756,0.0711
0.0856,0.0757,0.0795,0.0875
0.1023,0.0699,0.0899,0.0751
0.0718,0.0911,0.1068,0.0827
0.0873,0.0725,0.0768,0.0689
0.1083,0.0882,0.1483,0.0982
0.0773,0.0782,0.1047,0.0852
0.0913,0.0665,0.0955,0.0668
0.1008,0.0888,0.1323,0.0777
0.0923,0.0756,0.1044,0.0897
0.0783,0.0683,0.0681,0.0726
0.0862,0.0724,0.0774,0.0727
0.1011,0.0807,0.0725,0.0654
0.0891,0.0708,0.0741,0.0678
0.0903,0.071,0.0951,0.0677
0.0916,0.0647,0.1028,0.0739
0.0844,0.0812,0.0832,0.0904
0.0798,0.0578,0.0731,0.0759
0.0799,0.0976,0.1172,0.0904
0.097,0.0769,0.104,0.0853
0.0773,0.076,0.1002,0.0881
0.0891,0.0677,0.0735,0.0711
0.0862,0.0689,0.0754,0.0704
0.0977,0.1096,0.1064,0.0984
0.0839,0.0855,0.1092,0.0732
0.0829,0.0807,0.0901,0.0784
0.1031,0.0877,0.1442,0.0831
0.0828,0.0772,0.0916,0.067
0.1182,0.0803,0.1565,0.0929
0.0832,0.089,0.0878,0.0762
0.074,0.0591,0.0582,0.0621
0.0776,0.0665,0.067,0.0621
0.0967,0.0794,0.1211,0.0996
0.1159,0.0879,0.1557,0.0941
0.0866,0.0652,0.0641,0.0638
0.0826,0.0658,0.088,0.0644
0.0752,0.0902,0.1167,0.0847
0.0698,0.0687,0.0665,0.0635
0.0895,0.0873,0.1102,0.0932
0.0904,0.0623,0.0947,0.0797
0.0908,0.0708,0.0772,0.0743
0.0801,0.0697,0.0686,0.067
0.0882,0.0845,0.1062,0.0824
0.077,0.0716,0.0915,0.0873
0.0796,0.0691,0.0889,0.0701
0.0916,0.0693,0.0869,0.0764
0.107,0.0769,0.1229,0.1062
0.0743,0.0733,0.0712,0.0607
0.0995,0.0829,0.0753,0.0673
0.1207,0.0912,0.1433,0.1074
0.0913,0.0658,0.1116,0.0729
0.0945,0.079,0.0934,0.08
0.0855,0.0826,0.105,0.0868
0.1136,0.0751,0.1047,0.0731
0.0949,0.0783,0.1354,0.1106
0.0897,0.0695,0.0889,0.0657
0.083,0.0702,0.0772,0.0678
0.083,0.0681,0.0971,0.0822
0.0847,0.0683,0.0844,0.0664
0.0791,0.0772,0.1053,0.0828
0.0651,0.0654,0.0606,0.0701
0.0899,0.0692,0.0807,0.0861
0.0949,0.0771,0.1019,0.0765
0.0832,0.064,0.0779,0.0598
0.0816,0.0742,0.0845,0.0676
0.0747,0.088,0.1009,0.074
0.0769,0.0709,0.0695,0.076
0.0845,0.0801,0.0954,0.0873
0.0764,0.0694,0.0849,0.0638
0.0767,0.0672,0.0747,0.0684
0.0994,0.1162,0.1098,0.1072
0.0976,0.0722,0.0722,0.0806
0.0864,0.0747,0.0877,0.0728
0.0935,0.0778,0.1117,0.0875
0.0812,0.0671,0.0773,0.0714
0.0781,0.0677,0.0879,0.0835
0.1085,0.0897,0.1406,0.1038
0.0873,0.074,0.0727,0.0768
0.093,0.0839,0.1008,0.0889
0.0701,0.0621,0.0843,0.0753
0.0826,0.0699,0.0648,0.0772
0.0731,0.0711,0.0903,0.0784
0.0806,0.0719,0.0723,0.0658
0.0763,0.0657,0.0881,0.0806
0.1107,0.09,0.1115,0.0943
0.0963,0.0733,0.0823,0.0652
0.086,0.0737,0.0772,0.0762
0.0882,0.0746,0.0908,0.0708
0.1055,0.0792,0.097,0.0883
0.1169,0.0876,0.1288,0.1017
0.0806,0.0794,0.0922,0.0812
0.0867,0.0715,0.092,0.0657
0.0902,0.0796,0.0956,0.0807
0.1083,0.0806,0.1317,0.1036
0.1092,0.09,0.098,0.1185
0.1016,0.083,0.0822,0.0769
0.087,0.0663,0.0982,0.0677
0.0743,0.0701,0.0674,0.0711
0.0853,0.0649,0.0757,0.0788
0.1094,0.0863,0.1071,0.1005
0.087,0.0702,0.1012,0.0776
0.0795,0.078,0.0904,0.072
0.1058,0.0731,0.1139,0.0711
0.1022,0.0743,0.1281,0.095
0.1137,0.0887,0.1219,0.1033
0.0728,0.077,0.1079,0.0858
0.1104,0.0786,0.1069,0.0812
0.0804,0.0683,0.0913,0.0711
0.0891,0.0709,0.0801,0.0586
0.1106,0.0807,0.1127,0.0871
0.0967,0.0777,0.1339,0.1017
0.0808,0.0759,0.0836,0.0687
0.0824,0.0859,0.1049,0.0781
0.077,0.0721,0.0852,0.067
0.1057,0.0733,0.0916,0.0727
0.0808,0.0751,0.0987,0.0783
0.0768,0.0681,0.0885,0.0645
0.0792,0.0677,0.1063,0.0833
0.0666,0.0546,0.0651,0.0644
0.1089,0.0859,0.1304,0.1101
0.1006,0.0909,0.0919,0.1067
0.1,0.0757,0.1063,0.0784
0.0719,0.0737,0.0998,0.0817
0.076,0.0749,0.1004,0.0763
0.0962,0.0784,0.1172,0.0724
0.0737,0.0896,0.1245,0.0762
0.087,0.0859,0.1059,0.1033
0.0765,0.0795,0.0861,0.082
0.0868,0.074,0.0771,0.072
0.0856,0.0697,0.0709,0.0696
0.0713,0.092,0.1131,0.0837
0.0765,0.0712,0.0851,0.0729
0.125,0.108,0.1529,0.1191
0.1294,0.0892,0.1728,0.1006
0.1051,0.0886,0.125,0.0971
0.1069,0.0653,0.1013,0.0818
0.0747,0.0823,0.0721,0.0683
0.1219,0.0902,0.1262,0.0866
0.0847,0.072,0.0698,0.0688
0.083,0.0684,0.0862,0.0665
0.0786,0.0647,0.0783,0.0645
0.0911,0.0717,0.1,0.0883
0.1006,0.0698,0.0737,0.0635
0.0932,0.0835,0.097,0.0794
0.096,0.0638,0.1069,0.0693
0.0769,0.0875,0.0898,0.0827
0.0814,0.0703,0.0901,0.0734
0.0734,0.064,0.0887,0.0803
0.0841,0.0671,0.0896,0.0661
0.1107,0.0851,0.1277,0.0943
0.1125,0.0889,0.1217,0.1035
0.0897,0.0908,0.1013,0.0917
0.1115,0.0637,0.1157,0.0741
0.1289,0.1016,0.1499,0.1204
0.0806,0.0651,0.0951,0.0673
0.0892,0.0768,0.0838,0.0745
0.0738,0.0624,0.0848,0.0762
0.0854,0.0823,0.0885,0.0941
0.0866,0.074,0.084,0.0667
0.0895,0.072,0.0928,0.0808
0.0912,0.0773,0.0929,0.0703
0.0874,0.1068,0.1034,0.077
0.0914,0.0759,0.0857,0.0687
0.0794,0.068,0.0886,0.0741
0.0678,0.0622,0.085,0.0615
0.0976,0.084,0.0927,0.0793
0.0955,0.0761,0.1281,0.0905
0.098,0.0989,0.1075,0.0962
0.0736,0.0685,0.0709,0.069
0.1018,0.0792,0.1041,0.0727
0.0713,0.0703,0.0664,0.0602
0.1316,0.0994,0.1266,0.0953
0.0724,0.0718,0.071,0.0699
0.0772,0.0696,0.0682,0.0608
0.1067,0.0928,0.1663,0.0948
0.0773,0.0706,0.0636,0.0656
0.0807,0.0657,0.0687,0.0716
0.0851,0.0696,0.0678,0.0715
0.118,0.0932,0.1668,0.0971
0.1,0.0633,0.0977,0.0807
0.0867,0.0744,0.0721,0.0844
0.1036,0.0858,0.1352,0.0775
0.0857,0.0724,0.0847,0.0707
0.0994,0.0932,0.1427,0.0993
0.0942,0.0825,0.0802,0.0769
0.0884,0.0638,0.0977,0.0673
0.0968,0.0762,0.0998,0.0958
0.0883,0.072,0.0757,0.0695
0.0776,0.066,0.0727,0.0655
0.0821,0.0711,0.0765,0.0697
0.0833,0.0652,0.0707,0.0713
0.0766,0.0705,0.0643,0.0667
0.0827,0.0702,0.0674,0.0697
0.0846,0.1011,0.132,0.0833
0.0806,0.0734,0.0797,0.0754
0.0861,0.0663,0.087,0.0837
0.0817,0.0618,0.0813,0.0768
0.087,0.0689,0.0903,0.0621
0.0912,0.0794,0.0973,0.078
0.1252,0.0892,0.143,0.1077
0.0807,0.0773,0.1047,0.0792
0.107,0.0919,0.1189,0.0897
0.0906,0.0714,0.0753,0.0739
0.082,0.0705,0.0784,0.068
0.0782,0.0793,0.0899,0.0756
0.1018,0.0765,0.1073,0.0773
0.107,0.0624,0.1139,0.069
0.0706,0.0656,0.086,0.0706
0.0737,0.0638,0.1007,0.0787
0.0879,0.0686,0.0726,0.0752
0.071,0.0658,0.0847,0.0716
0.0779,0.0711,0.0642,0.0769
0.1072,0.0791,0.0805,0.0811
0.0884,0.0657,0.0748,0.073
0.092,0.0729,0.0844,0.0844
0.0816,0.064,0.0948,0.0632
0.1124,0.0915,0.1416,0.0996
0.0853,0.0636,0.0683,0.0814
0.0946,0.0694,0.0855,0.0722
0.101,0.0756,0.0755,0.0699
0.0975,0.0739,0.0938,0.0732
0.0995,0.0698,0.0985,0.0786
0.099,0.0785,0.1374,0.1018
0.088,0.094,0.1057,0.1017
0.0954,0.0838,0.1281,0.0743
0.0845,0.069,0.0766,0.0675
0.0718,0.0648,0.07,0.0665
0.0937,0.0703,0.0751,0.0776
0.106,0.079,0.106,0.072
0.0766,0.0727,0.0821,0.0644
0.0943,0.0671,0.1028,0.068
0.0862,0.0742,0.0727,0.0837
0.0902,0.0702,0.0752,0.0715
0.1116,0.0756,0.1441,0.1044
0.1036,0.0856,0.0715,0.0695
0.078,0.0714,0.0679,0.0703
0.1091,0.0798,0.1328,0.1042
0.0776,0.082,0.0852,0.0774
0.0848,0.0906,0.1007,0.097
0.0836,0.0695,0.0718,0.0654
0.0987,0.0679,0.0708,0.0944
0.1176,0.0865,0.1477,0.0857
0.0756,0.0615,0.0801,0.0666
0.0864,0.0657,0.0775,0.0772
0.083,0.0661,0.088,0.0758
0.081,0.0694,0.0844,0.0647
0.0777,0.0706,0.0928,0.0695
0.0915,0.0731,0.0856,0.0732
0.0809,0.0734,0.0664,0.0789
0.0873,0.0714,0.0724,0.0703
0.0943,0.0962,0.1281,0.0932
0.0824,0.0726,0.0751,0.0712
0.0911,0.069,0.081,0.0688
0.1202,0.0913,0.1631,0.0886
0.0697,0.0639,0.0871,0.0764
0.0825,0.075,0.0951,0.074
0.0953,0.0843,0.0925,0.0822
0.0724,0.0661,0.0847,0.0679
0.0712,0.0577,0.0807,0.0743
0.0863,0.068,0.086,0.0678
0.0828,0.0901,0.0915,0.0843
0.0926,0.0742,0.0965,0.0783
0.0958,0.0726,0.0905,0.0673
0.0864,0.0689,0.0813,0.0745
0.0846,0.0712,0.0892,0.0647
0.1012,0.0756,0.1203,0.097
0.0828,0.066,0.0762,0.069
0.0848,0.0824,0.0982,0.0886
0.0849,0.0681,0.0869,0.0676
0.0826,0.0619,0.0867,0.0684
0.083,0.0664,0.07,0.07
0.0946,0.081,0.1021,0.0837
0.0868,0.0814,0.1048,0.0904
0.0845,0.083,0.1091,0.0705
0.0857,0.0744,0.073,0.0852
0.0847,0.0699,0.0737,0.0612
0.0805,0.0675,0.0716,0.0729
0.0742,0.0924,0.1115,0.08
0.0895,0.0666,0.0811,0.0677
0.1096,0.0784,0.0859,0.0837
0.0939,0.0721,0.0897,0.0829
0.0739,0.0766,0.1085,0.0771
0.0873,0.0951,0.1268,0.0987
0.1166,0.0834,0.1542,0.1086
0.1031,0.0671,0.0855,0.077
0.0754,0.0696,0.0684,0.0614
0.0756,0.0777,0.0704,0.0733
0.0723,0.0702,0.0824,0.0724
0.0848,0.0807,0.0862,0.076
0.0802,0.1028,0.1118,0.0831
0.0751,0.0693,0.0896,0.0766
0.0815,0.0812,0.0872,0.0728
0.0802,0.083,0.0982,0.0856
0.0865,0.0836,0.1043,0.1022
0.082,0.0886,0.0876,0.0792
0.0823,0.0818,0.0947,0.0777
0.1106,0.0626,0.1333,0.0691
0.0918,0.0722,0.0879,0.0665
0.0816,0.0742,0.101,0.0812
0.1022,0.0854,0.0883,0.0816
0.0883,0.0637,0.1001,0.0643
0.084,0.0992,0.0913,0.0822
0.0772,0.07,0.0682,0.072
0.0722,0.0623,0.0699,0.0646
0.0842,0.0775,0.0983,0.0842
0.067,0.0676,0.0896,0.0722
0.0837,0.0808,0.0922,0.0833
0.0841,0.0946,0.1139,0.0886
0.0703,0.07,0.0825,0.073
0.0794,0.076,0.0839,0.073
0.0852,0.0748,0.108,0.0836
0.0789,0.0603,0.0731,0.0706
0.0973,0.0779,0.099,0.0811
0.0881,0.0648,0.0721,0.0683
0.1116,0.0652,0.1101,0.0754
0.1,0.071,0.0784,0.0638
0.0812,0.0677,0.0842,0.0678
0.102,0.08,0.1426,0.1102
0.0748,0.0678,0.0643,0.0598
0.0773,0.0677,0.0729,0.0749
0.0784,0.0667,0.0786,0.065
0.0797,0.0779,0.0813,0.0698
0.0886,0.0719,0.0946,0.0676
0.0884,0.0739,0.081,0.0661
0.0864,0.0794,0.0745,0.0732
0.0818,0.0671,0.0666,0.0648
0.0913,0.0787,0.0788,0.0653
0.0786,0.0678,0.0885,0.0672
0.0823,0.0732,0.0828,0.0651
0.0771,0.078,0.0862,0.0731
0.0799,0.0733,0.0721,0.0692
0.0823,0.0871,0.0881,0.0762
0.0898,0.0765,0.1007,0.0705
0.1068,0.0784,0.1378,0.1053
0.0695,0.0665,0.0882,0.0755
0.121,0.0876,0.1517,0.0966
0.0987,0.0784,0.1039,0.0796
0.0796,0.0689,0.0885,0.0767
0.1034,0.0649,0.0956,0.0706
0.0845,0.0607,0.0718,0.0742
0.0781,0.0896,0.1089,0.0742
0.0784,0.073,0.0762,0.0681
0.0732,0.0653,0.0724,0.0657
0.0833,0.0644,0.0728,0.0677
0.0951,0.077,0.1034,0.0888
0.0836,0.0806,0.0957,0.0771
0.0802,0.0667,0.0916,0.0681
0.0913,0.0706,0.1028,0.0766
0.089,0.0655,0.0935,0.0687
0.0732,0.0754,0.0931,0.0755
0.1007,0.0724,0.0882,0.0796
0.0733,0.0682,0.0712,0.0664
0.0794,0.0696,0.0854,0.0634
0.0681,0.0667,0.0818,0.0791
0.0749,0.0769,0.0901,0.0743
0.1055,0.0868,0.1282,0.1021
0.1166,0.0915,0.1439,0.1061
0.0815,0.0911,0.1187,0.095
0.0917,0.0879,0.098,0.0891
0.1162,0.0889,0.1211,0.1136
0.0804,0.0654,0.0729,0.0782
0.1188,0.0894,0.1411,0.0828
0.0754,0.0694,0.0645,0.0699
0.0799,0.0669,0.0663,0.0648
0.0831,0.0812,0.0917,0.0862
0.1014,0.0774,0.1039,0.0788
0.0973,0.072,0.1197,0.0817
0.0703,0.081,0.083,0.0767
0.1012,0.0856,0.0922,0.0736
0.0868,0.0791,0.089,0.0918
0.0776,0.0693,0.0965,0.0768
0.0705,0.0621,0.0837,0.0786
0.0886,0.0653,0.0992,0.0705
0.0746,0.0804,0.1095,0.0795
0.0967,0.0786,0.083,0.102
0.0925,0.0808,0.0923,0.0881
0.0801,0.0723,0.0848,0.0738
0.0749,0.0638,0.0911,0.0698
0.072,0.0645,0.0912,0.0685
0.0731,0.0934,0.1188,0.0895
0.0856,0.0828,0.0938,0.0679
0.0842,0.0747,0.0868,0.0814
0.071,0.0655,0.0972,0.0826
0.0818,0.0773,0.0893,0.0698
0.0891,0.0681,0.0677,0.07
0.0752,0.0907,0.1194,0.0834
0.0873,0.0911,0.1115,0.0817
0.08,0.0676,0.0698,0.0666
0.0822,0.0682,0.0719,0.0681
0.0814,0.079,0.0956,0.0862
0.072,0.0619,0.0888,0.0723
0.0732,0.0758,0.0854,0.0718
0.0755,0.0719,0.066,0.0621
0.0967,0.0718,0.0701,0.0702
0.077,0.0691,0.0955,0.0729
0.0759,0.0659,0.0716,0.0679
0.0753,0.0635,0.0824,0.0811
0.0984,0.0743,0.0898,0.079
0.1096,0.1046,0.1196,0.0994
0.0737,0.0631,0.0699,0.0648
0.088,0.0888,0.0994,0.0918
0.0823,0.0951,0.1229,0.0818
0.0977,0.082,0.1117,0.0872
0.0827,0.0767,0.1348,0.0938
0.0849,0.0753,0.0871,0.0767
0.0881,0.0715,0.0788,0.074
0.1054,0.0805,0.1287,0.1015
0.09,0.0735,0.0893,0.0677
0.0788,0.073,0.0737,0.0604
0.0958,0.0721,0.0771,0.0714
0.1034,0.0758,0.0907,0.0625
0.0814,0.0706,0.069,0.0701
0.1189,0.088,0.1318,0.1091
0.0718,0.0747,0.0938,0.0875
0.0777,0.0698,0.0899,0.0701
0.0666,0.0628,0.0766,0.0697
0.0777,0.0686,0.0742,0.0683
0.0868,0.0693,0.0677,0.0708
0.0761,0.062,0.085,0.0696
0.0865,0.0918,0.1125,0.0726
0.0776,0.0813,0.0761,0.0601
0.1234,0.095,0.174,0.1006
0.1042,0.0812,0.1524,0.0832
0.0779,0.0808,0.0949,0.0811
0.084,0.0668,0.0928,0.0681
0.0681,0.0597,0.0893,0.0659
0.0895,0.0751,0.0979,0.105
0.1009,0.0772,0.141,0.1058
0.0691,0.0888,0.1201,0.0827
0.0923,0.0707,0.0873,0.089
0.0834,0.0702,0.0775,0.064
0.0995,0.0781,0.0898,0.0626
0.0993,0.0783,0.1357,0.1074
0.117,0.0937,0.1437,0.0865
0.0782,0.0703,0.0813,0.0734
0.0682,0.0697,0.0711,0.0694
0.0886,0.0736,0.0918,0.0737
0.0789,0.0684,0.0834,0.0613
0.091,0.0683,0.095,0.0716
0.0875,0.0727,0.0974,0.0676
0.0848,0.0764,0.0985,0.072
0.0819,0.075,0.0848,0.0783
0.0828,0.0932,0.1204,0.098
0.1102,0.0711,0.085,0.0941
0.0973,0.0732,0.0838,0.0637
0.0968,0.0857,0.09,0.0781
0.083,0.0707,0.0973,0.075
0.1057,0.0888,0.1291,0.0908
0.1066,0.0825,0.1274,0.0904
0.1042,0.0814,0.1268,0.1044
0.0816,0.0574,0.0743,0.072
0.1052,0.0819,0.1106,0.0945
0.0745,0.0615,0.0834,0.0655
0.088,0.0733,0.0905,0.0723
0.0825,0.0699,0.0907,0.0676
0.0778,0.0673,0.0778,0.0636
0.0691,0.0921,0.112,0.0838
0.0972,0.0654,0.0988,0.0749
0.0962,0.0707,0.0677,0.0811
0.0806,0.0664,0.089,0.0668
0.0982,0.0916,0.1146,0.0777
0.0776,0.0648,0.0819,0.0644
0.0932,0.0738,0.0987,0.0718
0.0758,0.0712,0.1018,0.0742
0.0834,0.0719,0.0588,0.0723
0.0887,0.0759,0.0938,0.0717
0.1185,0.0814,0.1554,0.0971
0.0784,0.0777,0.1048,0.0847
0.0764,0.0957,0.1203,0.0854
0.116,0.0909,0.0991,0.0686
0.0779,0.0712,0.0829,0.066
0.0845,0.0704,0.0851,0.0797
0.0806,0.0671,0.069,0.0711
0.1219,0.0867,0.1462,0.1161
0.0665,0.0614,0.0819,0.0704
0.0899,0.0732,0.087,0.0676
0.0878,0.0681,0.0923,0.0695
0.0797,0.0659,0.0809,0.0668
0.0783,0.0726,0.064,0.0604
0.0733,0.0597,0.0831,0.0692
0.0691,0.0857,0.0801,0.0714
0.0819,0.0729,0.0779,0.0642
0.0782,0.0884,0.1052,0.0728
0.0807,0.0623,0.0808,0.0875
0.0742,0.0718,0.0665,0.0653
0.1017,0.0816,0.1295,0.0981
0.0809,0.0902,0.1001,0.0762
0.1163,0.089,0.1295,0.1113
0.0864,0.0651,0.0901,0.0689
0.1144,0.0863,0.1381,0.1093
0.0791,0.0777,0.0908,0.0701
0.0913,0.088,0.0992,0.0973
0.0769,0.0757,0.095,0.0835
0.0742,0.0691,0.0816,0.0643
0.094,0.068,0.0818,0.0877
0.0946,0.058,0.0749,0.0764
0.0877,0.0652,0.0978,0.0636
0.0766,0.0647,0.083,0.0599
0.0857,0.0686,0.0847,0.0689
0.1054,0.0817,0.1336,0.1004
0.0773,0.0704,0.0643,0.0766
0.0879,0.076,0.0747,0.0655
0.0775,0.0697,0.0829,0.0814
0.077,0.0686,0.0919,0.0657
0.102,0.0879,0.0938,0.1136
0.1025,0.0701,0.0898,0.0643
0.0826,0.068,0.0675,0.075
0.0939,0.0856,0.0907,0.0807
0.0984,0.0791,0.1017,0.0889
0.0998,0.0718,0.0873,0.0685
0.0895,0.0633,0.0956,0.0697
0.0843,0.0603,0.0768,0.0838
0.1113,0.074,0.1203,0.0924
0.0838,0.0772,0.09,0.0667
0.077,0.0995,0.1179,0.078
0.0763,0.0651,0.0795,0.0687
0.0837,0.068,0.0726,0.0804
0.1025,0.0847,0.1499,0.0809
0.1003,0.0694,0.0869,0.0734
0.0861,0.0706,0.0904,0.0701
0.083,0.0685,0.0838,0.071
0.1083,0.0709,0.0946,0.0709
0.0851,0.0907,0.1132,0.0809
0.0753,0.0658,0.0668,0.0712
0.1052,0.0832,0.14,0.1015
0.0948,0.0809,0.0835,0.0658
0.0737,0.0908,0.1249,0.0831
0.0698,0.0681,0.0768,0.0676
0.0725,0.0695,0.0838,0.0644
0.083,0.0688,0.0688,0.0639
0.0983,0.0762,0.07,0.0686
0.0834,0.074,0.0794,0.0745
0.0918,0.0775,0.101,0.085
0.1104,0.0763,0.1025,0.0694
0.0733,0.0748,0.0674,0.0708
0.0829,0.0725,0.0696,0.0723
0.0913,0.0743,0.0992,0.075
0.1077,0.0858,0.1048,0.0815
0.0686,0.0689,0.0865,0.0676
0.1036,0.0737,0.0969,0.0753
0.0703,0.0641,0.0876,0.0781
0.1035,0.0838,0.1437,0.0869
0.1168,0.0746,0.1048,0.0749
0.0747,0.0674,0.0651,0.0587
0.0775,0.0932,0.1188,0.0924
0.1224,0.0903,0.1289,0.1057
0.1047,0.0722,0.1087,0.0768
0.0836,0.0774,0.0796,0.0739
0.0908,0.0699,0.0844,0.0812
0.0807,0.0706,0.0772,0.0705
0.0862,0.093,0.1259,0.0944
0.0826,0.0736,0.0773,0.0718
0.0792,0.0738,0.0887,0.0694
0.0811,0.065,0.0835,0.0771
0.0728,0.068,0.0725,0.0666
0.0837,0.0637,0.0922,0.0653
0.0781,0.0711,0.0735,0.0618
0.1011,0.076,0.0718,0.0714
0.0887,0.0774,0.0901,0.0786
0.0985,0.0914,0.1359,0.0841
0.1028,0.0766,0.0801,0.0626
0.1199,0.0864,0.1158,0.0972
0.0808,0.1015,0.1211,0.0847
0.0903,0.0747,0.0812,0.0749
0.1223,0.0926,0.1207,0.0851
0.0848,0.0783,0.0974,0.0868
0.0716,0.0672,0.0832,0.0789
0.0765,0.0739,0.1031,0.0832
0.0937,0.0681,0.0963,0.0688
0.1024,0.0803,0.1245,0.1013
0.124,0.0991,0.1034,0.1019
0.0827,0.0646,0.0759,0.0742
0.0912,0.0726,0.103,0.0704
0.0878,0.0866,0.0995,0.0777
0.0926,0.0765,0.0985,0.0781
0.0798,0.0685,0.0788,0.0781
0.119,0.0836,0.1279,0.0997
0.0841,0.0609,0.091,0.0614
0.0823,0.066,0.0973,0.0691
0.0729,0.0778,0.0866,0.0754
0.0751,0.0899,0.1183,0.081
0.0765,0.0617,0.0696,0.0697
0.0741,0.0769,0.1064,0.0834
0.0883,0.0669,0.0939,0.065
0.0762,0.0673,0.0872,0.0715
0.0829,0.0685,0.066,0.0783
0.074,0.0692,0.0706,0.0699
0.0949,0.0767,0.0967,0.0852
0.0721,0.0768,0.0932,0.0851
0.0769,0.0628,0.0691,0.0729
0.0757,0.0659,0.0899,0.0776
0.0839,0.0794,0.0818,0.0844
0.0733,0.0703,0.078,0.0737
0.0762,0.0633,0.0852,0.0637
0.0816,0.0699,0.0912,0.0753
0.0873,0.0631,0.097,0.0656
0.088,0.0713,0.0796,0.0719
0.0882,0.0731,0.0653,0.0765
0.0831,0.0681,0.0898,0.0763
0.0761,0.0598,0.0896,0.0742
0.093,0.0757,0.0697,0.072
0.0876,0.0703,0.0923,0.0689
0.0927,0.0866,0.1487,0.1086
0.0772,0.0682,0.1036,0.0886
0.0849,0.0627,0.0888,0.0697
0.0907,0.0666,0.0734,0.0671
0.082,0.0716,0.1017,0.0747
0.1012,0.0796,0.1436,0.1087
0.0881,0.0795,0.1077,0.0865
0.0822,0.0692,0.0681,0.0656
0.0721,0.0676,0.0776,0.0666
0.1087,0.0777,0.1389,0.1146
0.0739,0.0905,0.1055,0.0817
0.1048,0.0838,0.0965,0.1047
0.0728,0.0942,0.117,0.0841
0.0796,0.062,0.086,0.0755
0.0913,0.0691,0.0826,0.0696
0.0878,0.0963,0.1149,0.0831
0.0783,0.071,0.0676,0.0652
0.0842,0.0713,0.1011,0.0723
0.0855,0.0671,0.0979,0.0696
0.1186,0.0993,0.1165,0.0856
0.0741,0.0747,0.0841,0.0735
0.07,0.0716,0.0991,0.0727
0.0926,0.0922,0.1264,0.0896
0.107,0.0863,0.0864,0.0749
0.0976,0.0659,0.0842,0.0598
0.0784,0.0752,0.0999,0.0831
0.0772,0.0672,0.0765,0.07
0.0878,0.0706,0.1039,0.083
0.0957,0.0687,0.11,0.08
0.1087,0.087,0.1101,0.0887
0.0797,0.0676,0.0717,0.0751
0.1052,0.079,0.0741,0.0707
0.0784,0.0631,0.0843,0.0663
0.1119,0.091,0.119,0.0964
0.0752,0.0802,0.094,0.0781
0.0743,0.0637,0.0972,0.0817
0.0783,0.0671,0.0776,0.0651
0.0871,0.0974,0.1094,0.0806
0.1012,0.0796,0.0743,0.0706
0.0747,0.0605,0.0695,0.0693
0.0834,0.0763,0.0868,0.0831
0.0877,0.0807,0.0786,0.0876
0.0796,0.0913,0.1194,0.0835
0.0829,0.0634,0.0854,0.0833
0.0832,0.0829,0.1132,0.0983
0.0709,0.062,0.0922,0.0726
0.0858,0.0893,0.0933,0.0839
0.0756,0.07,0.0841,0.0717
0.0906,0.0806,0.0957,0.0673
0.0869,0.0722,0.1022,0.0672
0.1225,0.0882,0.1372,0.0999
0.0618,0.0664,0.0867,0.0736
0.1166,0.0826,0.1098,0.079
0.0845,0.0796,0.1018,0.0865
0.0746,0.0785,0.1075,0.0858
0.0816,0.075,0.0782,0.0652
0.0705,0.073,0.065,0.0598
0.0821,0.0652,0.0643,0.0684
0.0835,0.082,0.1053,0.0845
0.102,0.0777,0.1203,0.1052
0.0723,0.0816,0.0748,0.0673
0.0909,0.0621,0.075,0.0835
0.1066,0.069,0.0988,0.0735
0.0926,0.0685,0.0737,0.0733
0.0772,0.0951,0.1207,0.0967
0.0803,0.0712,0.0753,0.0725
0.0677,0.0614,0.074,0.0671
0.0891,0.0709,0.0854,0.0614
0.092,0.0967,0.1238,0.0882
0.0817,0.0682,0.0715,0.0717
0.0923,0.077,0.0972,0.0811
0.1106,0.0799,0.0961,0.0838
0.1038,0.0889,0.1292,0.0918
0.1131,0.0936,0.1328,0.1049
0.1056,0.0794,0.13,0.1019
0.0746,0.077,0.0892,0.0707
0.0741,0.06,0.0903,0.0696
0.0885,0.0785,0.105,0.0731
0.0984,0.0774,0.1092,0.0873
0.086,0.0667,0.0738,0.0727
0.0739,0.0646,0.0945,0.0832
0.109,0.0727,0.1028,0.0809
0.0945,0.0743,0.0799,0.0671
0.0937,0.0806,0.087,0.0798
0.0841,0.0684,0.1037,0.0668
0.0901,0.0764,0.1076,0.082
0.0615,0.0554,0.0673,0.0657
0.0818,0.0682,0.0662,0.07
0.0701,0.0944,0.1112,0.0893
0.0749,0.0642,0.0702,0.0667
0.1234,0.0906,0.1256,0.087
0.0977,0.0737,0.0897,0.078
0.0852,0.0662,0.0905,0.0742
0.0794,0.0702,0.0869,0.0777
0.0897,0.079,0.0957,0.0664
0.085,0.0888,0.0895,0.0809
0.0956,0.0945,0.1402,0.1048
0.0869,0.0775,0.0887,0.0925
0.0792,0.0882,0.0877,0.083
0.1159,0.0832,0.1351,0.102
0.0833,0.0667,0.0828,0.0671
0.074,0.0612,0.0753,0.0694
0.0773,0.0674,0.0668,0.0615
0.1043,0.09,0.099,0.0828
0.0763,0.0827,0.1077,0.0739
0.0975,0.0836,0.1193,0.0948
0.0901,0.0689,0.115,0.0785
0.1015,0.0723,0.0933,0.0841
0.0783,0.0724,0.0803,0.0667
0.0711,0.0783,0.0989,0.0839
0.0821,0.075,0.0934,0.0877
0.0923,0.0695,0.1019,0.0882
0.0765,0.0551,0.0692,0.0746
0.1043,0.0815,0.143,0.1025
0.0744,0.0766,0.0945,0.0778
0.0786,0.0709,0.0748,0.0688
0.068,0.064,0.0846,0.0705
0.1211,0.0845,0.1103,0.0899
0.0883,0.0727,0.0745,0.062
0.0766,0.089,0.1095,0.0814
0.0938,0.0656,0.0797,0.0964
0.0898,0.0707,0.0882,0.0782
0.1235,0.0829,0.1473,0.0942
0.0876,0.0791,0.0983,0.086
0.0733,0.0781,0.0928,0.0825
0.1092,0.0802,0.1273,0.0851
0.0807,0.0676,0.0895,0.079
0.073,0.0725,0.0832,0.0629
0.1049,0.0749,0.1019,0.0835
0.0951,0.0715,0.0869,0.0586
0.0949,0.0799,0.0728,0.0688
0.077,0.0722,0.0869,0.0769
0.0897,0.0658,0.0881,0.0637
0.0736,0.077,0.0984,0.0873
0.0911,0.0694,0.0778,0.0724
0.0941,0.0742,0.1014,0.088
0.0815,0.0644,0.0784,0.0765
0.1191,0.0852,0.1427,0.1126
0.0743,0.0599,0.0845,0.0696
0.088,0.0885,0.0975,0.0822
0.1084,0.0943,0.1119,0.1063
0.0846,0.0672,0.0751,0.0593
0.0933,0.0681,0.1025,0.0652
0.087,0.0738,0.0832,0.0801
0.0888,0.0842,0.0905,0.097
0.0846,0.0712,0.0888,0.0693
0.082,0.0845,0.0896,0.0767
0.0797,0.0718,0.0797,0.0617
0.1092,0.082,0.0977,0.0849
0.1271,0.0834,0.161,0.1123
0.0814,0.0696,0.0823,0.0697
0.0805,0.076,0.0979,0.0758
0.0774,0.0718,0.0876,0.0668
0.0806,0.0807,0.1028,0.073
0.1223,0.0943,0.1385,0.1173
0.0784,0.0729,0.0907,0.0779
0.0702,0.062,0.0805,0.0663
0.0818,0.0838,0.0893,0.0792
0.07,0.0674,0.0729,0.0686
0.0994,0.0752,0.0904,0.0683
0.0899,0.0736,0.0803,0.0757
0.1037,0.0903,0.0927,0.0799
0.115,0.0835,0.1208,0.1118
0.0842,0.0706,0.0904,0.0745
0.079,0.0742,0.073,0.0679
0.0859,0.0669,0.078,0.0691
0.0998,0.0684,0.1036,0.0726
0.0804,0.0715,0.0598,0.0786
0.0836,0.0688,0.1029,0.0644
0.0727,0.0681,0.0904,0.0739
0.0746,0.0745,0.0998,0.0766
0.0853,0.0651,0.0674,0.0716
0.0776,0.1024,0.1249,0.0997
0.0972,0.0821,0.0973,0.0976
0.1159,0.0982,0.1454,0.1085
0.0765,0.0672,0.0796,0.069
0.0821,0.0819,0.1067,0.0888
0.1112,0.083,0.1335,0.1045
0.0995,0.0879,0.1246,0.0966
0.0986,0.0727,0.0721,0.0648
0.1192,0.0943,0.1435,0.1059
0.0869,0.0766,0.0875,0.0795
0.0709,0.0683,0.08,0.0636
0.0711,0.0753,0.1002,0.0794
0.1119,0.0702,0.092,0.0713
0.0961,0.0881,0.0952,0.0942
0.1215,0.0866,0.1265,0.1132
0.0801,0.0658,0.0946,0.0654
0.0858,0.066,0.0703,0.0833
0.113,0.096,0.1048,0.1181
0.0956,0.0778,0.0941,0.0711
0.0764,0.0701,0.0666,0.0585
0.074,0.0759,0.0974,0.0868
0.0999,0.0686,0.0838,0.1019
0.0762,0.0861,0.1123,0.0866
0.0795,0.0623,0.0765,0.074
0.0794,0.0716,0.0751,0.0674
0.108,0.082,0.1162,0.095
0.0957,0.078,0.0904,0.0822
0.0741,0.083,0.0876,0.0803
0.0808,0.08,0.1012,0.0861
0.0828,0.0685,0.0797,0.0724
0.0797,0.0745,0.0662,0.0662
0.0691,0.066,0.077,0.0683
0.072,0.0688,0.0837,0.0639
0.0826,0.067,0.0903,0.0648
0.0828,0.0684,0.0818,0.0609
0.0769,0.063,0.0809,0.0613
0.0842,0.068,0.07,0.0703
0.0961,0.0645,0.0782,0.0929
0.114,0.0807,0.0865,0.0695
0.1146,0.0801,0.1351,0.1056
0.0915,0.0769,0.0911,0.1038
0.1153,0.0831,0.132,0.0939
0.1079,0.0838,0.1464,0.1036
0.0814,0.0683,0.0702,0.0625
0.0752,0.0803,0.0944,0.0758
0.0839,0.084,0.1,0.0978
0.086,0.0748,0.0902,0.0805
0.0786,0.0712,0.0693,0.0702
0.0941,0.083,0.1219,0.1001
0.1105,0.0813,0.1208,0.0932
0.0742,0.069,0.0686,0.0642
0.1004,0.0723,0.083,0.0912
0.079,0.0679,0.077,0.073
0.0847,0.0835,0.0904,0.0815
0.0975,0.0642,0.1047,0.0731
0.0851,0.0748,0.0767,0.064
0.0748,0.0708,0.0656,0.0628
0.0859,0.0692,0.0803,0.0849
0.086,0.0727,0.0991,0.0743
0.0868,0.0805,0.1042,0.0811
0.0842,0.0682,0.0848,0.0701
0.0986,0.1037,0.1066,0.0809
0.0978,0.0738,0.0878,0.0596
0.0927,0.0852,0.093,0.0855
0.0832,0.0671,0.0771,0.076
0.0843,0.0791,0.0875,0.0729
0.0802,0.0708,0.0735,0.0729
0.095,0.0649,0.0792,0.0968
0.0865,0.0692,0.0835,0.0713
0.0843,0.0621,0.0708,0.0806
0.079,0.0632,0.096,0.0776
0.0885,0.0733,0.0879,0.0694
0.0839,0.0731,0.0756,0.0674
0.1098,0.0806,0.1257,0.0837
0.0836,0.0674,0.083,0.0843
0.0937,0.0675,0.1045,0.062
0.0861,0.0651,0.0731,0.0643
0.0768,0.0679,0.0846,0.0736
0.1167,0.066,0.0881,0.1048
0.0844,0.0711,0.096,0.0654
0.0811,0.0607,0.0711,0.0713
0.0867,0.0638,0.0879,0.0823
0.0901,0.0687,0.0711,0.0642
0.1103,0.0847,0.1413,0.1035
0.1018,0.0798,0.0881,0.0812
0.0822,0.0671,0.0758,0.0717
0.0925,0.0691,0.0832,0.0935
0.0933,0.0703,0.0779,0.0703
0.0825,0.0684,0.0705,0.0697
0.0946,0.0661,0.1058,0.0669
0.0752,0.0641,0.0767,0.0727
0.1018,0.0781,0.1315,0.1008
0.0987,0.0765,0.1007,0.0836
0.13,0.087,0.1443,0.1175
0.098,0.0845,0.106,0.0829
0.0936,0.0944,0.1301,0.0878
0.0918,0.069,0.0836,0.071
0.0935,0.0767,0.0733,0.0649
0.0761,0.0688,0.0672,0.0634
0.0871,0.0675,0.0735,0.0712
0.0995,0.0829,0.093,0.0859
0.082,0.0709,0.0851,0.0781
0.1128,0.0806,0.0951,0.0814
0.1058,0.0791,0.1368,0.1041
0.1075,0.0764,0.1289,0.0977
0.0928,0.0642,0.1103,0.0697
0.0755,0.086,0.0771,0.0738
0.0882,0.0766,0.0787,0.0651
0.0691,0.0958,0.1141,0.0816
0.0875,0.0669,0.0751,0.0716
0.0852,0.0659,0.0774,0.0685
0.0886,0.0726,0.079,0.0745
0.0883,0.0848,0.0866,0.0749
0.0764,0.0645,0.0804,0.0747
0.0992,0.0798,0.0951,0.0779
0.096,0.0783,0.0869,0.077
0.0841,0.1002,0.116,0.0858
0.1207,0.0804,0.1478,0.0953
0.0925,0.078,0.1163,0.084
0.0888,0.0766,0.0938,0.0818
0.0876,0.0747,0.0699,0.0684
0.0821,0.0774,0.0928,0.0657
0.0872,0.0789,0.1066,0.073
0.0962,0.068,0.0752,0.077
0.0762,0.0663,0.094,0.0787
0.1136,0.081,0.1285,0.1046
0.0963,0.0658,0.0834,0.0987
0.0854,0.0731,0.0931,0.085
0.0978,0.0693,0.1017,0.0701
0.0932,0.0977,0.1134,0.0813
0.0821,0.0742,0.0977,0.0833
0.0882,0.0624,0.1002,0.0715
0.0792,0.0907,0.1206,0.0782
0.1043,0.0745,0.0937,0.0689
0.0691,0.0778,0.1024,0.0789
0.0846,0.0686,0.0694,0.0711
0.0904,0.0646,0.0822,0.0661
0.1011,0.0863,0.0968,0.0948
0.0945,0.0803,0.1266,0.0989
0.0767,0.0754,0.0806,0.0706
0.0955,0.0781,0.1096,0.0838
0.1277,0.0842,0.1616,0.1027
0.0772,0.0772,0.0695,0.0719
0.076,0.0677,0.094,0.084
0.0845,0.0966,0.1226,0.0759
0.0966,0.0832,0.1429,0.0838
0.08,0.0683,0.0671,0.0623
0.1079,0.0864,0.1246,0.0988
0.0897,0.0897,0.0925,0.0846
0.0896,0.0818,0.0952,0.0954
0.1126,0.0862,0.1441,0.0851
0.0793,0.0817,0.0998,0.0793
0.1216,0.0883,0.1379,0.1018
0.1098,0.087,0.1329,0.0864
0.0958,0.0808,0.0895,0.0962
0.0884,0.0661,0.0834,0.063
0.1023,0.0908,0.1004,0.1124
0.0971,0.082,0.1049,0.0873
0.088,0.0706,0.0957,0.0762
0.1049,0.0668,0.1087,0.0823
0.0716,0.0621,0.0747,0.0676
0.0977,0.07,0.0855,0.1029
0.0791,0.0675,0.0723,0.0738
0.0887,0.0669,0.0683,0.0769
0.0859,0.0653,0.0633,0.0712
0.0873,0.0881,0.1037,0.0799
0.0959,0.0834,0.1137,0.0923
0.0779,0.0713,0.0675,0.0612
0.0788,0.0678,0.087,0.0644
0.0839,0.0683,0.0849,0.0806
0.1264,0.0832,0.1604,0.1131
0.0757,0.0741,0.0695,0.064
0.0905,0.0789,0.0971,0.0724
0.0789,0.0693,0.0894,0.0728
0.1041,0.0879,0.1092,0.0982
0.0823,0.0624,0.074,0.0713
0.0757,0.0839,0.1034,0.0725
0.1014,0.0842,0.0938,0.0898
0.0799,0.0774,0.0817,0.0734
0.0875,0.0744,0.0939,0.0709
0.0828,0.0731,0.0733,0.0671
0.0753,0.0892,0.1089,0.0746
0.1018,0.0721,0.1069,0.0772
0.0834,0.0704,0.0838,0.0676
0.0724,0.0625,0.0801,0.0676
0.0879,0.093,0.1122,0.0818
0.0709,0.0718,0.068,0.0671
0.079,0.0771,0.0948,0.086
0.1004,0.0806,0.1343,0.1076
0.0901,0.0925,0.1135,0.0851
0.0908,0.0886,0.0975,0.0945
0.0938,0.0761,0.0921,0.0667
0.1138,0.0784,0.1342,0.0998
0.0894,0.0817,0.0748,0.0633
0.0782,0.065,0.068,0.0636
0.1009,0.0738,0.1368,0.1047
0.0858,0.0677,0.0775,0.0703
0.0765,0.0771,0.1066,0.0815
0.0791,0.0711,0.0732,0.0616
0.0913,0.0687,0.0879,0.0644
0.1125,0.0901,0.113,0.0888
0.0854,0.0625,0.0827,0.0701
0.0943,0.0856,0.1062,0.0913
0.0768,0.0692,0.0777,0.0726
0.0763,0.0653,0.0716,0.0716
0.0919,0.0712,0.0961,0.0687
0.0955,0.0743,0.1321,0.0893
0.1114,0.08,0.1086,0.0873
0.0808,0.067,0.0712,0.0704
0.0986,0.0662,0.1153,0.0749
0.0784,0.0752,0.0744,0.0654
0.0892,0.0691,0.0998,0.0724
0.0893,0.0632,0.0971,0.0669
0.0761,0.0815,0.074,0.065
0.0991,0.0794,0.0916,0.0695
0.0965,0.0807,0.1105,0.0891
0.0873,0.0894,0.1057,0.0907
0.0922,0.0685,0.0851,0.0768
0.0797,0.0972,0.1186,0.0884
0.0877,0.0717,0.0741,0.0647
0.1072,0.0808,0.0947,0.084
0.0649,0.0616,0.086,0.0653
0.0825,0.0833,0.1182,0.0734
0.1,0.0817,0.0725,0.0661
0.0999,0.0737,0.0782,0.0634
0.095,0.0637,0.1008,0.0842
0.091,0.0729,0.0861,0.0774
0.0756,0.1027,0.1216,0.084
0.0658,0.0595,0.0851,0.0682
0.0793,0.0783,0.1083,0.0843
0.0763,0.0649,0.0884,0.0657
0.084,0.0772,0.1018,0.0821
0.0747,0.0657,0.0902,0.071
0.1151,0.0861,0.1361,0.0968
0.0795,0.0653,0.0765,0.0632
0.0955,0.0695,0.1124,0.0666
0.1014,0.0653,0.081,0.0877
0.1033,0.0846,0.1272,0.1052
0.073,0.0692,0.0672,0.0609
0.0884,0.0715,0.0894,0.0685
0.0755,0.0582,0.0826,0.0685
0.1086,0.0793,0.1283,0.0974
0.0767,0.0763,0.1104,0.0817
0.0803,0.0642,0.0899,0.063
0.0747,0.0756,0.0879,0.0683
0.0768,0.0711,0.0686,0.0652
0.0802,0.0937,0.1087,0.0844
0.0735,0.0745,0.0908,0.0709
0.0735,0.0607,0.0727,0.0661
0.0848,0.0673,0.0777,0.0799
0.1044,0.1049,0.1271,0.0966
0.0739,0.0801,0.1065,0.0805
0.0985,0.0848,0.0991,0.0838
0.0784,0.0724,0.0676,0.0648
0.0893,0.073,0.0844,0.0764
0.0704,0.0631,0.0597,0.0717
0.0825,0.0666,0.0634,0.0653
0.1064,0.0785,0.1311,0.0933
0.089,0.0649,0.0927,0.0661
0.1039,0.0748,0.0806,0.0817
0.1026,0.0682,0.1056,0.0701
0.0866,0.0861,0.1167,0.0842
0.0737,0.063,0.0843,0.073
0.0993,0.0747,0.0759,0.0651
0.0793,0.0661,0.095,0.0664
0.0886,0.0765,0.0967,0.096
0.0911,0.0715,0.0719,0.0713
0.1142,0.0923,0.1352,0.1034
0.0851,0.0688,0.0703,0.074
0.0837,0.0698,0.0695,0.0734
0.0922,0.0894,0.133,0.0819
0.0905,0.0693,0.0713,0.0669
0.0843,0.0663,0.0643,0.0694
0.0843,0.0682,0.0933,0.0688
0.0813,0.0784,0.0927,0.0795
0.0915,0.0782,0.0715,0.0618
0.0753,0.0653,0.0916,0.0712
0.0829,0.0665,0.0766,0.0584
0.0876,0.0661,0.0766,0.0678
0.0876,0.0802,0.0915,0.0847
0.0744,0.0755,0.0872,0.073
0.0845,0.0633,0.0982,0.0708
0.081,0.0776,0.0719,0.0696
0.1312,0.0923,0.1382,0.1159
0.0944,0.1022,0.1012,0.1021
0.109,0.0703,0.0936,0.0693
0.0804,0.0842,0.0904,0.0934
0.0941,0.0722,0.1016,0.0687
0.0785,0.0867,0.1167,0.0896
0.0947,0.0885,0.0826,0.076
0.0838,0.0769,0.0992,0.072
0.0741,0.0627,0.076,0.0693
0.0718,0.0764,0.0898,0.0723
0.1235,0.0888,0.1251,0.092
0.0986,0.0702,0.0919,0.0851
0.0826,0.0646,0.0686,0.0665
0.0941,0.0659,0.0931,0.0773
0.0774,0.0666,0.09,0.0676
0.0834,0.0971,0.1087,0.0833
0.1249,0.0908,0.1442,0.1123
0.0768,0.0753,0.0858,0.0706
0.0735,0.0653,0.0695,0.0719
0.0759,0.0667,0.0944,0.0775
0.0757,0.0712,0.0905,0.0696
0.0955,0.0703,0.083,0.0949
0.0777,0.0663,0.0896,0.0642
0.0887,0.069,0.0863,0.0653
0.0817,0.0795,0.1026,0.0776
0.0904,0.0707,0.0714,0.0747
0.0855,0.0694,0.0846,0.0741
0.0651,0.0687,0.0884,0.0723
0.0703,0.0658,0.0841,0.0699
0.0695,0.094,0.1126,0.0846
0.0954,0.0633,0.1031,0.0709
0.0785,0.0689,0.0658,0.0657
0.0947,0.0715,0.0792,0.0643
0.085,0.0698,0.0679,0.0616
0.0948,0.0712,0.0879,0.0793
0.0766,0.0838,0.0745,0.0686
0.0792,0.0774,0.0989,0.0766
0.082,0.0828,0.1088,0.0823
0.0796,0.0683,0.0879,0.0777
0.0806,0.0691,0.0633,0.0717
0.0763,0.0742,0.1068,0.0795
0.0773,0.0701,0.0895,0.0735
0.0929,0.0698,0.0907,0.0738
0.0808,0.0653,0.0684,0.0728
0.1128,0.0859,0.1332,0.104
0.0809,0.0685,0.0678,0.0703
0.0819,0.0701,0.0657,0.0661
0.0699,0.0681,0.0829,0.0719
0.0851,0.073,0.0921,0.0725
0.087,0.065,0.08,0.0704
0.0829,0.0658,0.0755,0.0819
0.0671,0.0633,0.0843,0.0711
0.09,0.0667,0.0872,0.0753
0.0912,0.0777,0.0891,0.0653
0.0876,0.0795,0.1024,0.0921
0.1139,0.0808,0.1519,0.1038
0.0985,0.0688,0.0741,0.0839
0.0914,0.0661,0.0665,0.0629
0.1038,0.0901,0.1322,0.1039
0.0805,0.0932,0.1103,0.0829
0.0754,0.0742,0.1018,0.0843
0.1002,0.0811,0.1188,0.1014
0.0985,0.0834,0.0859,0.0761
0.0806,0.0641,0.0753,0.085
0.0827,0.0666,0.0912,0.0851
0.0842,0.0695,0.063,0.067
0.0731,0.0739,0.1,0.0789
0.0798,0.0682,0.0955,0.0702
0.0766,0.081,0.0952,0.072
0.0995,0.0743,0.093,0.0674
0.1279,0.0904,0.1423,0.1019
0.0932,0.0788,0.1126,0.0931
0.0908,0.0672,0.0789,0.0726
0.0959,0.0781,0.1337,0.0983
0.0855,0.0749,0.1214,0.0875
0.0769,0.0599,0.0756,0.0683
0.1025,0.0802,0.0988,0.0651
0.0966,0.0739,0.1334,0.1019
0.0872,0.0829,0.1011,0.0995
0.0856,0.0738,0.0689,0.058
0.136,0.0948,0.1285,0.0953
0.0958,0.083,0.0985,0.071
0.0776,0.0711,0.0794,0.0597
0.0761,0.053,0.0807,0.0629
0.0887,0.0723,0.09,0.0784
0.0793,0.0708,0.0963,0.0695
0.0915,0.0699,0.0924,0.0691
0.0837,0.0657,0.0768,0.0704
0.09,0.0993,0.1221,0.0955
0.0752,0.0638,0.0597,0.0563
0.0875,0.0745,0.0915,0.0758
0.0685,0.0533,0.0647,0.0686
0.0713,0.0693,0.0883,0.0753
0.0751,0.0718,0.0721,0.0625
0.0835,0.1022,0.1063,0.0876
0.1372,0.0945,0.1248,0.0921
0.0687,0.0541,0.0749,0.0789
0.0778,0.0669,0.0651,0.0715
0.1008,0.0692,0.096,0.0704
0.1076,0.0863,0.1273,0.1038
0.0906,0.0694,0.0923,0.0697
0.0792,0.0762,0.075,0.0645
0.1011,0.0697,0.0827,0.0887
0.0742,0.0757,0.0695,0.0671
0.0856,0.0666,0.0812,0.0646
0.0919,0.0628,0.1016,0.0756
0.0813,0.0715,0.0728,0.0717
0.0781,0.069,0.0879,0.0822
0.1278,0.0954,0.1717,0.0999
0.0889,0.0741,0.0945,0.0717
0.0804,0.0984,0.1322,0.0826
0.1183,0.0771,0.1423,0.1034
0.1087,0.0892,0.1285,0.1091
0.0851,0.0834,0.0927,0.0803
0.0963,0.0702,0.1036,0.0782
0.0915,0.072,0.0772,0.0687
0.0759,0.0737,0.0982,0.076
0.1007,0.0951,0.1023,0.0991
0.0824,0.072,0.0849,0.0717
0.1014,0.0655,0.1033,0.0659
0.0861,0.07,0.0754,0.0855
0.0907,0.0831,0.1254,0.0747
0.0666,0.0605,0.0863,0.0689
0.0981,0.0786,0.0938,0.0959
0.1001,0.0729,0.0933,0.0712
0.087,0.0695,0.0803,0.075
0.0959,0.074,0.0688,0.0758
0.0733,0.0637,0.0828,0.0631
0.0851,0.1033,0.1394,0.0818
0.0716,0.0658,0.0746,0.0668
0.1088,0.0748,0.1083,0.0872
0.1026,0.0768,0.1279,0.0976
0.1254,0.1008,0.143,0.1009
0.0795,0.0719,0.0672,0.0752
0.0835,0.0939,0.1177,0.0886
0.0688,0.066,0.0727,0.0647
0.113,0.0956,0.1422,0.1067
0.1107,0.0893,0.1305,0.1047
0.0717,0.0669,0.0867,0.0717
0.0809,0.0859,0.0866,0.0833
0.081,0.0689,0.0656,0.0692
0.0733,0.0946,0.1046,0.0833
0.0678,0.0627,0.0853,0.0734
0.0737,0.0597,0.0714,0.0651
0.1052,0.0827,0.1324,0.0955
0.0818,0.0683,0.091,0.065
0.09,0.0711,0.0847,0.0658
0.1147,0.0974,0.1279,0.1147
0.0846,0.0749,0.0937,0.0751
0.065,0.0633,0.0756,0.0647
0.076,0.0736,0.0667,0.0777
0.08,0.0771,0.0863,0.0758
0.086,0.0712,0.0725,0.0667
0.0987,0.1008,0.1089,0.0999
0.0822,0.0621,0.0877,0.0633
0.0789,0.0865,0.1115,0.0725
0.0904,0.0743,0.0839,0.086
0.0759,0.0698,0.0987,0.0802
0.0878,0.0632,0.0983,0.0697
0.1077,0.0829,0.1328,0.1008
0.0721,0.067,0.0715,0.0658
0.1083,0.0791,0.1311,0.0981
0.0825,0.0783,0.1009,0.0805
0.0702,0.068,0.0979,0.0873
0.0788,0.0665,0.0717,0.0754
0.0976,0.0825,0.1311,0.0921
0.1103,0.076,0.1348,0.1073
0.0715,0.0673,0.0831,0.0745
0.0969,0.0788,0.0877,0.0783
0.1066,0.0853,0.0951,0.0979
0.0878,0.0667,0.0791,0.0625
0.0791,0.0792,0.0893,0.0755
0.0742,0.094,0.1166,0.0862
0.0907,0.0779,0.0903,0.0739
0.0905,0.0811,0.0933,0.0787
0.0781,0.0608,0.0742,0.0693
0.078,0.0811,0.0897,0.0745
0.0813,0.062,0.089,0.0829
0.0931,0.0806,0.0827,0.0886
0.0821,0.0884,0.0856,0.0839
0.1088,0.0771,0.1429,0.0969
0.0955,0.0657,0.0976,0.0674
0.1156,0.0914,0.1419,0.0837
0.0826,0.0634,0.0817,0.0568
0.0819,0.0834,0.0978,0.0683
0.0815,0.0816,0.0843,0.0802
0.0778,0.0752,0.088,0.0705
0.098,0.085,0.0922,0.0867
0.07,0.0695,0.0832,0.0735
0.1168,0.0942,0.1564,0.0975
0.0765,0.0712,0.0976,0.0845
0.0673,0.064,0.0843,0.0635
0.0792,0.0726,0.0973,0.077
0.086,0.0727,0.0922,0.0699
0.0859,0.069,0.1103,0.084
0.0907,0.0748,0.09,0.0959
0.0889,0.0865,0.0897,0.0878
0.0753,0.0831,0.0921,0.0777
0.0898,0.0727,0.0817,0.0711
0.1161,0.0852,0.1287,0.0973
0.1069,0.0862,0.1213,0.1024
0.0914,0.0642,0.0969,0.0675
0.1195,0.0754,0.1565,0.1056
0.0829,0.0778,0.1026,0.0801
0.0824,0.0699,0.0682,0.0726
0.1213,0.0943,0.121,0.1066
0.0773,0.067,0.0839,0.0699
0.0845,0.0833,0.0997,0.0874
0.0886,0.0667,0.1012,0.0649
0.0758,0.088,0.1235,0.0757
0.0724,0.0707,0.0711,0.0698
0.135,0.0856,0.1495,0.1064
0.1223,0.0933,0.1715,0.0916
0.073,0.0626,0.0761,0.069
0.1017,0.0746,0.075,0.0621
0.0741,0.07,0.0686,0.0643
0.0792,0.0696,0.094,0.0796
0.0907,0.0941,0.1235,0.0898
0.0905,0.0667,0.0991,0.0864
0.0737,0.0626,0.0711,0.0656
0.1005,0.0795,0.1258,0.0987
0.1074,0.08,0.1008,0.0711
0.0813,0.0599,0.0923,0.0688
0.0863,0.0832,0.1045,0.0788
0.0819,0.0917,0.112,0.0737
0.0815,0.0728,0.0715,0.0695
0.0908,0.0726,0.0774,0.0667
0.0998,0.0871,0.1068,0.0946
0.0736,0.0584,0.0843,0.0694
0.085,0.0816,0.1014,0.089
0.0871,0.068,0.0708,0.0666
0.0827,0.073,0.0755,0.0918
0.0878,0.0774,0.1374,0.0943
0.0782,0.0766,0.0966,0.0876
0.1026,0.0839,0.0917,0.0681
0.0783,0.0932,0.1151,0.072
0.0918,0.0904,0.1025,0.1018
0.1367,0.0993,0.1517,0.1064
0.0735,0.0681,0.0686,0.0635
0.0844,0.0709,0.0727,0.0696
0.0975,0.0653,0.0688,0.0925
0.1089,0.0838,0.1307,0.1048
0.1005,0.0798,0.0721,0.0662
0.0751,0.0572,0.0699,0.065
0.1122,0.0639,0.12,0.071
0.083,0.0705,0.0665,0.0692
0.1204,0.1008,0.1047,0.1045
0.0904,0.075,0.084,0.0794
0.0881,0.082,0.0904,0.1057
0.0758,0.0769,0.1064,0.0782
0.0766,0.0784,0.1111,0.0829
0.1175,0.0834,0.1392,0.1146
0.0785,0.088,0.0851,0.0786
0.077,0.0876,0.1171,0.0689
0.1058,0.0734,0.0899,0.064
0.0861,0.0693,0.086,0.0627
0.0714,0.0655,0.0797,0.0753
0.095,0.0838,0.095,0.0932
0.0718,0.0917,0.1139,0.0852
0.0738,0.0897,0.104,0.0756
0.1034,0.0732,0.0801,0.0694
0.0796,0.0763,0.0872,0.0735
0.0763,0.0791,0.1032,0.0779
0.1213,0.0898,0.1332,0.1147
0.1049,0.0824,0.1305,0.103
0.0886,0.0766,0.0706,0.0631
0.0973,0.0775,0.0978,0.0766
0.0933,0.0788,0.1003,0.0903
0.0905,0.0833,0.0825,0.0787
0.0826,0.0688,0.0747,0.0749
0.0842,0.075,0.0663,0.0737
0.0952,0.0775,0.0839,0.0879
0.109,0.0927,0.1546,0.0887
0.0723,0.0649,0.0732,0.0692
0.0914,0.0768,0.0887,0.0673
0.1032,0.085,0.1289,0.094
0.0829,0.0623,0.0809,0.0636
0.0839,0.0826,0.0983,0.0884
0.0774,0.0914,0.1132,0.0848
0.0823,0.0831,0.0989,0.0831
0.0887,0.0703,0.0752,0.0738
0.0843,0.0661,0.0654,0.0634
0.0783,0.0688,0.0864,0.0683
0.0792,0.0924,0.105,0.08
0.0871,0.0878,0.101,0.0923
0.0837,0.0801,0.0967,0.0843
0.076,0.0946,0.1158,0.0849
0.08,0.0809,0.0945,0.0864
0.0824,0.0734,0.0666,0.0814
0.0907,0.0763,0.1327,0.1074
0.0781,0.0842,0.0912,0.0853
0.0985,0.0782,0.116,0.0849
0.0873,0.0879,0.0842,0.0807
0.0862,0.0743,0.0792,0.078
0.0811,0.0672,0.087,0.0819
0.0835,0.0685,0.0881,0.0727
0.0676,0.0624,0.0778,0.0718
0.1049,0.075,0.1406,0.0962
0.0814,0.0936,0.1161,0.0847
0.0703,0.0687,0.0822,0.0691
0.0727,0.0677,0.0794,0.0627
0.0821,0.0834,0.0967,0.0861
0.0887,0.0892,0.1179,0.0905
0.1263,0.0922,0.1125,0.0858
0.075,0.074,0.1023,0.0715
0.0938,0.0735,0.0923,0.072
0.0801,0.068,0.0702,0.0648
0.0849,0.0746,0.0995,0.0845
0.0783,0.0744,0.0669,0.0703
0.0897,0.0698,0.0775,0.0736
0.0758,0.0633,0.0713,0.0643
0.0799,0.0766,0.073,0.0616
0.1051,0.0699,0.0951,0.0713
0.0832,0.0688,0.0728,0.0692
0.0834,0.0708,0.0792,0.0728
0.093,0.0821,0.1326,0.0983
0.0891,0.0721,0.0864,0.0695
0.0869,0.0765,0.0774,0.0707
0.0892,0.0727,0.0688,0.0811
0.0728,0.0634,0.0757,0.07
0.1134,0.0945,0.1667,0.0997
0.0753,0.0679,0.0671,0.0673
0.0654,0.0629,0.0846,0.0759
0.0838,0.0669,0.082,0.0688
0.091,0.0695,0.078,0.0745
0.0782,0.0751,0.0657,0.0725
0.0798,0.0717,0.0801,0.0664
0.0837,0.0834,0.0816,0.0827
0.0932,0.066,0.0736,0.0817
0.0761,0.0669,0.0821,0.0723
0.0854,0.072,0.0755,0.0826
0.1003,0.0794,0.1203,0.1019
0.0847,0.0661,0.0976,0.0806
0.0869,0.0723,0.0989,0.0771
0.0826,0.0704,0.0711,0.0672
0.0737,0.0632,0.0849,0.08
0.091,0.0917,0.0897,0.0794
0.0937,0.0753,0.0952,0.0802
0.1016,0.0847,0.1422,0.0921
0.0986,0.0728,0.093,0.0837
0.0698,0.0896,0.1219,0.078
0.0877,0.0804,0.1144,0.0821
0.0795,0.0635,0.0838,0.0719
0.0818,0.0883,0.1024,0.0797
0.071,0.0703,0.0661,0.0651
0.1141,0.0672,0.0966,0.0681
0.0843,0.0994,0.1175,0.0863
0.0953,0.0749,0.1153,0.091
0.0699,0.0622,0.0609,0.0662
0.077,0.0607,0.0816,0.0774
0.0903,0.0788,0.1335,0.1103
0.084,0.0661,0.0757,0.0736
0.1231,0.0684,0.0862,0.068
0.0761,0.0892,0.115,0.0847
0.0836,0.0714,0.0909,0.0813
0.1202,0.0847,0.1291,0.1085
0.0782,0.077,0.0959,0.0867
0.0851,0.0891,0.0948,0.0809
0.1034,0.0724,0.0876,0.0778
0.1286,0.0933,0.1363,0.1193
0.0692,0.0646,0.0801,0.0612
0.0869,0.0745,0.0924,0.0898
0.0767,0.0668,0.0685,0.0687
0.0918,0.0671,0.0708,0.0725
0.0932,0.0814,0.0901,0.0687
0.0706,0.0998,0.1182,0.0864
0.1011,0.0671,0.0959,0.0705
0.087,0.0667,0.0908,0.0719
0.0805,0.065,0.0892,0.0737
0.0851,0.0797,0.0823,0.0888
0.117,0.0807,0.0999,0.0807
0.0878,0.0678,0.0777,0.0787
0.1143,0.0759,0.1442,0.0924
0.0792,0.0673,0.077,0.0762
0.0724,0.0628,0.0717,0.065
0.0682,0.0653,0.0883,0.068
0.1006,0.0741,0.1409,0.0939
0.1041,0.0787,0.1274,0.108
0.0773,0.0671,0.0786,0.0667
0.0681,0.062,0.0811,0.0746
0.0814,0.0769,0.094,0.0839
0.0955,0.0799,0.1384,0.0903
0.0936,0.0706,0.0715,0.0869
0.0888,0.0718,0.082,0.0863
0.0937,0.0797,0.0888,0.092
0.0808,0.071,0.0724,0.0695
0.0928,0.0782,0.1241,0.0977
0.1046,0.0786,0.1295,0.1041
0.0779,0.0794,0.1088,0.0884
0.0838,0.0777,0.1087,0.0827
0.0844,0.0695,0.0986,0.0682
0.0838,0.1048,0.1336,0.094
0.0871,0.0896,0.0873,0.0786
0.1012,0.0758,0.0694,0.0671
0.0923,0.0952,0.1246,0.1044
0.0762,0.0792,0.0944,0.0871
0.0903,0.0736,0.1066,0.0688
0.0994,0.0718,0.0753,0.066
0.0833,0.0714,0.0706,0.0654
0.0941,0.0775,0.0904,0.0743
0.0761,0.0601,0.0898,0.0748
0.0841,0.0667,0.0843,0.0667
0.0665,0.0641,0.0711,0.0678
0.0893,0.0763,0.0824,0.0795
0.0925,0.078,0.0749,0.0732
0.0853,0.0722,0.0921,0.0686
0.0903,0.0796,0.0809,0.091
0.0769,0.1027,0.1226,0.094
0.112,0.0717,0.0775,0.071
0.0849,0.0622,0.0937,0.0626
0.0701,0.0614,0.0758,0.0673
0.0763,0.0649,0.0703,0.0644
0.0862,0.0703,0.0726,0.0691
0.0823,0.0988,0.1148,0.0822
0.0775,0.0891,0.108,0.0735
0.0969,0.086,0.099,0.0701
0.0835,0.0742,0.0796,0.072
0.1194,0.0866,0.1372,0.087
0.0871,0.0692,0.0706,0.0652
0.0907,0.0963,0.0941,0.0806
0.0926,0.0689,0.0858,0.0785
0.0869,0.0703,0.0786,0.0642
0.0745,0.0925,0.1187,0.0869
0.0748,0.0613,0.0725,0.0696
0.0788,0.0789,0.1095,0.0804
0.0727,0.0614,0.0967,0.0827
0.1077,0.0735,0.0925,0.09
0.0945,0.0745,0.0876,0.0891
0.1037,0.0758,0.1391,0.0968
0.0993,0.0795,0.0809,0.0651
0.0828,0.0724,0.0713,0.0586
0.0883,0.0863,0.1011,0.0943
0.1081,0.0817,0.1114,0.0877
0.092,0.0773,0.121,0.0964
0.0822,0.0914,0.1064,0.0821
0.1133,0.0746,0.0955,0.0918
0.0741,0.0654,0.0769,0.0641
0.0888,0.073,0.1145,0.0803
0.0762,0.0757,0.0681,0.072
0.0997,0.0809,0.1447,0.1043
0.0702,0.0692,0.0851,0.0698
0.0867,0.0694,0.0778,0.0721
0.0863,0.0807,0.099,0.091
0.0864,0.0681,0.0949,0.064
0.0848,0.0731,0.075,0.0655
0.0901,0.0702,0.0778,0.0835
0.0932,0.0828,0.0993,0.0711
0.0826,0.099,0.1068,0.082
0.0882,0.0703,0.0785,0.0834
0.0998,0.0927,0.0983,0.096
0.067,0.0619,0.0884,0.0692
0.0907,0.0734,0.1087,0.0995
0.0967,0.0751,0.1383,0.1045
0.0856,0.0882,0.0844,0.0833
0.0701,0.0661,0.08,0.0799
0.0894,0.0724,0.0874,0.0667
0.093,0.0708,0.0735,0.0732
0.1057,0.0739,0.0973,0.0798
0.1056,0.0724,0.0974,0.0783
0.0917,0.0736,0.1379,0.0989
0.0972,0.0857,0.0737,0.0755
0.0796,0.0606,0.0768,0.069
0.0864,0.0639,0.0745,0.0706
0.092,0.0659,0.0746,0.08
0.0893,0.0743,0.1008,0.0707
0.0757,0.0707,0.0934,0.0749
0.0854,0.0711,0.0978,0.0727
0.0751,0.0749,0.0689,0.0593
0.0832,0.0682,0.0611,0.0664
0.0819,0.0808,0.0907,0.0732
0.0879,0.078,0.1279,0.0886
0.1087,0.0882,0.0939,0.1005
0.1017,0.0792,0.1318,0.0882
0.1006,0.0772,0.098,0.0973
0.0747,0.0697,0.0689,0.0612
0.0999,0.0759,0.0774,0.0671
0.1027,0.0702,0.1159,0.0733
0.0689,0.0619,0.0705,0.0657
0.0788,0.06,0.0882,0.0738
0.0905,0.0948,0.1264,0.0761
0.1007,0.0816,0.0925,0.0943
0.0851,0.0767,0.0715,0.064
0.0793,0.1002,0.1277,0.0889
0.0844,0.0763,0.0811,0.0665
0.0917,0.0724,0.094,0.0718
0.0835,0.0823,0.0895,0.0759
0.1073,0.0807,0.1284,0.1058
0.1075,0.087,0.1187,0.0792
0.0713,0.0732,0.0659,0.065
0.0746,0.0622,0.0736,0.067
0.074,0.0764,0.1014,0.0772
0.0909,0.0772,0.094,0.0792
0.1017,0.1009,0.1084,0.1018
0.1034,0.0744,0.1048,0.0687
0.0765,0.0701,0.071,0.0765
0.0945,0.0671,0.0893,0.0778
0.0833,0.0632,0.0729,0.0831
0.0923,0.0678,0.1086,0.0816
0.0935,0.0787,0.0864,0.0643
0.0858,0.0655,0.0777,0.0657
0.1028,0.0724,0.1034,0.0863
0.0967,0.0807,0.0927,0.0832
0.1033,0.0807,0.1243,0.1007
0.0998,0.0695,0.0779,0.0679
0.0771,0.0761,0.0985,0.0808
0.0758,0.0859,0.0908,0.0855
0.0801,0.0671,0.085,0.0645
0.1029,0.0725,0.0943,0.0696
0.0709,0.0894,0.1065,0.0741
0.1168,0.0839,0.1452,0.1057
0.0818,0.0651,0.0821,0.0636
0.0741,0.0699,0.0775,0.0579
0.1102,0.0908,0.1455,0.096
0.0835,0.0671,0.076,0.0715
0.0855,0.0645,0.087,0.084
0.1057,0.0781,0.1356,0.1025
0.0743,0.069,0.0704,0.0665
0.0927,0.0937,0.0977,0.1007
0.0845,0.0687,0.0755,0.0777
0.0704,0.0615,0.0933,0.0683
0.0941,0.0822,0.0944,0.0781
0.0763,0.0684,0.0776,0.0603
0.078,0.0738,0.0842,0.0652
0.0908,0.0688,0.0741,0.0775
0.0833,0.0643,0.077,0.0591
0.0977,0.0897,0.1188,0.0889
0.0713,0.0637,0.0824,0.0733
0.085,0.0709,0.0705,0.0619
0.0853,0.067,0.0734,0.0659
0.0799,0.0649,0.0798,0.0673
0.0742,0.0797,0.0863,0.0764
0.0875,0.0779,0.0897,0.0795
0.1184,0.083,0.1605,0.1109
0.0959,0.0849,0.116,0.0943
0.1059,0.0751,0.0892,0.0634
0.1019,0.0829,0.1213,0.0866
0.0778,0.0674,0.0669,0.067
0.0857,0.0766,0.0822,0.0804
0.0784,0.0599,0.0704,0.081
0.0804,0.0792,0.0958,0.084
0.1336,0.0833,0.1382,0.0893
0.0929,0.09,0.1023,0.0886
0.0863,0.0718,0.0909,0.0663
0.1021,0.0845,0.104,0.0984
0.0891,0.0656,0.0941,0.0688
0.1035,0.0714,0.0944,0.0769
0.078,0.0789,0.1054,0.0823
0.0802,0.0663,0.0829,0.0733
0.1093,0.0945,0.0887,0.1062
0.0768,0.0756,0.1022,0.0783
0.094,0.0713,0.0862,0.0947
0.0955,0.0796,0.1376,0.1039
0.095,0.0732,0.0945,0.0761
0.0948,0.0715,0.0869,0.0937
0.0808,0.0716,0.075,0.0707
0.1037,0.0794,0.1001,0.0861
0.0805,0.0767,0.0993,0.0745
0.0984,0.0723,0.0979,0.0829
0.0724,0.0697,0.0826,0.066
0.0807,0.07,0.0691,0.0631
0.0827,0.0692,0.0744,0.0754
0.107,0.0871,0.1254,0.0946
0.0818,0.0683,0.0896,0.0629
0.11,0.0932,0.1047,0.109
0.1054,0.0685,0.1085,0.0792
0.0713,0.0631,0.0811,0.0687
0.075,0.0638,0.0715,0.0685
0.1042,0.0879,0.0903,0.1049
0.1316,0.0901,0.1272,0.0905
0.0863,0.0737,0.1229,0.0763
0.0998,0.0698,0.0769,0.0718
0.0889,0.0674,0.0909,0.0702
0.1047,0.0941,0.1258,0.1066
0.0775,0.0785,0.0976,0.0836
0.0775,0.0916,0.1258,0.0773
0.0728,0.0627,0.074,0.0705
0.0877,0.0767,0.1022,0.0892
0.0833,0.0651,0.0834,0.0776
0.0713,0.0739,0.0707,0.0706
0.1051,0.0701,0.0911,0.0735
0.0843,0.0715,0.0765,0.0778
0.0863,0.0726,0.0895,0.0699
0.1022,0.0696,0.0879,0.0711
0.0684,0.0591,0.0825,0.0719
0.0955,0.0837,0.084,0.093
0.0948,0.076,0.0949,0.0755
0.0762,0.0674,0.0707,0.0652
0.0851,0.0682,0.0932,0.0821
0.0755,0.0769,0.1031,0.0806
0.0869,0.0807,0.0991,0.0814
0.1054,0.0839,0.1075,0.0771
0.0832,0.0718,0.0772,0.067
0.0914,0.0804,0.0959,0.0817
0.0855,0.0733,0.084,0.0644
0.0927,0.0737,0.0751,0.0651
0.072,0.0864,0.1075,0.0699
0.0925,0.0787,0.0824,0.1013
0.0832,0.071,0.0839,0.0779
0.0846,0.0681,0.094,0.0797
0.0772,0.0682,0.0662,0.0615
0.0855,0.0667,0.1073,0.0735
0.097,0.0746,0.0934,0.0763
0.0767,0.0797,0.0889,0.081
0.0722,0.0914,0.1268,0.0817
0.105,0.0783,0.1397,0.1127
0.0914,0.0962,0.1283,0.0928
0.1065,0.0852,0.1276,0.1103
0.0788,0.0774,0.0961,0.0849
0.1038,0.0857,0.0995,0.0757
0.0806,0.0814,0.0746,0.0801
0.0762,0.0716,0.0876,0.0645
0.0751,0.0705,0.0719,0.0731
0.0797,0.0696,0.07,0.0765
0.1056,0.0872,0.1461,0.0964
0.0983,0.0801,0.0862,0.0952
0.1058,0.0804,0.1432,0.1036
0.1135,0.0867,0.093,0.0778
0.0784,0.0734,0.0962,0.0865
0.1206,0.098,0.139,0.1111
0.1111,0.0724,0.0855,0.0689
0.0794,0.0593,0.0883,0.0691
0.0935,0.0795,0.144,0.0894
0.082,0.0665,0.0654,0.069
0.0897,0.0822,0.1014,0.0783
0.073,0.0856,0.096,0.0708
0.1054,0.0839,0.1367,0.0873
0.1216,0.0902,0.1442,0.0884
0.0787,0.077,0.0729,0.0609
0.0798,0.0761,0.1027,0.078
0.0792,0.0632,0.0986,0.0705
0.0979,0.0856,0.1036,0.1
0.0854,0.0643,0.0765,0.0794
0.1053,0.0697,0.0978,0.0723
0.075,0.0638,0.0873,0.0721
0.0849,0.0921,0.1097,0.0816
0.0721,0.0724,0.1014,0.0752
0.0775,0.0686,0.0681,0.0603
0.0765,0.074,0.1022,0.0784
0.0876,0.0736,0.1093,0.0679
0.1133,0.0891,0.1013,0.0947
0.0716,0.0617,0.0902,0.0794
0.1044,0.0746,0.0888,0.0835
0.0743,0.0689,0.0649,0.0635
0.1053,0.0841,0.1274,0.1119
0.0764,0.0699,0.083,0.0714
0.0777,0.0718,0.0742,0.0674
0.0815,0.0662,0.0862,0.0678
0.1376,0.0825,0.1647,0.1077
0.0784,0.074,0.0843,0.0708
0.0795,0.0696,0.0823,0.0747
0.0761,0.0647,0.08,0.0622
0.0835,0.0689,0.0915,0.0633
0.0959,0.0773,0.0977,0.074
0.0898,0.0633,0.0969,0.072
0.0937,0.0695,0.0941,0.0602
0.0729,0.0632,0.08,0.0697
0.0709,0.0622,0.077,0.067
0.088,0.072,0.0729,0.0715
0.0772,0.0689,0.0668,0.0671
0.1006,0.0784,0.0753,0.0709
0.1159,0.0826,0.1394,0.1052
0.1148,0.0886,0.1344,0.1126
0.0874,0.0636,0.0912,0.0674
0.0974,0.0792,0.1175,0.0909
0.084,0.0801,0.0775,0.0773
0.0816,0.0656,0.0603,0.0723
0.0724,0.0636,0.0893,0.0656
0.0861,0.0716,0.0666,0.0825
0.1257,0.0977,0.141,0.1069
0.0942,0.0878,0.1083,0.104
0.0813,0.0685,0.0699,0.0776
0.085,0.0728,0.0842,0.0729
0.0905,0.0748,0.0887,0.0781
0.0704,0.0719,0.0924,0.0797
0.1347,0.0906,0.1704,0.1222
0.0936,0.0904,0.1016,0.1008
0.0698,0.0687,0.0688,0.0694
0.1027,0.0802,0.1264,0.1011
0.1258,0.083,0.1476,0.0971
0.0717,0.0858,0.1133,0.0861
0.0817,0.0726,0.0746,0.0711
0.1526,0.0977,0.1511,0.1115
0.0774,0.0795,0.0966,0.087
0.0649,0.0916,0.1281,0.0783
0.1235,0.0823,0.1504,0.0943
0.0801,0.0577,0.0683,0.0687
0.0807,0.0621,0.0826,0.0674
0.0889,0.0823,0.1081,0.0867
0.0961,0.0732,0.0847,0.0602
0.0887,0.0738,0.0992,0.0683
0.08,0.0605,0.0706,0.0794
0.0868,0.0672,0.0754,0.0653
0.0882,0.0898,0.0916,0.0822
0.1234,0.0917,0.137,0.0962
0.0878,0.0875,0.0884,0.0814
0.0747,0.0786,0.0868,0.0756
0.0944,0.0689,0.0965,0.0627
0.0863,0.0725,0.0768,0.0786
0.0757,0.0625,0.0859,0.0732
0.0845,0.0702,0.0702,0.0688
0.1232,0.0895,0.1418,0.1182
0.1329,0.0864,0.167,0.1085
0.1145,0.085,0.1566,0.1044
0.1027,0.0912,0.0953,0.1033
0.0696,0.0669,0.0864,0.072
0.0652,0.0875,0.1155,0.0774
0.0786,0.0649,0.0909,0.0662
0.0852,0.0805,0.1013,0.0779
0.0769,0.0576,0.0699,0.0653
0.079,0.0654,0.068,0.0655
0.1068,0.0804,0.134,0.1026
0.0844,0.0722,0.0767,0.0646
0.0733,0.063,0.0774,0.0703
0.1198,0.1035,0.1689,0.1022
0.0883,0.0712,0.0957,0.0789
0.1172,0.0922,0.1435,0.1113
0.0916,0.0841,0.1137,0.0803
0.0956,0.08,0.1006,0.0696
0.0706,0.0865,0.0983,0.0742
0.0891,0.0886,0.0817,0.0789
0.0877,0.0905,0.1119,0.0685
0.0873,0.0607,0.084,0.0641
0.0743,0.0684,0.0854,0.0744
0.0838,0.1022,0.1374,0.0863
0.0682,0.0707,0.0832,0.0733
0.0922,0.0794,0.0738,0.066
0.0885,0.0968,0.1379,0.0783
0.0938,0.0748,0.129,0.0708
0.0782,0.0934,0.1186,0.0815
0.0786,0.0746,0.0996,0.0768
0.0808,0.0779,0.0876,0.0735
0.0869,0.0716,0.0921,0.0696
0.0828,0.0717,0.0762,0.0686
0.0812,0.0711,0.0808,0.0757
0.0773,0.0912,0.1046,0.0825
0.0764,0.068,0.0837,0.0592
0.0833,0.0742,0.0653,0.0684
0.0731,0.0704,0.0704,0.0658
0.0749,0.0762,0.0932,0.0846
0.1047,0.0812,0.1407,0.1023
0.0994,0.0889,0.1331,0.1021
0.1262,0.0842,0.1487,0.1069
0.0983,0.0713,0.1074,0.0683
0.0889,0.0735,0.0738,0.0759
0.1352,0.073,0.1222,0.08
0.0774,0.0751,0.0822,0.0699
0.0824,0.0734,0.0888,0.0658
0.1081,0.0849,0.1438,0.1082
0.0761,0.0651,0.0783,0.0646
0.1045,0.1106,0.1158,0.0976
0.0742,0.0607,0.084,0.0707
0.0776,0.0675,0.0698,0.0651
0.0898,0.0888,0.1023,0.0939
0.0769,0.0633,0.0934,0.0681
0.0772,0.07,0.0784,0.0607
0.092,0.0666,0.0853,0.0778
0.0927,0.0738,0.0887,0.07
0.1069,0.0813,0.0926,0.1058
0.1034,0.0839,0.0952,0.0873
0.0792,0.0747,0.1031,0.0767
0.0831,0.0662,0.064,0.072
0.0713,0.0633,0.0745,0.0679
0.0849,0.0635,0.0923,0.0634
0.0797,0.0641,0.0797,0.0725
0.0688,0.0679,0.069,0.0688
0.0747,0.0637,0.0716,0.0649
0.0742,0.0599,0.0898,0.0759
0.0972,0.0908,0.1018,0.0839
0.0856,0.0729,0.0693,0.0747
0.0821,0.0651,0.0861,0.0727
0.0728,0.0823,0.1035,0.0698
0.084,0.0688,0.0731,0.0739
0.0746,0.0662,0.0686,0.0674
0.0747,0.0799,0.092,0.0764
0.0952,0.0803,0.1119,0.0855
0.0771,0.0596,0.0701,0.07
0.094,0.0795,0.1199,0.1056
0.0766,0.0646,0.0748,0.0679
0.0808,0.0767,0.0951,0.0869
0.0895,0.0781,0.079,0.0688
0.0714,0.0616,0.0898,0.0817
0.0905,0.0797,0.122,0.0727
0.0928,0.0762,0.0997,0.077
0.0754,0.0718,0.068,0.0611
0.0878,0.0815,0.0954,0.0782
0.0807,0.0661,0.0936,0.0754
0.0827,0.0993,0.109,0.0926
0.1048,0.0919,0.1396,0.1062
0.0742,0.0667,0.0695,0.0694
0.084,0.064,0.0835,0.0778
0.1006,0.0807,0.0901,0.0808
0.0997,0.0697,0.0946,0.075
0.0889,0.0681,0.0839,0.0653
0.0725,0.0645,0.0798,0.066
0.0944,0.074,0.0937,0.0689
0.1234,0.09,0.1312,0.1071
0.0824,0.0581,0.0749,0.074
0.1098,0.0828,0.1325,0.1085
0.0927,0.0768,0.1188,0.091
0.0931,0.0884,0.1367,0.0935
0.0801,0.0623,0.0903,0.0693
0.0998,0.0673,0.0954,0.0655
0.0935,0.0666,0.0875,0.0915
0.0759,0.071,0.0869,0.0746
0.0857,0.0983,0.1281,0.0902
0.0875,0.0622,0.0729,0.0818
0.094,0.0659,0.0923,0.0858
0.0796,0.0686,0.0996,0.0776
0.0841,0.0724,0.0908,0.0673
0.0875,0.0737,0.0675,0.0686
0.0894,0.0796,0.0835,0.0642
0.0715,0.0718,0.0889,0.0752
0.0816,0.0656,0.0855,0.069
0.0989,0.0815,0.14,0.1102
0.09,0.0873,0.106,0.0784
0.0943,0.074,0.099,0.0688
0.0865,0.0754,0.1006,0.074
0.0988,0.0674,0.077,0.086
0.0764,0.0779,0.1085,0.0828
0.0742,0.0665,0.0749,0.0682
0.0782,0.0898,0.1075,0.0773
0.1065,0.0646,0.1102,0.0654
0.0927,0.0698,0.0824,0.0764
0.0956,0.0674,0.0734,0.0743
0.0742,0.0638,0.0848,0.0749
0.0784,0.0776,0.0683,0.0729
0.0815,0.0714,0.0911,0.073
0.0846,0.0704,0.0744,0.0722
0.0711,0.0639,0.0782,0.0704
0.0725,0.068,0.0816,0.0698
0.0851,0.0721,0.0698,0.0786
0.087,0.0699,0.0751,0.0687
0.0868,0.0771,0.0927,0.0753
0.0847,0.0707,0.0693,0.075
0.1064,0.0779,0.14,0.0996
0.1128,0.0724,0.1293,0.0967
0.0785,0.0705,0.0634,0.0647
0.0829,0.1,0.1141,0.0839
0.0862,0.0699,0.077,0.0646
0.0901,0.0735,0.0776,0.0855
0.0849,0.0788,0.0954,0.0827
0.1097,0.0779,0.0892,0.0805
0.0838,0.0676,0.0712,0.073
0.0922,0.0746,0.0941,0.0694
0.0955,0.062,0.1036,0.0684
0.0957,0.0741,0.0986,0.0765
0.0761,0.0694,0.074,0.0712
0.1068,0.0813,0.0999,0.0981
0.0734,0.0684,0.0815,0.0734
0.1021,0.069,0.1142,0.0803
0.0785,0.0999,0.1139,0.0828
0.0672,0.0906,0.1176,0.0819
0.0865,0.068,0.0856,0.0781
0.0975,0.0992,0.0999,0.0884
0.0743,0.0822,0.0909,0.0713
0.0768,0.0858,0.1156,0.0694
0.0792,0.0713,0.0749,0.0634
0.0858,0.0761,0.0918,0.0833
0.0966,0.0905,0.0999,0.0916
0.0747,0.0592,0.0677,0.0686
0.0786,0.0727,0.0769,0.0802
0.0808,0.0585,0.0786,0.0812
0.1028,0.0668,0.0932,0.0679
0.1301,0.0948,0.1737,0.0946
0.0875,0.0713,0.0692,0.0702
0.0897,0.0682,0.0798,0.071
0.0826,0.0639,0.0978,0.0656
0.1041,0.07,0.0974,0.0928
0.0735,0.0613,0.0886,0.0703
0.1073,0.0862,0.1092,0.0935
0.0924,0.0887,0.0962,0.0836
0.0772,0.0605,0.0714,0.0697
0.0881,0.0853,0.1038,0.0944
0.0713,0.072,0.0867,0.0696
0.1228,0.0963,0.1075,0.0992
0.0772,0.0717,0.068,0.0628
0.111,0.0829,0.1176,0.0939
0.1084,0.0865,0.1269,0.1049
0.1065,0.0794,0.0949,0.1015
0.0809,0.0697,0.0811,0.0675
0.0732,0.0629,0.072,0.0655
0.0705,0.0731,0.105,0.0757
0.0921,0.0931,0.1271,0.0859
0.0884,0.0697,0.0969,0.0669
0.0865,0.0703,0.0791,0.074
0.0756,0.1025,0.1198,0.0905
0.1184,0.0895,0.1387,0.1008
0.0862,0.078,0.0983,0.0666
0.0904,0.0676,0.0934,0.06
0.0675,0.0662,0.0896,0.0713
0.1086,0.0893,0.1124,0.0889
0.0977,0.0884,0.1032,0.0641
0.104,0.0666,0.0746,0.0716
0.08,0.0753,0.0835,0.059
0.0694,0.0772,0.0862,0.0785
0.095,0.0797,0.0967,0.0856
0.083,0.0798,0.0784,0.0656
0.0822,0.0811,0.0966,0.0897
0.0808,0.0654,0.0644,0.0645
0.0798,0.074,0.086,0.079
0.0855,0.0753,0.085,0.0716
0.0891,0.0693,0.1038,0.0715
0.0883,0.0668,0.0929,0.0773
0.0788,0.0917,0.1225,0.0756
0.0717,0.0601,0.0863,0.0796
0.0768,0.0673,0.0848,0.0719
0.0976,0.0736,0.0792,0.0779
0.0875,0.0785,0.1126,0.0874
0.1009,0.0795,0.0845,0.0813
0.0891,0.0629,0.0952,0.0672
0.0797,0.0648,0.0969,0.0693
0.0795,0.0708,0.0692,0.06
0.0702,0.0701,0.084,0.0633
0.0768,0.0854,0.0854,0.0597
0.0809,0.0795,0.1059,0.086
0.103,0.0672,0.0943,0.0698
0.0851,0.0718,0.0786,0.0714
0.1076,0.0861,0.1292,0.0983
0.0969,0.0749,0.0824,0.0716
0.1075,0.0842,0.1469,0.0844
0.0989,0.0701,0.1046,0.0845
0.1173,0.0837,0.1456,0.1067
0.0909,0.0763,0.0889,0.0856
0.0691,0.0565,0.0821,0.0643
0.0981,0.0653,0.1157,0.0677
0.0955,0.0775,0.0751,0.073
0.088,0.0729,0.0924,0.0667
0.098,0.0639,0.1196,0.0716
0.0829,0.0598,0.0773,0.0745
0.096,0.0668,0.1038,0.0714
0.0816,0.0706,0.0955,0.0695
0.0699,0.073,0.0765,0.0666
0.0721,0.0743,0.0848,0.0724
0.0939,0.0773,0.1316,0.0984
0.0759,0.0961,0.1102,0.0799
0.0697,0.0621,0.0788,0.0754
0.0806,0.0667,0.0665,0.0615
0.081,0.0638,0.0721,0.0685
0.068,0.0636,0.0888,0.0714
0.0708,0.0631,0.077,0.0697
0.0803,0.0707,0.072,0.0633
0.1107,0.1006,0.1403,0.0801
0.0954,0.0739,0.091,0.0709
0.0754,0.0771,0.0951,0.0848
0.0688,0.0864,0.0997,0.0747
0.075,0.0664,0.0681,0.0747
0.0821,0.0687,0.0801,0.0665
0.0764,0.0684,0.0731,0.0668
0.0719,0.0659,0.0851,0.0636
0.0793,0.0778,0.0962,0.0867
0.0914,0.0637,0.0963,0.0708
0.0761,0.0642,0.0711,0.0649
0.0735,0.0625,0.0845,0.066
0.0741,0.0704,0.0848,0.062
0.0852,0.0833,0.0862,0.0757
0.091,0.0885,0.1109,0.0831
0.0719,0.0642,0.0715,0.0638
0.1049,0.0646,0.1221,0.072
0.0848,0.0715,0.0804,0.0646
0.078,0.0851,0.0843,0.0797
0.0958,0.0681,0.0824,0.0585
0.107,0.0773,0.1235,0.0903
0.1215,0.0806,0.1497,0.1018
0.0969,0.0734,0.1089,0.0789
0.1136,0.0759,0.1135,0.0711
0.0897,0.0839,0.1003,0.0775
0.0829,0.0787,0.0759,0.0761
0.0958,0.0747,0.1,0.0834
0.0905,0.0748,0.0884,0.0848
0.0896,0.0718,0.0763,0.0668
0.0803,0.0701,0.073,0.0692
0.099,0.1012,0.1272,0.0729
0.1065,0.0715,0.1113,0.0853
0.0944,0.0662,0.098,0.0651
0.103,0.0739,0.0816,0.081
0.0871,0.0826,0.0959,0.0795
0.0804,0.0761,0.0894,0.0676
0.1061,0.081,0.0916,0.0978
0.0822,0.0658,0.0632,0.0714
0.0972,0.0975,0.1256,0.108
0.0878,0.0742,0.0789,0.066
0.0826,0.0677,0.0903,0.0804
0.0742,0.0877,0.1094,0.0729
0.0805,0.0689,0.0809,0.07
0.0734,0.0662,0.0825,0.0633
0.0681,0.0759,0.0847,0.0762
0.0798,0.0717,0.0986,0.0835
0.103,0.0849,0.1344,0.1096
0.0691,0.0758,0.086,0.0678
0.0839,0.0828,0.0911,0.0848
0.076,0.0714,0.0852,0.0628
0.0996,0.0836,0.0931,0.0729
0.0908,0.084,0.0905,0.0787
0.0837,0.0703,0.0757,0.0698
0.0877,0.0811,0.0904,0.0838
0.092,0.0757,0.0888,0.0712
0.0873,0.0786,0.101,0.0754
0.0886,0.0735,0.0978,0.0667
0.0904,0.0753,0.1023,0.0791
0.1052,0.0765,0.1053,0.0769
0.0763,0.0786,0.0672,0.0664
0.0992,0.0738,0.0855,0.0732
0.0967,0.0844,0.1143,0.0873
0.0782,0.0669,0.0875,0.0743
0.0723,0.0666,0.0913,0.0648
0.1003,0.0742,0.0833,0.0724
0.0792,0.072,0.0888,0.0679
0.0826,0.0773,0.0909,0.0819
0.0716,0.0662,0.0704,0.0639
0.1073,0.0871,0.1674,0.0915
0.0937,0.0751,0.0712,0.0726
0.1038,0.0728,0.0796,0.073
0.0907,0.0906,0.1027,0.0978
0.0927,0.076,0.0908,0.0743
0.0892,0.0739,0.0674,0.0802
0.0793,0.0692,0.0627,0.0714
0.0938,0.0667,0.0828,0.0913
0.0836,0.0678,0.0672,0.0754
0.0792,0.0878,0.1085,0.0728
0.0895,0.0728,0.073,0.0686
0.0804,0.0599,0.0811,0.0708
0.0835,0.0669,0.1008,0.07
0.0871,0.0838,0.0933,0.0817
0.0949,0.0721,0.0898,0.0807
0.0841,0.0804,0.075,0.0783
0.0797,0.0664,0.0645,0.0733
0.0728,0.0617,0.0892,0.071
0.0857,0.0732,0.0961,0.0799
0.0873,0.0833,0.0888,0.0717
0.0735,0.0622,0.0878,0.081
0.0718,0.07,0.0942,0.0824
0.1171,0.0907,0.1403,0.1044
0.0853,0.0661,0.0648,0.0746
0.0753,0.0683,0.0676,0.0639
0.0779,0.0659,0.0779,0.0605
0.0837,0.066,0.076,0.0661
0.1027,0.0699,0.075,0.0828
0.0801,0.0813,0.1116,0.0955
0.0817,0.0688,0.0636,0.0633
0.0894,0.0729,0.0805,0.0881
0.0703,0.0882,0.1153,0.0837
0.0883,0.0629,0.0757,0.0734
0.0707,0.0623,0.09,0.08
0.0908,0.0937,0.0959,0.0957
0.0697,0.0668,0.0885,0.0726
0.13,0.0888,0.1324,0.1018
0.0921,0.0697,0.0748,0.0622
0.0899,0.0719,0.0876,0.0822
0.0816,0.0744,0.0837,0.077
0.0969,0.0652,0.0937,0.0654
0.0843,0.0692,0.0682,0.0755
0.0845,0.096,0.1142,0.0851
0.0997,0.0806,0.0939,0.0792
0.0894,0.0792,0.1291,0.0913
0.0984,0.0863,0.0914,0.0797
0.0867,0.0778,0.0828,0.0756
0.0969,0.0844,0.0969,0.0859
0.0913,0.0637,0.1105,0.072
0.0801,0.0814,0.1043,0.087
0.0938,0.1029,0.091,0.0805
0.084,0.069,0.0679,0.0656
0.1178,0.0816,0.1292,0.0914
0.0801,0.0818,0.088,0.0788
0.1434,0.105,0.1398,0.1181
0.093,0.0773,0.0966,0.0799
0.0874,0.0816,0.0942,0.086
0.0673,0.066,0.0821,0.0738
0.0759,0.0609,0.0678,0.0681
0.0796,0.0884,0.1108,0.0731
0.0947,0.0689,0.0805,0.0624
0.0809,0.0627,0.0842,0.0754
0.0806,0.0646,0.0849,0.0696
0.0931,0.075,0.0951,0.0799
0.1125,0.0854,0.1335,0.1078
0.0673,0.0868,0.1018,0.0767
0.1226,0.1017,0.1085,0.1151
0.1103,0.0891,0.1112,0.0783
0.0959,0.0776,0.0973,0.0766
0.0942,0.0646,0.0773,0.0868
0.0742,0.0935,0.1133,0.0809
0.1025,0.0691,0.0966,0.072
0.104,0.0716,0.082,0.0609
0.0799,0.0674,0.0758,0.0705
0.0671,0.062,0.0864,0.0722
0.1075,0.0815,0.093,0.1033
0.086,0.0673,0.0755,0.076
0.0987,0.0836,0.1045,0.0819
0.0995,0.0882,0.1024,0.1004
0.0687,0.0716,0.098,0.0805
0.0923,0.0872,0.1052,0.0868
0.0741,0.0652,0.0728,0.0699
0.0829,0.0611,0.0803,0.0743
0.0789,0.0656,0.0797,0.0802
0.0773,0.0724,0.0693,0.0636
0.0802,0.0732,0.0963,0.0879
0.0785,0.0689,0.0739,0.0681
0.0954,0.0641,0.1151,0.0684
0.1024,0.0934,0.0999,0.0928
0.0788,0.0736,0.0828,0.0705
0.0994,0.0695,0.0871,0.0829
0.083,0.0665,0.0679,0.0639
0.0821,0.0601,0.0639,0.0687
0.123,0.0843,0.1628,0.1129
0.08,0.0683,0.0892,0.0634
0.0756,0.075,0.0727,0.0631
0.079,0.0682,0.0697,0.0727
0.0874,0.072,0.0801,0.0636
0.084,0.0706,0.0795,0.0683
0.0843,0.0698,0.0802,0.0678
0.0863,0.0852,0.0826,0.0812
0.1003,0.0755,0.0743,0.064
0.0769,0.086,0.0898,0.0832
0.0889,0.0714,0.0724,0.0608
0.1122,0.0908,0.1004,0.0931
0.0731,0.092,0.1034,0.0756
0.0684,0.0623,0.0796,0.0678
0.0939,0.0635,0.0776,0.0955
0.0704,0.0664,0.0817,0.0685
0.0727,0.0608,0.0837,0.0696
0.0801,0.0751,0.0728,0.0619
0.0771,0.0665,0.0708,0.0723
0.0843,0.0658,0.0706,0.0676
0.1004,0.0762,0.1397,0.1017
0.0816,0.0716,0.0798,0.0744
0.0676,0.0678,0.0873,0.0665
0.1027,0.0723,0.0966,0.0767
0.0991,0.084,0.1415,0.1045
0.1215,0.0893,0.1237,0.1105
0.0859,0.0703,0.0795,0.0847
0.0816,0.0698,0.0927,0.0649
0.103,0.0716,0.0833,0.0889
0.0971,0.072,0.0834,0.0779
0.1054,0.0785,0.1002,0.0784
0.0904,0.0831,0.1021,0.1016
0.0795,0.0757,0.0858,0.0719
0.0891,0.0684,0.0921,0.068
0.1065,0.0876,0.1006,0.0876
0.0722,0.0698,0.0794,0.0637
0.091,0.0879,0.0846,0.0772
0.0719,0.0594,0.0823,0.0682
0.0713,0.0912,0.1291,0.0841
0.0905,0.0728,0.0822,0.0993
0.08,0.0687,0.0748,0.0745
0.1058,0.0849,0.1331,0.1045
0.1065,0.0912,0.1409,0.1001
0.1016,0.0818,0.0889,0.0764
0.0884,0.0718,0.0725,0.0718
0.0726,0.0876,0.1146,0.0698
0.0786,0.0676,0.072,0.0752
0.0834,0.0745,0.0866,0.0798
0.0877,0.0694,0.0864,0.0801
0.0997,0.0666,0.099,0.0687
0.0916,0.0708,0.0719,0.0662
0.0805,0.0696,0.067,0.0694
0.0797,0.0718,0.0757,0.0633
0.0682,0.0693,0.0844,0.0699
0.0847,0.069,0.0664,0.0611
0.0911,0.0677,0.074,0.0795
0.0831,0.0682,0.073,0.0677
0.1076,0.0862,0.127,0.0872
0.0919,0.0676,0.1103,0.0945
0.0959,0.0765,0.0752,0.0718
0.0786,0.0638,0.0955,0.0668
0.0778,0.0811,0.0924,0.0811
0.0828,0.0666,0.0628,0.0642
0.0709,0.0654,0.0765,0.0698
0.0692,0.0693,0.088,0.0689
0.0789,0.0663,0.0727,0.0923
0.0722,0.0707,0.0678,0.0631
0.0771,0.0708,0.0708,0.0608
0.1006,0.072,0.1013,0.0697
0.0907,0.0683,0.1074,0.0682
0.0918,0.0726,0.093,0.0785
0.0787,0.0729,0.0636,0.0702
0.0766,0.0766,0.0953,0.086
0.101,0.0748,0.0873,0.0715
0.116,0.1182,0.1346,0.1267
0.0896,0.065,0.0837,0.061
0.089,0.0815,0.0937,0.078
0.0824,0.0768,0.0739,0.0719
0.1003,0.0768,0.1389,0.1058
0.0836,0.0751,0.0795,0.0728
0.0714,0.0664,0.0844,0.0711
0.103,0.0856,0.1015,0.0989
0.0874,0.0794,0.1261,0.0833
0.0823,0.0671,0.0986,0.077
0.0898,0.0685,0.0704,0.0731
0.0804,0.0667,0.0889,0.0662
0.0933,0.0774,0.0813,0.0619
0.0784,0.0614,0.0929,0.0697
0.0799,0.0651,0.0662,0.0652
0.0915,0.0828,0.1074,0.0879
0.0694,0.0746,0.1047,0.081
0.0746,0.0759,0.0829,0.0718
0.1098,0.091,0.1014,0.1049
0.0832,0.063,0.0992,0.0674
0.0949,0.0773,0.0832,0.0662
0.0944,0.0763,0.1126,0.0724
0.0988,0.0652,0.1075,0.0736
0.0929,0.0981,0.1231,0.0927
0.0826,0.0753,0.0849,0.0642
0.0763,0.0618,0.0798,0.0807
0.0735,0.0621,0.0796,0.0663
0.1058,0.0681,0.1,0.0788
0.1288,0.0948,0.1309,0.1142
0.0733,0.0619,0.0791,0.0734
0.0669,0.0625,0.0927,0.0719
0.0755,0.0789,0.0889,0.0714
0.0834,0.0857,0.0905,0.0789
0.0765,0.0677,0.0723,0.0702
0.081,0.0652,0.0917,0.0756
0.079,0.0583,0.0708,0.067
0.0863,0.0709,0.1044,0.076
0.0843,0.0771,0.0935,0.0685
0.0683,0.0644,0.0694,0.0664
0.0808,0.0744,0.0955,0.0738
0.0841,0.0709,0.0573,0.0754
0.0782,0.0762,0.1027,0.0792
0.0645,0.0538,0.0709,0.0668
0.112,0.0863,0.1268,0.1061
0.0877,0.0692,0.0935,0.0657
0.0972,0.0669,0.1109,0.0746
0.0698,0.0734,0.0861,0.0731
0.0733,0.078,0.0888,0.0785
0.0704,0.0702,0.0794,0.0612
0.0812,0.0721,0.0913,0.0758
0.0876,0.0746,0.0924,0.081
0.0769,0.0675,0.0675,0.0611
0.09,0.0709,0.0709,0.0706
0.1006,0.0756,0.1051,0.0777
0.0808,0.0764,0.1041,0.0784
0.085,0.0848,0.1209,0.0752
0.076,0.0699,0.0865,0.0756
0.0805,0.0766,0.0941,0.0819
0.1089,0.085,0.135,0.1051
0.0961,0.0651,0.07,0.0623
0.1122,0.091,0.1053,0.0936
0.0832,0.0719,0.0774,0.0607
0.0896,0.0665,0.0883,0.0787
0.1282,0.1028,0.1305,0.0958
0.0703,0.0632,0.072,0.0717
0.0911,0.0794,0.085,0.0644
0.0839,0.0689,0.0733,0.0683
0.0751,0.089,0.1141,0.0839
0.0827,0.0713,0.0938,0.0644
0.0878,0.0642,0.0748,0.0674
0.1005,0.094,0.0957,0.1042
0.0762,0.0747,0.0644,0.0666
0.1048,0.0945,0.1055,0.1037
0.0955,0.0799,0.1224,0.0996
0.0785,0.1021,0.1091,0.0809
0.0964,0.0777,0.0981,0.0712
0.0827,0.0729,0.065,0.0687
0.0821,0.0646,0.0597,0.0713
0.0647,0.0663,0.0783,0.0672
0.0911,0.0918,0.1165,0.0885
0.0883,0.0859,0.115,0.0764
0.1076,0.0817,0.1515,0.0822
0.0672,0.0657,0.079,0.0641
0.1041,0.0832,0.135,0.0834
0.0677,0.0893,0.1044,0.0738
0.1248,0.0818,0.1587,0.1095
0.1008,0.0833,0.1365,0.0766
0.1015,0.0807,0.1281,0.0981
0.0895,0.0711,0.0695,0.0713
0.0801,0.0663,0.0765,0.0702
0.0964,0.0711,0.0832,0.0828
0.0876,0.0738,0.0816,0.0774
0.0619,0.0703,0.0813,0.0735
0.0957,0.0666,0.0992,0.0729
0.0989,0.0785,0.1232,0.0873
0.0903,0.0714,0.0792,0.0614
0.1111,0.0921,0.1133,0.0952
0.0886,0.0619,0.085,0.0795
0.0827,0.0767,0.0816,0.0857
0.09,0.0665,0.1019,0.0852
0.0952,0.085,0.1,0.0962
0.0989,0.0769,0.0937,0.067
0.0962,0.0688,0.1059,0.0674
0.1149,0.0824,0.1324,0.1072
0.0784,0.0749,0.0875,0.08
0.0824,0.0711,0.079,0.0692
0.0855,0.0659,0.0983,0.0641
0.0997,0.0665,0.1201,0.0694
0.1001,0.0651,0.11,0.0722
0.0924,0.0768,0.0964,0.0783
0.0772,0.0705,0.0876,0.0655
0.085,0.0632,0.0725,0.0802
0.0794,0.0673,0.0856,0.0679
0.089,0.0685,0.0999,0.0641
0.0971,0.0921,0.1298,0.0852
0.0806,0.0853,0.087,0.0619
0.1281,0.0841,0.1613,0.1153
0.1023,0.08,0.1535,0.0974
0.1041,0.0643,0.0808,0.0711
0.0858,0.063,0.0836,0.059
0.0839,0.089,0.0909,0.0775
0.0954,0.0779,0.1258,0.0946
0.0912,0.0742,0.0963,0.0869
0.0837,0.0751,0.0937,0.0717
0.0813,0.0769,0.0688,0.0731
0.1036,0.0949,0.1292,0.1051
0.0772,0.0697,0.0683,0.0632
0.1028,0.1024,0.1128,0.1067
0.0743,0.0661,0.09,0.0765
0.1069,0.0795,0.0982,0.0697
0.0716,0.0659,0.0809,0.0667
0.0916,0.0684,0.081,0.074
0.1085,0.0731,0.0892,0.0777
0.0823,0.0693,0.0719,0.0747
0.1037,0.0989,0.1228,0.0832
0.0989,0.0732,0.0973,0.0686
0.0651,0.0687,0.086,0.0711
0.0966,0.0601,0.1063,0.0664
0.0796,0.0683,0.0885,0.0698
0.096,0.1047,0.1184,0.1033
0.0865,0.0658,0.0922,0.0693
0.0825,0.0729,0.0839,0.0714
0.095,0.0823,0.1076,0.0841
0.077,0.0816,0.0981,0.0702
0.0786,0.0669,0.0641,0.0647
0.0929,0.0732,0.131,0.0994
0.0679,0.0701,0.0764,0.0609
0.0881,0.0677,0.0798,0.0722
0.0925,0.0704,0.0876,0.0768
0.0803,0.0625,0.0787,0.0797
0.0739,0.0719,0.0701,0.0661
0.0752,0.0635,0.0745,0.0709
0.068,0.0644,0.0859,0.0712
0.1004,0.0847,0.1263,0.1073
0.1179,0.0887,0.1314,0.0989
0.0819,0.0803,0.0863,0.0879
0.0738,0.0701,0.0682,0.0709
0.0811,0.07,0.0655,0.0772
0.0858,0.0732,0.0799,0.0671
0.0792,0.0656,0.0759,0.0691
0.0803,0.0787,0.0727,0.0793
0.0792,0.0703,0.0933,0.0682
0.1077,0.0848,0.1224,0.1103
0.1188,0.0864,0.0884,0.0833
0.0772,0.0679,0.0676,0.0654
0.0966,0.0964,0.1233,0.1036
0.0855,0.0731,0.0965,0.084
0.0889,0.0736,0.0815,0.075
0.0712,0.07,0.0704,0.0701
0.1136,0.0853,0.1014,0.0769
0.0941,0.0908,0.1264,0.0859
0.0834,0.0605,0.0863,0.0697
0.0848,0.0836,0.0722,0.0669
0.0771,0.0666,0.0855,0.0854
0.077,0.0673,0.0918,0.0715
0.0846,0.0652,0.0664,0.0646
0.1072,0.0912,0.0933,0.1054
0.0861,0.0709,0.0874,0.0812
0.0863,0.087,0.0999,0.0923
0.0792,0.078,0.0869,0.0743
0.098,0.0785,0.081,0.0657
0.0743,0.0705,0.0664,0.0624
0.1055,0.0689,0.079,0.0922
0.0881,0.0801,0.0759,0.0675
0.0797,0.0689,0.0863,0.0682
0.1507,0.099,0.1545,0.1124
0.1099,0.089,0.0932,0.101
0.0902,0.072,0.0978,0.0691
0.1114,0.0881,0.1241,0.0959
0.0967,0.0669,0.0698,0.0719
0.0795,0.0789,0.1029,0.0775
0.0838,0.0791,0.0963,0.0877
0.1106,0.0936,0.1412,0.0999
0.0742,0.0861,0.1142,0.0791
0.0906,0.0793,0.111,0.0707
0.0844,0.0752,0.0728,0.0612
0.0731,0.0737,0.0681,0.0603
0.1078,0.0653,0.1056,0.0762
0.0913,0.0781,0.0858,0.0869
0.0884,0.0803,0.0867,0.0807
0.0753,0.0718,0.0842,0.0611
0.0715,0.0665,0.0934,0.0728
0.0834,0.0843,0.1039,0.1037
0.074,0.0704,0.1003,0.077
0.0736,0.0658,0.0942,0.079
0.1122,0.0779,0.1076,0.0746
0.0888,0.0649,0.0858,0.0623
0.1029,0.079,0.1208,0.1018
0.0808,0.0744,0.0737,0.0631
0.0833,0.0806,0.0894,0.0672
0.0761,0.068,0.0721,0.0666
0.0806,0.0762,0.0955,0.0836
0.0841,0.0871,0.1092,0.0896
0.0773,0.0644,0.0852,0.0635
0.0823,0.0779,0.0963,0.0904
0.088,0.0737,0.0909,0.071
0.0748,0.0593,0.0744,0.0776
0.0872,0.0785,0.0742,0.071
0.0776,0.0738,0.0971,0.0811
0.096,0.0753,0.0999,0.0695
0.0796,0.0651,0.0822,0.0764
0.1034,0.073,0.0835,0.0638
0.0704,0.0673,0.0902,0.0811
0.0957,0.0939,0.1374,0.1075
0.1014,0.0803,0.0817,0.0925
0.0834,0.0702,0.0769,0.0717
0.0808,0.078,0.0741,0.076
0.078,0.0679,0.0715,0.0732
0.0894,0.0642,0.0724,0.0701
0.0807,0.0722,0.0919,0.0719
0.0723,0.0622,0.092,0.0732
0.1352,0.0823,0.1644,0.1046
0.1258,0.0766,0.1585,0.1064
0.076,0.0717,0.0707,0.0779
0.0863,0.0719,0.0768,0.0706
0.1071,0.0789,0.1269,0.1069
0.0805,0.0717,0.0727,0.0733
0.1,0.0632,0.0921,0.066
0.097,0.0788,0.1255,0.1007
0.0912,0.0772,0.0954,0.0824
0.0846,0.0671,0.0834,0.0593
0.0952,0.0767,0.126,0.0978
0.0892,0.0658,0.0868,0.0682
0.0843,0.0908,0.0915,0.0868
0.0813,0.0747,0.0604,0.0776
0.0969,0.069,0.1033,0.0721
0.0932,0.0706,0.0947,0.0636
0.0811,0.1064,0.1308,0.1034
0.0759,0.0638,0.0886,0.0733
0.0726,0.0787,0.0855,0.0736
0.1186,0.083,0.137,0.1074
0.0819,0.0683,0.0724,0.0699
0.0737,0.0885,0.1084,0.0747
0.0833,0.0576,0.0767,0.0758
0.0794,0.0714,0.0784,0.0784
0.0774,0.0651,0.0862,0.0705
0.0733,0.0683,0.088,0.0719
0.078,0.0678,0.0688,0.0661
0.0878,0.0805,0.093,0.0774
0.0909,0.0699,0.0844,0.0775
0.0809,0.0662,0.0828,0.0682
0.0824,0.0666,0.0759,0.0664
0.0961,0.0659,0.0912,0.0754
0.0983,0.0832,0.0758,0.0654
0.0735,0.0657,0.0732,0.0716
0.0856,0.0676,0.0715,0.0655
0.0859,0.065,0.0939,0.0732
0.0758,0.0707,0.0688,0.0696
0.0827,0.0804,0.0964,0.0778
0.0732,0.0639,0.0899,0.0714
0.1059,0.0743,0.0967,0.0693
0.1132,0.0903,0.1158,0.0861
0.0781,0.0719,0.0715,0.0636
0.08,0.0592,0.0771,0.0742
0.1018,0.0787,0.07,0.0694
0.0947,0.0688,0.0806,0.085
0.1017,0.0784,0.0788,0.065
0.0935,0.0741,0.134,0.1037
0.0703,0.0844,0.1093,0.0892
0.0832,0.0823,0.0919,0.0853
0.0804,0.0809,0.1066,0.0823
0.0966,0.0786,0.0777,0.0722
0.1082,0.0806,0.0986,0.0801
0.0781,0.0928,0.1173,0.0889
0.1108,0.0788,0.1329,0.1015
0.1085,0.0704,0.0936,0.0686
0.0819,0.0753,0.1047,0.08
0.0769,0.0714,0.074,0.0693
0.1003,0.0688,0.0763,0.0853
0.1126,0.0811,0.1371,0.1013
0.0795,0.0698,0.0846,0.0656
0.0788,0.072,0.0731,0.067
0.0804,0.0662,0.0705,0.0777
0.1099,0.0862,0.1183,0.1
0.075,0.0718,0.0712,0.0771
0.0802,0.0774,0.0866,0.0741
0.0856,0.0815,0.0747,0.0804
0.0891,0.0763,0.0932,0.0828
0.073,0.0942,0.1195,0.0817
0.1097,0.0817,0.0942,0.0884
0.1047,0.1087,0.1191,0.105
0.0933,0.0772,0.0732,0.0823
0.0841,0.0648,0.0863,0.0668
0.0885,0.0702,0.0768,0.0695
0.0868,0.072,0.0854,0.0684
0.0924,0.0644,0.0668,0.076
0.0917,0.0731,0.0881,0.083
0.0757,0.0703,0.0727,0.071
0.0792,0.0857,0.1134,0.0837
0.0755,0.0707,0.082,0.0667
0.0968,0.0745,0.1003,0.0734
0.0854,0.0795,0.1062,0.0837
0.072,0.0764,0.0974,0.0896
0.0827,0.0704,0.0998,0.083
0.0718,0.0672,0.0883,0.0706
0.0724,0.0628,0.073,0.0668
0.0779,0.0916,0.1091,0.0872
0.0743,0.0735,0.0811,0.0654
0.0896,0.0905,0.0866,0.0843
0.0747,0.0679,0.0772,0.0673
0.0788,0.0728,0.0637,0.0676
0.078,0.0682,0.0838,0.0624
0.0849,0.0633,0.1018,0.0828
0.1078,0.0813,0.1375,0.1098
0.0896,0.0708,0.0682,0.0718
0.0919,0.0956,0.1061,0.0844
0.0873,0.0744,0.0836,0.0824
0.0772,0.071,0.0841,0.07
0.0806,0.072,0.0722,0.077
0.0874,0.0941,0.1013,0.0838
0.0797,0.0754,0.0901,0.0767
0.0923,0.0669,0.0711,0.0845
0.0841,0.0756,0.0671,0.0761
0.0768,0.0683,0.0714,0.0711
0.0889,0.0924,0.0921,0.083
0.1165,0.0829,0.1415,0.0928
0.1204,0.1003,0.1123,0.0847
0.0766,0.0685,0.0697,0.0696
0.1068,0.0854,0.1359,0.105
0.0899,0.0934,0.0952,0.0864
0.0839,0.0836,0.0889,0.0811
0.0747,0.0901,0.1073,0.0815
0.0965,0.0724,0.0894,0.0712
0.0744,0.0655,0.0875,0.0637
0.072,0.0742,0.1044,0.0791
0.1005,0.085,0.1163,0.1079
0.108,0.0825,0.1233,0.1077
0.0951,0.0838,0.0874,0.0813
0.102,0.0794,0.133,0.0825
0.0749,0.0662,0.0686,0.061
0.0977,0.087,0.1179,0.0799
0.0745,0.0814,0.1077,0.0784
0.0933,0.0796,0.0959,0.0885
0.0822,0.0702,0.0755,0.0854
0.0781,0.0657,0.0716,0.0691
0.0849,0.0628,0.0988,0.0681
0.0674,0.0634,0.0751,0.068
0.0942,0.0805,0.0959,0.0842
0.0867,0.066,0.0764,0.0746
0.0819,0.0772,0.0718,0.0655
0.0789,0.0694,0.0696,0.07
0.1133,0.0832,0.1329,0.0919
0.1212,0.0772,0.1232,0.086
0.0806,0.0694,0.0859,0.0732
0.0697,0.0655,0.0874,0.0717
0.0903,0.0822,0.0927,0.0827
0.0885,0.078,0.0975,0.087
0.0869,0.0781,0.0751,0.0793
0.0797,0.0655,0.0806,0.0736
0.0748,0.0713,0.0723,0.0615
0.1015,0.0688,0.0998,0.0838
0.0781,0.0735,0.0994,0.0784
0.1075,0.0903,0.1373,0.0969
0.1016,0.0912,0.1002,0.0949
0.0752,0.0763,0.1054,0.0832
0.0806,0.0944,0.0835,0.0704
0.0845,0.0761,0.0793,0.0698
0.0796,0.0772,0.1051,0.0808
0.0841,0.0703,0.0871,0.064
0.1079,0.1003,0.1192,0.0839
0.0953,0.0791,0.0938,0.0847
0.0853,0.0651,0.0896,0.0732
0.1153,0.0893,0.1423,0.1058
0.0855,0.0731,0.0724,0.0604
0.0792,0.0669,0.0633,0.0685
0.0865,0.0697,0.0855,0.0705
0.0788,0.0702,0.0687,0.0697
0.0812,0.0702,0.0755,0.0628
0.0937,0.0868,0.125,0.0774
0.087,0.0728,0.0977,0.0746
0.0691,0.0598,0.0868,0.0654
0.0966,0.0629,0.0978,0.0819
0.0948,0.0718,0.0803,0.075
0.0718,0.0766,0.0823,0.0771
0.0727,0.0597,0.0728,0.0663
0.0884,0.0578,0.11,0.0648
0.0804,0.076,0.0923,0.0819
0.0749,0.0801,0.09,0.0751
0.0807,0.0669,0.08,0.0685
0.0796,0.0805,0.0865,0.0819
0.1043,0.0816,0.1288,0.1036
0.0813,0.0685,0.0653,0.064
0.0698,0.0608,0.0841,0.0728
0.084,0.0681,0.0881,0.0664
0.0995,0.0694,0.1166,0.0898
0.0873,0.0681,0.099,0.0698
0.0927,0.0761,0.0929,0.0933
0.0858,0.0613,0.0793,0.0802
0.0727,0.0736,0.1038,0.0817
0.0731,0.0885,0.1085,0.0854
0.0753,0.0689,0.0958,0.066
0.0826,0.0703,0.075,0.0708
0.0999,0.0923,0.0906,0.0783
0.0808,0.071,0.0863,0.0812
0.0834,0.086,0.1008,0.0804
0.0746,0.0708,0.0937,0.0812
0.0757,0.0689,0.0644,0.0643
0.0832,0.0686,0.0713,0.0722
0.1128,0.0712,0.1021,0.0763
0.0935,0.0709,0.0954,0.0686
0.0737,0.0647,0.0878,0.0625
0.0873,0.0827,0.1022,0.0912
0.0824,0.0766,0.0868,0.0741
0.0701,0.0919,0.1105,0.0764
0.0789,0.0807,0.0869,0.074
0.0729,0.0893,0.1043,0.0746
0.0798,0.0856,0.1171,0.0701
0.0791,0.0985,0.1323,0.0917
0.0986,0.0787,0.1362,0.1099
0.1127,0.0807,0.1324,0.0952
0.0833,0.0762,0.0964,0.0651
0.0772,0.0696,0.0671,0.0623
0.1172,0.078,0.1405,0.0985
0.0783,0.0748,0.1021,0.0808
0.0776,0.0781,0.0829,0.0705
0.1046,0.069,0.0966,0.0662
0.1041,0.0768,0.0946,0.071
0.1323,0.097,0.1348,0.1192
0.084,0.0872,0.0911,0.0802
0.0728,0.0745,0.0655,0.0639
0.1116,0.0897,0.1359,0.0944
0.0875,0.0658,0.0656,0.0711
0.0817,0.0641,0.0781,0.0741
0.0902,0.0718,0.0732,0.0821
0.0903,0.0883,0.1141,0.0882
0.0937,0.0704,0.0893,0.0684
0.104,0.0684,0.1001,0.0821
0.0971,0.083,0.0864,0.0764
0.0917,0.0682,0.0841,0.093
0.0797,0.0941,0.1151,0.0855
0.1263,0.0869,0.158,0.1176
0.0761,0.078,0.0776,0.0681
0.0817,0.0785,0.0681,0.0661
0.0938,0.0817,0.0953,0.0704
0.0909,0.0744,0.0772,0.0666
0.1017,0.0722,0.0829,0.0912
0.0996,0.0743,0.0995,0.0755
0.0989,0.0866,0.0973,0.0832
0.0959,0.0846,0.0834,0.0835
0.107,0.0801,0.0964,0.0719
0.105,0.0844,0.1256,0.104
0.0943,0.1001,0.1281,0.0916
0.0879,0.0689,0.0753,0.0784
0.088,0.0671,0.0806,0.0691
0.073,0.0618,0.0765,0.0638
0.0771,0.0793,0.0797,0.0734
0.09,0.0768,0.1271,0.0844
0.099,0.0886,0.1041,0.0774
0.1001,0.0778,0.133,0.1049
0.0766,0.072,0.1029,0.0794
0.0801,0.0754,0.0855,0.0743
0.093,0.0688,0.1029,0.0645
0.0783,0.0697,0.0658,0.0671
0.0977,0.073,0.0902,0.0751
0.0729,0.0614,0.071,0.0696
0.1147,0.0843,0.1344,0.1113
0.0711,0.0611,0.0754,0.0676
0.0888,0.0656,0.1049,0.0742
0.0766,0.071,0.0921,0.0769
0.0735,0.0807,0.0933,0.0821
0.0841,0.0674,0.0904,0.0849
0.073,0.0671,0.0665,0.0606
0.0814,0.0645,0.0859,0.0633
0.0768,0.0593,0.0716,0.066
0.0821,0.0669,0.0678,0.0657
0.0844,0.091,0.0975,0.0841
0.0785,0.0691,0.0688,0.0664
0.0831,0.0675,0.0861,0.0774
0.0895,0.0646,0.0761,0.0733
0.0852,0.0661,0.0738,0.0672
0.0801,0.0661,0.0763,0.0647
0.0948,0.0745,0.0892,0.0754
0.0682,0.0642,0.0851,0.0654
0.0746,0.0614,0.0758,0.0699
0.0886,0.0736,0.0717,0.0667
0.0853,0.0711,0.0715,0.0658
0.0712,0.0665,0.0729,0.0664
0.0791,0.0624,0.0835,0.0731
0.0774,0.09,0.1082,0.0845
0.0732,0.068,0.0648,0.0639
0.0762,0.0807,0.0939,0.0818
0.0823,0.068,0.0893,0.0612
0.0847,0.0727,0.0858,0.0646
0.0844,0.0632,0.0705,0.0649
0.0702,0.0632,0.0881,0.0788
0.1021,0.079,0.0918,0.0985
0.0935,0.0852,0.1071,0.0846
0.0968,0.0746,0.0782,0.0672
0.0828,0.0887,0.0993,0.0838
0.0982,0.0768,0.1416,0.1078
0.0941,0.1014,0.1289,0.0981
0.0745,0.0735,0.0735,0.0645
0.0969,0.0672,0.0846,0.0864
0.0815,0.0645,0.0846,0.0631
0.0831,0.0889,0.0967,0.0827
0.0819,0.0628,0.1077,0.0833
0.0853,0.0703,0.0906,0.0656
0.0849,0.0673,0.083,0.0649
0.0792,0.071,0.0829,0.0703
0.118,0.0763,0.114,0.0766
0.1025,0.0911,0.1293,0.0841
0.1016,0.0816,0.0906,0.0764
0.0785,0.0726,0.085,0.073
0.1024,0.0716,0.09,0.0833
0.0776,0.0762,0.0906,0.0736
0.0799,0.0727,0.0932,0.0703
0.0862,0.0674,0.0816,0.0711
0.0864,0.0748,0.0766,0.0785
0.1219,0.0817,0.1555,0.1035
0.0998,0.0715,0.0757,0.0727
0.0929,0.0685,0.0729,0.0732
0.065,0.0603,0.0823,0.0728
0.0795,0.0871,0.1114,0.0899
0.1159,0.0867,0.1428,0.0855
0.0872,0.0702,0.0765,0.0744
0.0862,0.0823,0.0986,0.0839
0.0893,0.0669,0.0801,0.0717
0.0997,0.0816,0.1481,0.1
0.0777,0.0648,0.0668,0.0676
0.0871,0.0824,0.1087,0.0922
0.0763,0.067,0.0866,0.0653
0.0897,0.0767,0.0794,0.0602
0.103,0.0674,0.0859,0.083
0.1079,0.0813,0.1489,0.0836
0.0726,0.0952,0.1094,0.0775
0.074,0.0748,0.1059,0.0807
0.0882,0.0632,0.1027,0.073
0.1,0.0745,0.0777,0.0646
0.0941,0.079,0.1411,0.0862
0.0693,0.0591,0.0885,0.0725
0.0749,0.0627,0.092,0.083
0.0777,0.0765,0.107,0.0818
0.1025,0.0621,0.1027,0.0693
0.0798,0.0719,0.0795,0.0639
0.0734,0.0722,0.082,0.0654
0.0909,0.0741,0.1066,0.0895
0.0735,0.0674,0.0811,0.0702
0.0702,0.0654,0.0844,0.0729
0.111,0.0917,0.1366,0.1017
0.0764,0.0698,0.0914,0.0756
0.0713,0.0646,0.0893,0.068
0.1144,0.0736,0.0863,0.0761
0.0731,0.0579,0.0981,0.0803
0.1002,0.0688,0.0941,0.0886
0.0802,0.0722,0.0841,0.0696
0.0819,0.0779,0.0968,0.0898
0.0773,0.0809,0.1036,0.0838
0.096,0.071,0.0957,0.0779
0.0719,0.0684,0.0737,0.061
0.1162,0.077,0.1101,0.0957
0.0871,0.0671,0.0674,0.0701
0.0981,0.0708,0.1162,0.0764
0.1091,0.0725,0.1269,0.0747
0.0718,0.0664,0.0868,0.0673
0.0641,0.0685,0.0868,0.0703
0.0815,0.0697,0.0878,0.0768
0.0796,0.081,0.0957,0.0788
0.1079,0.0636,0.1175,0.071
0.0862,0.0741,0.0894,0.0755
0.0754,0.0711,0.0706,0.0728
0.1078,0.0796,0.0843,0.0877
0.0863,0.0762,0.0839,0.0789
0.0654,0.0489,0.0698,0.0641
0.1166,0.088,0.1596,0.1086
0.1003,0.0764,0.1347,0.0988
0.0845,0.0666,0.0906,0.0674
0.0834,0.0796,0.1042,0.0801
0.0863,0.079,0.0866,0.0877
0.0967,0.0771,0.0923,0.0766
0.0716,0.0633,0.0742,0.0689
0.0752,0.0642,0.0902,0.0847
0.0899,0.0773,0.0953,0.0695
0.0801,0.0718,0.074,0.0636
0.0807,0.0637,0.0819,0.0798
0.0856,0.0749,0.0773,0.0688
0.0756,0.0701,0.0691,0.0634
0.0706,0.0684,0.0916,0.0681
0.0703,0.0642,0.071,0.0681
0.1026,0.0833,0.0923,0.0795
0.113,0.0704,0.0974,0.0759
0.0949,0.0768,0.0858,0.0965
0.0635,0.0632,0.0793,0.0715
0.0781,0.0612,0.0739,0.0682
0.0981,0.0768,0.1277,0.0979
0.086,0.0692,0.0731,0.0697
0.0853,0.0668,0.0628,0.0658
0.094,0.0806,0.0929,0.092
0.1178,0.0954,0.1236,0.0914
0.0785,0.0676,0.0931,0.0685
0.0669,0.0733,0.0827,0.0739
0.0857,0.0865,0.0932,0.0796
0.0859,0.066,0.0698,0.0721
0.1108,0.0817,0.1336,0.1005
0.0891,0.0698,0.072,0.0812
0.0869,0.0829,0.1097,0.0881
0.1149,0.0669,0.099,0.0677
0.0855,0.0679,0.0915,0.0659
0.1016,0.0782,0.1306,0.1006
0.0896,0.0725,0.0695,0.0593
0.1164,0.0844,0.1205,0.0981
0.0954,0.0736,0.0794,0.0649
0.0744,0.0649,0.0836,0.065
0.084,0.0658,0.0887,0.0831
0.0708,0.0651,0.088,0.0673
0.0767,0.0661,0.0692,0.0609
0.0843,0.0809,0.103,0.0911
0.082,0.0781,0.098,0.0868
0.0731,0.0956,0.1077,0.0773
0.0733,0.0795,0.1023,0.0706
0.0863,0.0999,0.1198,0.0875
0.081,0.073,0.0886,0.0753
0.0831,0.0875,0.1093,0.0904
0.0993,0.0794,0.1175,0.0972
0.0865,0.0651,0.0874,0.0657
0.1242,0.0826,0.1474,0.0997
0.0659,0.0657,0.0735,0.068
0.0935,0.0851,0.1247,0.0962
0.0868,0.0592,0.0804,0.0737
0.1274,0.0874,0.159,0.1162
0.1021,0.0766,0.0743,0.0673
0.0789,0.0703,0.087,0.0672
0.103,0.0701,0.0925,0.083
0.0975,0.0707,0.0997,0.076
0.1268,0.0943,0.1725,0.099
0.0996,0.0783,0.1211,0.096
0.105,0.0809,0.1072,0.0773
0.0733,0.0654,0.0638,0.0594
0.0792,0.0693,0.0658,0.061
0.0794,0.0637,0.0787,0.0611
0.084,0.0804,0.1041,0.0827
0.0743,0.0764,0.0899,0.0726
0.0807,0.0674,0.0696,0.0812
0.0732,0.072,0.0858,0.0746
0.0764,0.0776,0.099,0.0762
0.088,0.0706,0.0635,0.0673
0.0767,0.0701,0.0813,0.066
0.0894,0.0696,0.0947,0.0671
0.0763,0.0653,0.0725,0.067
0.1029,0.0962,0.1291,0.0865
0.0655,0.0959,0.1166,0.0867
0.073,0.0809,0.0903,0.0793
0.0898,0.0763,0.0776,0.0676
0.0943,0.0822,0.0971,0.0736
0.0724,0.078,0.0763,0.0795
0.1014,0.0764,0.0962,0.0821
0.0964,0.075,0.1061,0.0833
0.0991,0.082,0.1343,0.1002
0.1119,0.0846,0.0965,0.0745
0.0822,0.0691,0.0858,0.0844
0.078,0.0723,0.0738,0.0618
0.0816,0.0674,0.0918,0.0697
0.0795,0.0942,0.1062,0.0819
0.0871,0.0694,0.0965,0.0847
0.0835,0.0671,0.0822,0.085
0.1224,0.0818,0.1106,0.0922
0.1077,0.0692,0.087,0.0841
0.0911,0.0628,0.0904,0.0673
0.0941,0.0632,0.093,0.0724
0.0996,0.0732,0.1342,0.0999
0.0904,0.0873,0.0947,0.0889
0.0774,0.0588,0.0773,0.0777
0.0892,0.0753,0.0905,0.0649
0.0701,0.0599,0.074,0.0661
0.1004,0.0698,0.1004,0.0723
0.0803,0.0735,0.065,0.0731
0.0997,0.0821,0.0908,0.0821
0.0729,0.0606,0.0825,0.0713
0.0984,0.0864,0.1065,0.0812
0.0841,0.0848,0.1119,0.0933
0.1057,0.0758,0.134,0.1094
0.1208,0.0827,0.1666,0.1011
0.0777,0.0735,0.0984,0.0788
0.0996,0.0721,0.087,0.0674
0.0875,0.0765,0.0673,0.0744
0.0835,0.0698,0.1036,0.0739
0.08,0.0639,0.0782,0.0648
0.087,0.0648,0.0787,0.0906
0.0866,0.0782,0.0924,0.0787
0.0835,0.0609,0.073,0.0723
0.082,0.1007,0.1243,0.08
0.0925,0.0819,0.1329,0.0856
0.073,0.0724,0.1001,0.0809
0.0785,0.0718,0.0697,0.0681
0.0893,0.069,0.0782,0.0674
0.073,0.0615,0.0557,0.0649
0.0883,0.0953,0.1247,0.0893
0.0859,0.0661,0.0769,0.0632
0.0734,0.0885,0.1148,0.0852
0.0847,0.067,0.0628,0.0755
0.078,0.0776,0.1038,0.0818
0.0899,0.0873,0.1042,0.085
0.0799,0.095,0.1092,0.0724
0.077,0.0698,0.0828,0.0648
0.0965,0.073,0.0891,0.0672
0.0881,0.083,0.0968,0.0873
0.0826,0.0751,0.0866,0.0728
0.1067,0.0741,0.0973,0.101
0.069,0.0684,0.0919,0.0779
0.0881,0.0739,0.0936,0.0828
0.0693,0.0692,0.0706,0.0706
0.0771,0.0743,0.0856,0.0617
0.1076,0.0806,0.0944,0.0775
0.0743,0.0689,0.0862,0.0649
0.0783,0.0673,0.0602,0.0735
0.0805,0.0629,0.082,0.0613
0.0648,0.064,0.0827,0.071
0.0728,0.0671,0.0831,0.0729
0.0861,0.0671,0.0789,0.0716
0.086,0.0817,0.1105,0.0974
0.1066,0.0744,0.088,0.0601
0.0872,0.0766,0.103,0.0929
0.0853,0.0785,0.0926,0.0645
0.0943,0.067,0.0876,0.0709
0.0759,0.0926,0.1177,0.0863
0.1222,0.0884,0.1568,0.0952
0.0904,0.0677,0.0882,0.0698
0.0847,0.1,0.1062,0.0795
0.08,0.0759,0.0877,0.0798
0.0727,0.0893,0.1108,0.0872
0.0806,0.063,0.0759,0.0723
0.1054,0.0939,0.1043,0.1033
0.106,0.0648,0.1046,0.0771
0.0851,0.07,0.0882,0.0715
0.1113,0.0867,0.1384,0.103
0.0819,0.0826,0.0896,0.0805
0.1135,0.0828,0.1636,0.1019
0.0854,0.074,0.0779,0.0707
0.0745,0.0636,0.0851,0.0751
0.1118,0.083,0.1311,0.1083
0.0867,0.087,0.0981,0.0937
0.0927,0.0714,0.1015,0.0867
0.0864,0.0647,0.0828,0.08
0.0938,0.0681,0.1027,0.0892
0.0848,0.0707,0.0871,0.061
0.1205,0.0832,0.1109,0.0842
0.1083,0.0636,0.0936,0.0703
0.0971,0.1041,0.1151,0.083
0.0836,0.0679,0.0943,0.0688
0.0872,0.0735,0.0933,0.0817
0.0876,0.0732,0.0756,0.0779
0.0918,0.0762,0.0764,0.0738
0.0803,0.064,0.0846,0.0824
0.1025,0.0845,0.1405,0.0881
0.1077,0.0681,0.0793,0.0661
0.073,0.0736,0.0888,0.0711
0.0857,0.0776,0.0741,0.0768
0.0942,0.0674,0.0757,0.0816
0.0775,0.0674,0.0721,0.0734
0.079,0.0779,0.1034,0.0796
0.0756,0.0617,0.0907,0.0683
0.0799,0.0748,0.0877,0.0668
0.0975,0.0798,0.0926,0.1033
0.0739,0.0626,0.0925,0.0816
0.083,0.067,0.0649,0.0643
0.0753,0.0779,0.0941,0.0822
0.1053,0.0829,0.0985,0.0844
0.0776,0.1012,0.1214,0.0988
0.0799,0.0742,0.0703,0.0594
0.1014,0.0844,0.1099,0.0955
0.0958,0.0906,0.1267,0.0746
0.0686,0.0664,0.0827,0.0674
0.0868,0.069,0.0864,0.0856
0.0923,0.0797,0.0839,0.0847
0.0859,0.074,0.0836,0.0741
0.0862,0.0837,0.1011,0.0881
0.0882,0.0987,0.0974,0.0776
0.0769,0.0708,0.0815,0.0821
0.0803,0.0695,0.0856,0.0762
0.1224,0.0931,0.1202,0.0928
0.0947,0.0693,0.0793,0.0613
0.1075,0.0739,0.0908,0.0934
0.0871,0.0813,0.1024,0.0871
0.1104,0.0979,0.1277,0.1063
0.0891,0.0727,0.0814,0.064
0.0939,0.0742,0.0995,0.0797
0.0878,0.0759,0.0859,0.0723
0.0884,0.0691,0.0874,0.079
0.0816,0.069,0.0621,0.0725
0.0677,0.065,0.0808,0.0729
0.0977,0.0912,0.1303,0.0896
0.0859,0.0614,0.0953,0.0637
0.0759,0.0844,0.0822,0.0796
0.0874,0.0713,0.0747,0.0885
0.0767,0.0718,0.1009,0.0807
0.0982,0.0794,0.0824,0.1036
0.1102,0.0853,0.1289,0.112
0.0772,0.0628,0.0694,0.0703
0.088,0.0911,0.0989,0.0812
0.0854,0.0676,0.0819,0.0629
0.093,0.0766,0.0749,0.0621
0.0829,0.078,0.0907,0.063
0.0836,0.0684,0.0953,0.0786
0.12,0.0861,0.1484,0.0888
0.1047,0.0575,0.0786,0.0877
0.1054,0.0768,0.1021,0.0861
0.082,0.0674,0.0723,0.0671
0.0854,0.0642,0.0944,0.0744
0.0827,0.0785,0.0917,0.0694
0.073,0.0683,0.084,0.0633
0.0734,0.0908,0.1125,0.0871
0.0938,0.0719,0.0797,0.0808
0.1045,0.0694,0.0879,0.0695
0.0719,0.0947,0.1101,0.0814
0.0842,0.0754,0.0931,0.0806
0.0721,0.0671,0.0827,0.0629
0.0831,0.0706,0.0864,0.0621
0.0986,0.073,0.0998,0.0767
0.094,0.07,0.0925,0.0697
0.0873,0.073,0.1001,0.0703
0.1168,0.0894,0.1335,0.1104
0.083,0.0663,0.0631,0.063
0.1168,0.0778,0.1515,0.1034
0.066,0.0696,0.0875,0.0712
0.1053,0.0838,0.1313,0.0975
0.1456,0.105,0.1447,0.1257
0.0987,0.077,0.1277,0.0971
0.1211,0.0836,0.1339,0.1041
0.0853,0.0698,0.0734,0.0772
0.084,0.0688,0.0712,0.0656
0.0795,0.0917,0.1061,0.0803
0.1416,0.1025,0.1357,0.1234
0.0766,0.0729,0.0932,0.072
0.0877,0.0784,0.0806,0.0593
0.0792,0.0621,0.0774,0.0667
0.0772,0.0692,0.0711,0.0657
0.1117,0.0795,0.1327,0.1025
0.0801,0.0689,0.0764,0.0714
0.0747,0.0636,0.0925,0.0638
0.0834,0.0761,0.0869,0.0711
0.0726,0.0703,0.0735,0.071
0.0925,0.0772,0.0734,0.0668
0.0766,0.0788,0.0898,0.0739
0.081,0.0774,0.0707,0.0602
0.0785,0.0733,0.0752,0.0626
0.1032,0.069,0.0902,0.0728
0.0891,0.0749,0.0954,0.096
0.0705,0.0871,0.1099,0.088
0.0855,0.0717,0.0703,0.0648
0.0858,0.0677,0.0793,0.0704
0.085,0.099,0.1185,0.0853
0.1213,0.0878,0.1166,0.0942
0.1147,0.076,0.1023,0.0723
0.0822,0.0729,0.0792,0.0656
0.0782,0.0802,0.0881,0.0805
0.0883,0.0817,0.1068,0.0817
0.0892,0.0708,0.0917,0.072
0.0694,0.0672,0.0846,0.0749
0.0858,0.0682,0.0827,0.0751
0.0792,0.0755,0.1013,0.0787
0.07,0.0736,0.1034,0.0838
0.0903,0.0684,0.0764,0.0743
0.0933,0.0747,0.0895,0.077
0.0767,0.0706,0.0657,0.0738
0.0631,0.0639,0.0904,0.0724
0.0689,0.0646,0.0707,0.0642
0.0802,0.0714,0.0757,0.0627
0.0634,0.0634,0.0839,0.0667
0.0776,0.073,0.0849,0.0691
0.1297,0.0964,0.1338,0.1188
0.1058,0.0733,0.0915,0.0937
0.0782,0.0668,0.0852,0.0669
0.1322,0.0874,0.1544,0.1061
0.0775,0.0683,0.0785,0.0693
0.0733,0.0926,0.1133,0.0781
0.073,0.0936,0.102,0.0821
0.0988,0.0725,0.1015,0.0696
0.0766,0.0931,0.1093,0.0824
0.0932,0.0723,0.0873,0.0692
0.102,0.0833,0.1337,0.0966
0.0863,0.072,0.1101,0.083
0.0851,0.0771,0.0975,0.0864
0.096,0.0746,0.1179,0.0689
0.0949,0.0714,0.072,0.0688
0.0983,0.0916,0.1319,0.0862
0.0754,0.0767,0.0763,0.0668
0.0903,0.088,0.0985,0.0837
0.0878,0.0718,0.0906,0.0672
0.0775,0.0774,0.0878,0.0697
0.0873,0.0712,0.0768,0.0726
0.0897,0.0667,0.0833,0.0581
0.0789,0.0734,0.1013,0.0835
0.0854,0.0811,0.0889,0.081
0.0807,0.07,0.086,0.0606
0.0871,0.0731,0.0857,0.0736
0.0925,0.0929,0.1131,0.0864
0.1154,0.0825,0.0935,0.0902
0.1094,0.0885,0.0958,0.0929
0.0998,0.0904,0.102,0.0952
0.0756,0.0782,0.0684,0.0696
0.0959,0.0742,0.1048,0.0761
0.0674,0.0633,0.083,0.0726
0.0929,0.0843,0.1075,0.0912
0.0982,0.0782,0.1296,0.0997
0.0956,0.0756,0.0862,0.0827
0.0672,0.0889,0.104,0.0775
0.0708,0.0643,0.0725,0.0655
0.0782,0.0684,0.0801,0.0793
0.0811,0.0696,0.0852,0.0618
0.1003,0.078,0.135,0.0878
0.0949,0.0696,0.0699,0.0797
0.0791,0.0682,0.0733,0.0726
0.1061,0.0781,0.1236,0.1082
0.0777,0.0666,0.0776,0.0788
0.0862,0.0759,0.08,0.0663
0.1121,0.0821,0.1343,0.0968
0.0651,0.0617,0.075,0.0636
0.0837,0.0623,0.085,0.0641
0.0793,0.0758,0.1033,0.0809
0.0819,0.086,0.0985,0.0899
0.0948,0.0729,0.1008,0.0678
0.0865,0.0785,0.0934,0.0685
0.0843,0.0672,0.0718,0.0694
0.084,0.0863,0.0898,0.0782
0.082,0.0717,0.0852,0.0668
0.0776,0.077,0.0671,0.0719
0.0682,0.0634,0.0765,0.0622
0.1254,0.0843,0.1659,0.1064
0.1072,0.0689,0.0803,0.0618
0.107,0.0867,0.1094,0.0967
0.0739,0.0872,0.1185,0.0759
0.0858,0.0661,0.0784,0.0715
0.0732,0.0892,0.1181,0.0791
0.0932,0.0668,0.0909,0.0664
0.0983,0.114,0.1108,0.1007
0.0822,0.0675,0.0958,0.067
0.0717,0.0648,0.0807,0.0712
0.0814,0.0723,0.0782,0.0692
0.0851,0.0737,0.0898,0.0719
0.0848,0.0882,0.097,0.0849
0.0694,0.0969,0.1179,0.0875
0.0685,0.0869,0.1132,0.0914
0.1044,0.083,0.1084,0.1012
0.11,0.0916,0.1039,0.0916
0.1068,0.0745,0.0938,0.0957
0.0726,0.0596,0.0929,0.0857
0.0926,0.0742,0.0833,0.0828
0.126,0.0857,0.1349,0.0941
0.0755,0.0665,0.0697,0.0725
0.0922,0.0598,0.1125,0.065
0.1006,0.0879,0.1392,0.1036
0.1055,0.0801,0.1229,0.1069
0.0845,0.0758,0.0744,0.0637
0.0831,0.0806,0.0887,0.0809
0.088,0.0832,0.0951,0.0814
0.0837,0.0602,0.0905,0.076
0.0988,0.0795,0.1346,0.1074
0.1053,0.0822,0.1281,0.0939
0.0924,0.0666,0.0832,0.091
0.1145,0.0857,0.1084,0.0934
0.0964,0.0654,0.1106,0.064
0.08,0.0801,0.0887,0.072
0.0779,0.0672,0.0756,0.0669
0.0878,0.0718,0.0734,0.0785
0.069,0.0659,0.0609,0.0684
0.0847,0.0716,0.0924,0.0696
0.0796,0.076,0.0912,0.066
0.077,0.0813,0.0723,0.0638
0.0904,0.0735,0.0846,0.0633
0.0845,0.0686,0.081,0.0863
0.0927,0.0859,0.0944,0.0821
0.111,0.0795,0.1276,0.1068
0.0908,0.0723,0.0656,0.0682
0.0784,0.062,0.0911,0.0684
0.0708,0.0569,0.079,0.0701
0.1219,0.0749,0.0955,0.0756
0.0819,0.0701,0.0683,0.0651
0.1051,0.078,0.1029,0.0692
0.0804,0.073,0.0724,0.0622
0.0832,0.0626,0.1058,0.0833
0.0973,0.0806,0.1022,0.0853
0.0939,0.0697,0.0773,0.1093
0.0971,0.0757,0.1147,0.0822
0.1075,0.0869,0.1264,0.1038
0.1005,0.082,0.1231,0.1044
0.0761,0.0578,0.0828,0.0684
0.0849,0.069,0.0866,0.0708
0.083,0.0776,0.0765,0.0719
0.0738,0.0623,0.0702,0.0738
0.082,0.0714,0.0892,0.0653
0.0757,0.0692,0.0685,0.0651
0.0929,0.0704,0.0913,0.074
0.071,0.0691,0.0675,0.0677
0.1056,0.0687,0.092,0.0721
0.0962,0.0858,0.1295,0.0977
0.0788,0.0608,0.0794,0.0748
0.0867,0.078,0.086,0.0752
0.0842,0.0687,0.0908,0.0636
0.0658,0.0543,0.0653,0.0723
0.0866,0.0868,0.0964,0.0817
0.0879,0.0705,0.0786,0.0691
0.124,0.0769,0.1072,0.0992
0.0743,0.075,0.104,0.0835
0.0738,0.0687,0.0679,0.0608
0.0855,0.0669,0.0758,0.0673
0.0845,0.0814,0.0984,0.0742
0.0832,0.071,0.0842,0.0956
0.0898,0.0734,0.1354,0.1009
0.0892,0.0849,0.0887,0.0757
0.0787,0.0943,0.1065,0.0886
0.1206,0.0905,0.1337,0.0885
0.0925,0.0731,0.0767,0.0844
0.0974,0.0859,0.0883,0.0965
0.0822,0.0653,0.0871,0.0702
0.0793,0.1007,0.1233,0.0963
0.1223,0.0886,0.1525,0.1116
0.0762,0.0841,0.0928,0.0842
0.0748,0.067,0.1044,0.0867
0.089,0.0682,0.0932,0.0679
0.076,0.0911,0.1148,0.08
0.0829,0.069,0.0765,0.0707
0.086,0.0779,0.0826,0.0631
0.0751,0.0695,0.078,0.0783
0.0683,0.0876,0.1134,0.0832
0.0765,0.0705,0.0798,0.0798
0.1092,0.0848,0.1308,0.1031
0.0854,0.0666,0.0696,0.0693
0.0841,0.0699,0.0947,0.0646
0.0923,0.0662,0.093,0.0696
0.0887,0.0673,0.0749,0.0716
0.0748,0.0889,0.1241,0.0806
0.0884,0.0719,0.0635,0.075
0.0678,0.0917,0.1209,0.0807
0.1304,0.1032,0.1334,0.0986
0.0847,0.0864,0.1094,0.0717
0.077,0.0642,0.0857,0.0665
0.0778,0.0695,0.0863,0.0612
0.0825,0.072,0.0762,0.0698
0.0723,0.0912,0.1037,0.0757
0.0768,0.0657,0.094,0.0741
0.0899,0.0747,0.0973,0.0729
0.0733,0.0657,0.0668,0.0677
0.1234,0.0904,0.1243,0.0951
0.0794,0.0746,0.1068,0.0806
0.074,0.0736,0.0652,0.067
0.1023,0.0761,0.1211,0.106
0.0847,0.0905,0.0886,0.0819
0.0957,0.0838,0.1055,0.1002
0.0878,0.0615,0.0832,0.0797
0.1144,0.0839,0.1477,0.1046
0.0735,0.0857,0.1054,0.0714
0.0728,0.0774,0.0803,0.0785
0.0778,0.0677,0.0688,0.0758
0.0717,0.0737,0.083,0.0721
0.0909,0.0643,0.0987,0.0681
0.0894,0.0762,0.0764,0.0848
0.1241,0.0862,0.1527,0.1117
0.0952,0.075,0.0899,0.0926
0.0943,0.0811,0.0882,0.0732
0.0833,0.1069,0.1291,0.1046
0.1003,0.091,0.0984,0.0999
0.092,0.0738,0.1115,0.0825
0.0928,0.0606,0.1029,0.0672
0.11,0.0717,0.0953,0.0665
0.0952,0.0953,0.0987,0.0983
0.0815,0.0928,0.1201,0.0932
0.0736,0.0655,0.0834,0.0746
0.1094,0.0725,0.0886,0.0722
0.1079,0.0832,0.1219,0.0974
0.076,0.0649,0.0886,0.0691
0.098,0.0809,0.1225,0.1065
0.0959,0.1048,0.1027,0.0748
0.1058,0.0857,0.1021,0.0779
0.0831,0.0995,0.1199,0.0813
0.1129,0.0759,0.0974,0.0695
0.1031,0.0743,0.1082,0.072
0.089,0.0865,0.1153,0.0788
0.0746,0.0675,0.0722,0.071
0.0739,0.0681,0.0916,0.0746
0.0748,0.0717,0.0697,0.0659
0.0757,0.068,0.0645,0.0633
0.0836,0.0754,0.0936,0.0663
0.0881,0.0797,0.1125,0.0697
0.0988,0.078,0.0933,0.0905
0.1365,0.0847,0.166,0.1075
0.0829,0.0697,0.0606,0.0688
0.1011,0.0736,0.0727,0.0657
0.0866,0.0775,0.0873,0.0739
0.0876,0.0779,0.1058,0.0763
0.0788,0.0767,0.1053,0.0845
0.0742,0.0654,0.0591,0.0591
0.0943,0.114,0.1102,0.0995
0.0885,0.0849,0.1074,0.0898
0.093,0.0782,0.1013,0.0982
0.0769,0.0763,0.0874,0.0721
0.0841,0.1029,0.1217,0.0853
0.1038,0.0785,0.0901,0.0649
0.0855,0.0678,0.0905,0.0644
0.1163,0.0982,0.146,0.1113
0.0954,0.0902,0.1097,0.0897
0.1026,0.0773,0.1314,0.09
0.1082,0.1031,0.1324,0.1118
0.1061,0.0816,0.1367,0.1083
0.077,0.0575,0.0661,0.0665
0.1014,0.0675,0.1143,0.0734
0.0782,0.0693,0.0821,0.0797
0.0749,0.0759,0.1004,0.0785
0.0705,0.0766,0.1041,0.0815
0.0746,0.0708,0.0674,0.0714
0.0848,0.0705,0.0693,0.0685
0.0826,0.0817,0.0956,0.0964
0.0886,0.0867,0.098,0.0922
0.0886,0.0824,0.0998,0.0804
0.0786,0.0662,0.0806,0.0752
0.087,0.0759,0.0797,0.0664
0.0868,0.0656,0.0774,0.0658
0.085,0.0941,0.1009,0.0751
0.1012,0.0774,0.0906,0.0969
0.0907,0.0932,0.1294,0.0939
0.0844,0.0674,0.0976,0.0686
0.0788,0.0758,0.1018,0.0795
0.09,0.0909,0.1,0.1002
0.0768,0.0543,0.0803,0.0928
0.1029,0.0862,0.124,0.1016
0.1184,0.0748,0.0958,0.0807
0.1059,0.0889,0.0932,0.1009
0.1038,0.071,0.1173,0.0735
0.0918,0.0623,0.1043,0.0617
0.121,0.0834,0.1368,0.1026
0.0753,0.0764,0.0887,0.0698
0.0781,0.08,0.0893,0.0807
0.0769,0.0681,0.0896,0.0642
0.0887,0.0695,0.0807,0.0742
0.0959,0.0961,0.1066,0.0973
0.0981,0.0731,0.0845,0.0658
0.0765,0.0682,0.0875,0.0777
0.0876,0.0743,0.0773,0.0692
0.0945,0.0743,0.0939,0.0691
0.0903,0.0689,0.081,0.0711
0.1061,0.0893,0.1112,0.1004
0.0649,0.0605,0.0771,0.0687
0.0764,0.067,0.069,0.0634
0.0865,0.0687,0.0769,0.0698
0.0736,0.0732,0.0839,0.0598
0.0783,0.0786,0.0901,0.0735
0.0791,0.0637,0.073,0.0745
0.1024,0.083,0.1343,0.0937
0.0857,0.0674,0.09,0.0701
0.0758,0.0587,0.0704,0.0708
0.0888,0.0605,0.0989,0.0723
0.0803,0.0838,0.1003,0.0829
0.0972,0.0817,0.0887,0.0986
0.0844,0.0736,0.085,0.0691
0.0779,0.0709,0.0721,0.072
0.0902,0.0681,0.0863,0.0642
0.0834,0.0713,0.0771,0.0779
0.0719,0.0655,0.07,0.069
0.0787,0.0672,0.0641,0.076
0.0962,0.0676,0.108,0.0644
0.0906,0.0863,0.0958,0.0821
0.0897,0.0756,0.0877,0.0771
0.0793,0.0674,0.0685,0.0624
0.0858,0.1052,0.1073,0.093
0.1016,0.0881,0.0937,0.0943
0.089,0.083,0.1031,0.0878
0.0775,0.07,0.0693,0.0735
0.0781,0.0665,0.0869,0.066
0.0836,0.0769,0.0924,0.0858
0.0856,0.0636,0.0835,0.0791
0.0772,0.0683,0.0843,0.0602
0.0754,0.0688,0.0649,0.0691
0.0903,0.0698,0.0872,0.0768
0.0824,0.0709,0.0873,0.0759
0.0933,0.0719,0.0958,0.0865
0.1178,0.0851,0.1054,0.1114
0.0826,0.075,0.079,0.0774
0.0824,0.0723,0.089,0.0709
0.082,0.0683,0.0766,0.0621
0.0979,0.083,0.1065,0.0968
0.0996,0.0842,0.1281,0.0767
0.0726,0.0703,0.0848,0.071
0.0762,0.0767,0.1033,0.0788
0.0662,0.0782,0.0851,0.072
0.0717,0.0639,0.072,0.0652
0.0793,0.0702,0.0766,0.0696
0.0734,0.0797,0.0933,0.07
0.0765,0.0627,0.0806,0.0814
0.0784,0.077,0.0914,0.0763
0.088,0.0697,0.0818,0.0701
0.0873,0.0609,0.0825,0.0815
0.0768,0.0669,0.0852,0.0725
0.089,0.0715,0.0859,0.0796
0.0725,0.0665,0.0923,0.0699
0.0819,0.0783,0.1053,0.082
0.1043,0.0634,0.0877,0.0747
0.0922,0.0708,0.1004,0.0763
0.0975,0.0844,0.0884,0.0794
0.0793,0.0694,0.0856,0.0755
0.0903,0.0934,0.0992,0.0823
0.0621,0.0648,0.082,0.0699
0.1222,0.0931,0.1206,0.0746
0.0825,0.0665,0.0675,0.0728
0.0906,0.0741,0.0776,0.0731
0.083,0.0694,0.0735,0.0668
0.0918,0.078,0.1054,0.085
0.0811,0.0846,0.0873,0.0819
0.0815,0.0986,0.1176,0.0872
0.0893,0.0856,0.0888,0.0809
0.1018,0.0935,0.0937,0.1082
0.0769,0.0689,0.0697,0.0624
0.0967,0.089,0.1132,0.0837
0.0836,0.0859,0.0886,0.0841
0.1074,0.0722,0.1004,0.077
0.1019,0.085,0.1286,0.1028
0.0825,0.0877,0.1118,0.0749
0.1042,0.0893,0.1289,0.1076
0.1037,0.0784,0.129,0.0983
0.0819,0.085,0.0899,0.079
0.1071,0.0816,0.1652,0.0909
0.1021,0.0812,0.1257,0.1016
0.1063,0.0722,0.0958,0.0763
0.1213,0.0995,0.1286,0.1088
0.0913,0.0758,0.1252,0.0975
0.0795,0.0593,0.0694,0.0764
0.0753,0.0912,0.1063,0.0771
0.0838,0.0679,0.0721,0.0713
0.0698,0.0651,0.0826,0.0655
0.0705,0.0624,0.0853,0.067
0.0695,0.064,0.0743,0.0632
0.0726,0.0632,0.0731,0.0709
0.0858,0.0835,0.1109,0.0841
0.1135,0.0915,0.134,0.1065
0.0858,0.0733,0.0875,0.0814
0.0844,0.0698,0.0725,0.069
0.0777,0.0776,0.0996,0.08
0.0935,0.0717,0.1101,0.0736
0.0783,0.0706,0.0662,0.0706
0.079,0.0617,0.0818,0.0715
0.0838,0.0792,0.098,0.0877
0.1049,0.0797,0.1396,0.1044
0.08,0.0669,0.086,0.067
0.0893,0.1028,0.1013,0.0868
0.079,0.0715,0.0917,0.0788
0.087,0.0851,0.0893,0.0758
0.1242,0.1062,0.1473,0.1155
0.0837,0.0769,0.0835,0.0634
0.0787,0.0657,0.0617,0.0667
0.0922,0.0852,0.0963,0.0778
0.0746,0.0662,0.0793,0.0676
0.0661,0.0628,0.0838,0.0667
0.0774,0.0706,0.0853,0.0662
0.0734,0.0525,0.0658,0.0681
0.0865,0.0809,0.0936,0.0792
0.0813,0.0777,0.0741,0.0846
0.0782,0.0601,0.0703,0.0694
0.0874,0.0732,0.0857,0.0807
0.0737,0.0625,0.0805,0.0704
0.0771,0.0604,0.0804,0.0751
0.0976,0.0747,0.1165,0.0916
0.0959,0.0837,0.0987,0.0814
0.0912,0.0642,0.0753,0.077
0.0905,0.0699,0.0776,0.0632
0.0769,0.075,0.0855,0.0712
0.0962,0.0839,0.0924,0.0736
0.0902,0.1011,0.0971,0.0935
0.0817,0.0678,0.0718,0.0651
0.0749,0.0704,0.0858,0.065
0.0838,0.0874,0.0916,0.0815
0.087,0.0674,0.0889,0.0689
0.0922,0.0654,0.0715,0.0627
0.0771,0.0713,0.0875,0.066
0.0841,0.0797,0.0883,0.0805
0.0684,0.0923,0.1106,0.0825
0.0757,0.0717,0.0642,0.0762
0.0636,0.0922,0.1151,0.0852
0.0872,0.0676,0.0749,0.0754
0.0728,0.0648,0.0835,0.0736
0.0916,0.0819,0.1042,0.0983
0.0998,0.0789,0.1382,0.0882
0.107,0.0853,0.1412,0.0877
0.0877,0.0663,0.0687,0.0627
0.0832,0.0857,0.1113,0.0721
0.0853,0.0831,0.1072,0.0901
0.0891,0.069,0.0812,0.0835
0.0883,0.0678,0.1033,0.0666
0.0806,0.0603,0.0875,0.0708
0.085,0.0671,0.0917,0.0683
0.1009,0.0741,0.0984,0.0731
0.0719,0.0674,0.0664,0.0616
0.0852,0.0713,0.0908,0.0669
0.0845,0.0764,0.075,0.0664
0.0807,0.0789,0.092,0.0756
0.0996,0.0944,0.1042,0.0815
0.0918,0.0691,0.0774,0.0559
0.0818,0.0833,0.1039,0.0871
0.0913,0.0967,0.1225,0.0808
0.0988,0.0826,0.0812,0.0853
0.1142,0.0878,0.1299,0.11
0.0748,0.0646,0.0839,0.0698
0.0829,0.0769,0.1179,0.0854
0.1187,0.0827,0.1521,0.0998
0.1047,0.0799,0.1314,0.1084
0.0784,0.0722,0.074,0.0749
0.1018,0.073,0.1013,0.0718
0.1179,0.0892,0.1443,0.0879
0.0928,0.0862,0.0818,0.0784
0.0761,0.0643,0.0747,0.0768
0.0829,0.0654,0.0881,0.0627
0.1257,0.0869,0.1322,0.0973
0.082,0.0965,0.1193,0.0771
0.1168,0.0847,0.1278,0.1108
0.0755,0.0626,0.0681,0.0661
0.0834,0.0691,0.0859,0.0689
0.1029,0.0849,0.102,0.0791
0.0715,0.0589,0.0821,0.0749
0.0829,0.1027,0.1257,0.0996
0.0863,0.0653,0.091,0.0698
0.0819,0.065,0.0927,0.0657
0.0894,0.0726,0.0965,0.0697
0.0846,0.0727,0.0788,0.0679
0.0832,0.0719,0.0746,0.0658
0.0862,0.0726,0.068,0.0767
0.1118,0.0848,0.1176,0.1005
0.0986,0.0759,0.0995,0.0711
0.0903,0.0727,0.0713,0.0739
0.104,0.0699,0.089,0.0634
0.0861,0.0898,0.0843,0.0822
0.0926,0.0816,0.0793,0.0907
0.0873,0.0743,0.0813,0.0841
0.1186,0.0866,0.1544,0.1084
0.0694,0.0634,0.0877,0.0791
0.1261,0.0849,0.1573,0.1105
0.0978,0.0729,0.1028,0.068
0.1169,0.0875,0.1427,0.1148
0.0735,0.071,0.0684,0.0698
0.1092,0.0919,0.105,0.1005
0.1219,0.0923,0.1429,0.1079
0.0813,0.0789,0.0752,0.0729
0.0809,0.0803,0.1093,0.0837
0.0828,0.072,0.076,0.0665
0.0877,0.0722,0.0816,0.067
0.0986,0.0715,0.0915,0.0708
0.0958,0.0752,0.1227,0.0963
0.0906,0.0705,0.0866,0.0641
0.1234,0.082,0.1488,0.0927
0.0801,0.0667,0.0724,0.0722
0.1012,0.0799,0.1402,0.101
0.1119,0.0851,0.1257,0.109
0.1122,0.0822,0.1352,0.1032
0.0728,0.0704,0.0918,0.0764
0.0889,0.0727,0.0761,0.0833
0.0735,0.072,0.093,0.0686
0.0755,0.068,0.0923,0.0826
0.0703,0.0723,0.1028,0.0824
0.0833,0.0766,0.09,0.0755
0.0893,0.0707,0.0737,0.0649
0.0805,0.067,0.0739,0.079
0.0813,0.0718,0.0866,0.0619
0.0994,0.0852,0.1395,0.0884
0.1264,0.0866,0.1678,0.1092
0.0777,0.0781,0.0689,0.0727
0.1045,0.0838,0.1376,0.1045
0.0798,0.0678,0.0782,0.0755
0.0843,0.068,0.0679,0.0726
0.0781,0.0645,0.0661,0.0707
0.1105,0.0779,0.1266,0.1083
0.079,0.0721,0.0982,0.0725
0.0852,0.0677,0.0835,0.0616
0.0825,0.0648,0.0849,0.0746
0.0903,0.0661,0.067,0.0731
0.0747,0.0757,0.0943,0.0865
0.1209,0.1064,0.153,0.0985
0.077,0.0694,0.0715,0.0716
0.0795,0.0781,0.1011,0.0848
0.1135,0.0848,0.0878,0.1182
0.1023,0.0948,0.141,0.1056
0.0817,0.0704,0.0832,0.0959
0.0855,0.0709,0.0728,0.0694
0.0736,0.0909,0.1131,0.0795
0.0965,0.0849,0.1037,0.0678
0.072,0.0865,0.1128,0.0836
0.082,0.0686,0.0925,0.0765
0.0926,0.0773,0.0995,0.0801
0.084,0.064,0.0766,0.0829
0.103,0.0759,0.1363,0.1078
0.0942,0.0666,0.1002,0.0711
0.0815,0.0749,0.0668,0.0718
0.0942,0.0717,0.0857,0.0611
0.0895,0.0947,0.1205,0.0885
0.08,0.0694,0.0875,0.0696
0.1033,0.0726,0.0811,0.0779
0.082,0.0707,0.0731,0.071
0.0861,0.0753,0.0789,0.0655
0.0747,0.0693,0.0646,0.064
0.1249,0.084,0.1575,0.1122
0.097,0.0714,0.0823,0.0804
0.0909,0.0742,0.1136,0.0876
0.1009,0.073,0.0873,0.0719
0.0912,0.0834,0.0929,0.0925
0.0778,0.0692,0.0801,0.0671
0.1129,0.0824,0.0852,0.071
0.0904,0.0673,0.0939,0.0641
0.1076,0.0807,0.144,0.1133
0.0802,0.0692,0.0655,0.0768
0.104,0.0739,0.1153,0.0726
0.0948,0.0811,0.0966,0.0802
0.0756,0.0767,0.1054,0.0856
0.0847,0.073,0.0921,0.0749
0.0838,0.0695,0.0809,0.0647
0.0854,0.0753,0.0903,0.0825
0.0848,0.0646,0.0715,0.0692
0.1059,0.0668,0.0854,0.0623
0.0892,0.0829,0.0947,0.0899
0.0845,0.0618,0.0845,0.0632
0.0932,0.0755,0.0822,0.0682
0.1402,0.1022,0.1487,0.1306
0.0787,0.0665,0.0842,0.0838
0.0913,0.0596,0.093,0.0701
0.0827,0.0695,0.0721,0.0703
0.0882,0.0786,0.0793,0.0895
0.093,0.077,0.0914,0.0946
0.089,0.0699,0.095,0.0774
0.076,0.0728,0.0844,0.0724
0.1004,0.071,0.0886,0.0952
0.0882,0.0674,0.094,0.0712
0.077,0.1013,0.122,0.0998
0.0725,0.0642,0.0738,0.07
0.0998,0.0703,0.0943,0.0701
0.0735,0.072,0.0825,0.0707
0.1008,0.0814,0.0957,0.0847
0.0875,0.091,0.0961,0.0882
0.0849,0.075,0.085,0.0635
0.0852,0.0664,0.0828,0.0819
0.103,0.0653,0.087,0.0682
0.1015,0.0839,0.1387,0.0896
0.0718,0.0738,0.0881,0.0752
0.0871,0.0633,0.0852,0.0622
0.078,0.0722,0.0834,0.0705
0.0729,0.0702,0.0691,0.0687
0.0851,0.0758,0.1079,0.0814
0.1051,0.0697,0.0866,0.064
0.0707,0.0859,0.0962,0.0722
0.0733,0.0656,0.0814,0.0594
0.0995,0.08,0.1263,0.1011
0.0824,0.0788,0.0926,0.081
0.0861,0.0778,0.1049,0.0822
0.073,0.0611,0.0716,0.0694
0.0747,0.0665,0.0871,0.0654
0.0904,0.0748,0.0958,0.0701
0.0814,0.0679,0.0754,0.095
0.0884,0.0709,0.0793,0.077
0.0981,0.0706,0.1109,0.0747
0.0797,0.0745,0.101,0.0789
0.0979,0.0739,0.1187,0.0942
0.101,0.0693,0.1036,0.0732
0.1041,0.0839,0.1221,0.1063
0.1065,0.08,0.1298,0.098
0.0732,0.0893,0.1129,0.089
0.1026,0.0887,0.1092,0.0817
0.0888,0.1022,0.1059,0.0873
0.0773,0.0773,0.0892,0.0749
0.0783,0.0713,0.0781,0.0655
0.0858,0.0662,0.0698,0.0727
0.0802,0.0523,0.0734,0.0686
0.1168,0.0727,0.1075,0.0795
0.0775,0.0702,0.0913,0.0688
0.1008,0.0943,0.1049,0.1002
0.0932,0.0766,0.0741,0.0648
0.0734,0.0834,0.0851,0.0802
0.0824,0.0772,0.0887,0.0798
0.0894,0.0727,0.0713,0.0781
0.0905,0.077,0.0782,0.0865
0.0893,0.0706,0.0714,0.0843
0.0747,0.0824,0.0848,0.0844
0.0969,0.0822,0.0908,0.0767
0.118,0.0916,0.124,0.1148
0.0924,0.0861,0.1028,0.0922
0.1026,0.0834,0.1321,0.0937
0.0662,0.0667,0.086,0.0753
0.0796,0.079,0.1077,0.0819
0.1025,0.076,0.1376,0.1013
0.1267,0.0842,0.1315,0.0871
0.0908,0.0684,0.0892,0.0731
0.09,0.0675,0.094,0.0718
0.0736,0.0702,0.0849,0.0634
0.0824,0.0921,0.1023,0.0768
0.0877,0.0947,0.1352,0.0832
0.079,0.0659,0.0896,0.0658
0.1042,0.0723,0.1077,0.0711
0.1003,0.0805,0.0917,0.0989
0.083,0.0697,0.0718,0.0641
0.0751,0.0651,0.0779,0.0692
0.0864,0.0701,0.0731,0.0701
0.1037,0.0793,0.1428,0.106
0.1214,0.0794,0.1369,0.1034
0.0906,0.0795,0.0909,0.0829
0.1168,0.088,0.1276,0.1066
0.0915,0.0793,0.0742,0.0765
0.0807,0.0674,0.0762,0.08
0.0816,0.0683,0.087,0.0687
0.0831,0.0689,0.0741,0.0676
0.0787,0.0687,0.0923,0.0762
0.0889,0.0961,0.1228,0.1008
0.0811,0.0667,0.0774,0.076
0.0781,0.0916,0.1167,0.0837
0.0912,0.0931,0.1092,0.0903
0.0965,0.0708,0.0791,0.09
0.084,0.0701,0.0693,0.0716
0.0872,0.0792,0.0983,0.0857
0.0892,0.0685,0.0699,0.0815
0.1107,0.0885,0.1368,0.1031
0.1067,0.0711,0.0862,0.0909
0.0965,0.0775,0.1223,0.0874
0.0765,0.0627,0.0696,0.0635
0.091,0.0727,0.1004,0.078
0.1005,0.0746,0.1019,0.0921
0.0881,0.0945,0.1164,0.0853
0.0965,0.0798,0.097,0.0757
0.0898,0.0664,0.1101,0.0686
0.0856,0.0779,0.093,0.0808
0.1066,0.0739,0.0923,0.0701
0.1062,0.0804,0.1019,0.0949
0.0975,0.0714,0.1061,0.0743
0.0905,0.0665,0.0834,0.0665
0.0807,0.0822,0.0932,0.072
0.0708,0.0627,0.0753,0.0644
0.0936,0.0839,0.1118,0.0951
0.0761,0.0731,0.0693,0.0696
0.0856,0.1025,0.1173,0.0843
0.0912,0.1023,0.1264,0.1054
0.0787,0.0684,0.0721,0.0621
0.0833,0.0755,0.0865,0.0693
0.1079,0.0849,0.1416,0.1024
0.0719,0.0707,0.0874,0.0739
0.079,0.0648,0.0868,0.0738
0.0748,0.0664,0.0726,0.0721
0.1187,0.0907,0.1363,0.0905
0.0814,0.0718,0.0747,0.0714
0.1049,0.0695,0.1108,0.0843
0.1098,0.0821,0.1385,0.0954
0.0887,0.0686,0.067,0.0736
0.0781,0.0928,0.1065,0.0805
0.0718,0.0525,0.0631,0.0654
0.0915,0.0792,0.0775,0.0647
0.1098,0.0858,0.1305,0.1095
0.0909,0.0719,0.0844,0.0674
0.1017,0.0968,0.1404,0.0989
0.0761,0.0788,0.1101,0.0791
0.1047,0.0825,0.1429,0.1083
0.0747,0.0656,0.0769,0.073
0.0768,0.0778,0.0702,0.0711
0.1021,0.0823,0.1294,0.1032
0.0884,0.0737,0.0788,0.0628
0.1126,0.0976,0.1436,0.1083
0.0943,0.105,0.1058,0.0817
0.0906,0.0655,0.0739,0.0817
0.0708,0.0693,0.086,0.0729
0.0806,0.0774,0.1002,0.0781
0.0792,0.0687,0.0883,0.0659
0.0727,0.0768,0.0878,0.0747
0.0817,0.0757,0.0864,0.0757
0.0889,0.0644,0.1003,0.0728
0.0897,0.0702,0.1121,0.0696
0.0989,0.0751,0.0837,0.0671
0.0771,0.0684,0.0961,0.0756
0.0774,0.0767,0.0859,0.0733
0.0881,0.0734,0.0661,0.077
0.0761,0.0639,0.0692,0.0712
0.1055,0.0704,0.0874,0.0759
0.0648,0.0635,0.0765,0.0686
0.0719,0.0662,0.0885,0.066
0.0854,0.0677,0.0957,0.0696
0.0751,0.0715,0.0719,0.0677
0.0881,0.0701,0.0772,0.0701
0.0978,0.091,0.1338,0.102
0.0855,0.0709,0.0729,0.0655
0.1,0.0822,0.1499,0.0846
0.1118,0.084,0.136,0.1001
0.0801,0.065,0.075,0.0701
0.1107,0.0939,0.1389,0.1077
0.0767,0.0741,0.0836,0.0682
0.0783,0.0657,0.0747,0.069
0.093,0.0658,0.0746,0.0839
0.0657,0.0727,0.0825,0.0722
0.1312,0.0915,0.1228,0.0912
0.0875,0.067,0.0947,0.0684
0.0781,0.0835,0.0823,0.0834
0.0883,0.0705,0.0769,0.0734
0.0917,0.0858,0.102,0.0858
0.0877,0.0707,0.0856,0.0716
0.1036,0.0799,0.0903,0.0844
0.117,0.0887,0.1185,0.0797
0.0705,0.0892,0.1158,0.0895
0.0943,0.0641,0.0915,0.0665
0.0936,0.0763,0.0883,0.0782
0.1039,0.0971,0.1287,0.1059
0.0789,0.0739,0.0702,0.0696
0.1183,0.093,0.139,0.1171
0.0916,0.088,0.0964,0.0833
0.0695,0.0663,0.0699,0.0664
0.0696,0.0625,0.0868,0.0751
0.0981,0.0709,0.0979,0.0643
0.0971,0.0801,0.0924,0.0782
0.0824,0.0693,0.0733,0.0641
0.0934,0.0718,0.1071,0.0851
0.0894,0.0809,0.1193,0.0635
0.0816,0.0796,0.1017,0.0848
0.1046,0.0887,0.1273,0.1027
0.0736,0.067,0.0874,0.0725
0.0754,0.0791,0.1068,0.0852
0.076,0.0696,0.0656,0.0667
0.0738,0.0795,0.0883,0.0845
0.0855,0.0812,0.0785,0.0802
0.1115,0.078,0.1266,0.0924
0.0805,0.0707,0.0723,0.0711
0.0803,0.0672,0.0742,0.0711
0.1089,0.0914,0.1316,0.1053
0.0786,0.0668,0.0784,0.0659
0.0873,0.0911,0.1131,0.0939
0.1056,0.0882,0.1006,0.1096
0.091,0.0714,0.0856,0.0631
0.0953,0.0826,0.0814,0.0743
0.0707,0.0667,0.0856,0.0714
0.0949,0.0621,0.105,0.0651
0.0732,0.0642,0.0728,0.0691
0.0747,0.0748,0.0837,0.0711
0.0783,0.0718,0.0825,0.0652
0.0801,0.08,0.0894,0.0647
0.0735,0.0981,0.1059,0.0882
0.0823,0.0695,0.0981,0.0729
0.0777,0.0711,0.0673,0.0686
0.0707,0.0607,0.0851,0.074
0.0699,0.0717,0.0633,0.0593
0.0743,0.0691,0.0692,0.0673
0.0774,0.0739,0.0887,0.0754
0.0829,0.0701,0.088,0.0684
0.1031,0.0721,0.1114,0.0707
0.0741,0.0757,0.0877,0.0731
0.1024,0.086,0.1022,0.1006
0.0889,0.0699,0.0795,0.0755
0.1175,0.0856,0.1254,0.0856
0.087,0.078,0.1103,0.0716
0.09,0.0702,0.0754,0.0778
0.0893,0.0707,0.0921,0.07
0.081,0.0715,0.088,0.0735
0.0969,0.0672,0.0801,0.0764
0.1177,0.0772,0.1112,0.0792
0.107,0.0912,0.0913,0.0724
0.0831,0.0685,0.074,0.0711
0.0698,0.095,0.119,0.0857
0.0898,0.0732,0.1307,0.1004
0.0943,0.066,0.118,0.0666
0.0922,0.0791,0.1169,0.1005
0.0885,0.0862,0.1189,0.071
0.0747,0.0791,0.0873,0.0753
0.0917,0.0868,0.0973,0.0978
0.0976,0.0808,0.0756,0.0662
0.0728,0.062,0.0717,0.0646
0.093,0.0799,0.0919,0.0905
0.0929,0.0925,0.0964,0.0852
0.0998,0.0858,0.1073,0.0734
0.0965,0.0765,0.0923,0.0854
0.0701,0.0662,0.0896,0.0721
0.0853,0.0645,0.0625,0.0691
0.0693,0.0658,0.0903,0.0679
0.0983,0.0679,0.0919,0.0737
0.0822,0.0732,0.0808,0.0647
0.0816,0.0714,0.0645,0.0763
0.095,0.0765,0.1377,0.1043
0.0886,0.0691,0.0731,0.0769
0.0864,0.0714,0.1031,0.0849
0.084,0.0695,0.1012,0.0706
0.0808,0.0694,0.0904,0.0672
0.0671,0.0627,0.0824,0.0729
0.0835,0.097,0.1103,0.0901
0.0956,0.0723,0.0799,0.0867
0.09,0.0685,0.0794,0.0684
0.0775,0.0662,0.0776,0.0749
0.0777,0.0697,0.0852,0.067
0.0852,0.0798,0.078,0.076
0.0929,0.0683,0.0707,0.0726
0.0797,0.0637,0.0688,0.0718
0.0669,0.0718,0.1008,0.0802
0.0794,0.0684,0.0709,0.0726
0.0679,0.064,0.0711,0.0637
0.0973,0.0924,0.0943,0.0874
0.0742,0.0814,0.0888,0.0834
0.0822,0.0659,0.0715,0.063
0.0841,0.0792,0.1039,0.0894
0.0748,0.0811,0.1049,0.081
0.0795,0.0821,0.0918,0.0722
0.0962,0.0801,0.1392,0.1003
0.1144,0.0836,0.1239,0.0959
0.0721,0.0683,0.0642,0.0712
0.0867,0.0885,0.0979,0.0855
0.0748,0.0782,0.0702,0.0745
0.1054,0.077,0.1055,0.0802
0.0778,0.082,0.109,0.0749
0.0807,0.067,0.0726,0.0759
0.0742,0.0773,0.0869,0.0751
0.0953,0.0747,0.0981,0.0841
0.0827,0.0676,0.0904,0.0663
0.1118,0.0954,0.1453,0.1053
0.0809,0.0741,0.073,0.063
0.0818,0.0729,0.0754,0.0633
0.0815,0.0709,0.0752,0.0656
0.0921,0.0749,0.0783,0.0728
0.0724,0.0744,0.0641,0.0592
0.0763,0.0911,0.1125,0.0927
0.0825,0.0652,0.0762,0.0743
0.0867,0.0675,0.0893,0.0798
0.0813,0.0767,0.0804,0.0796
0.097,0.0929,0.1044,0.0784
0.0756,0.0689,0.0706,0.07
0.0778,0.0703,0.094,0.0681
0.066,0.0624,0.0852,0.0731
0.0781,0.0762,0.0932,0.0704
0.0863,0.0727,0.0709,0.0753
0.0921,0.0759,0.0866,0.0714
0.0901,0.0649,0.081,0.0612
0.0786,0.0914,0.108,0.0819
0.0845,0.061,0.107,0.0829
0.0787,0.0672,0.0937,0.0819
0.1182,0.0911,0.1242,0.1114
0.0744,0.0663,0.0952,0.0774
0.0786,0.0808,0.0962,0.0813
0.0734,0.0631,0.0837,0.0733
0.1047,0.0788,0.0932,0.0648
0.0887,0.0672,0.0796,0.0572
0.0928,0.0876,0.0921,0.0924
0.0918,0.0735,0.0947,0.0722
0.0865,0.092,0.1138,0.0698
0.1077,0.0739,0.1024,0.0903
0.072,0.0645,0.0968,0.0809
0.0873,0.0703,0.0706,0.0712
0.1095,0.0752,0.0866,0.0752
0.0997,0.0783,0.0905,0.0766
0.0981,0.0818,0.0872,0.0819
0.0764,0.0705,0.0647,0.0726
0.0908,0.0718,0.0883,0.0739
0.1205,0.0903,0.1649,0.0913
0.0836,0.0792,0.0729,0.0805
0.0737,0.1021,0.1314,0.0901
0.0838,0.0685,0.0869,0.0719
0.0852,0.0665,0.0783,0.0634
0.0755,0.0786,0.085,0.075
0.0985,0.0816,0.1408,0.1091
0.0813,0.0734,0.081,0.066
0.1033,0.0834,0.0924,0.0921
0.0862,0.0685,0.0729,0.0803
0.1259,0.0852,0.1425,0.1022
0.0764,0.0595,0.06,0.0641
0.0847,0.0739,0.0832,0.0616
0.076,0.0822,0.0988,0.0749
0.0823,0.0817,0.1033,0.0797
0.1092,0.0692,0.0904,0.089
0.0968,0.0767,0.0975,0.0944
0.0924,0.0719,0.069,0.0829
0.0958,0.0794,0.142,0.1077
0.0834,0.0627,0.0726,0.0784
0.0871,0.0699,0.0792,0.0774
0.0782,0.0745,0.1048,0.0815
0.0896,0.0702,0.0992,0.07
0.1352,0.1087,0.1333,0.1086
0.1236,0.0957,0.1325,0.1169
0.0756,0.0638,0.0711,0.0706
0.0946,0.0727,0.1044,0.0889
0.088,0.0763,0.0833,0.0854
0.0774,0.064,0.0937,0.0836
0.0797,0.0713,0.077,0.0704
0.0851,0.0731,0.0884,0.0688
0.1056,0.0746,0.1279,0.0962
0.1009,0.0661,0.1044,0.0636
0.0768,0.0738,0.0841,0.0622
0.0843,0.0683,0.0762,0.074
0.0782,0.0995,0.1195,0.0885
0.0833,0.0771,0.0881,0.0821
0.0989,0.0843,0.0881,0.0836
0.0777,0.069,0.0687,0.0685
0.0875,0.0661,0.0859,0.073
0.098,0.0903,0.0982,0.0878
0.0852,0.0763,0.1178,0.0885
0.0974,0.0782,0.0918,0.0752
0.0853,0.0764,0.0886,0.0665
0.1035,0.0892,0.0927,0.1008
0.0854,0.0772,0.0931,0.0807
0.0669,0.0691,0.0917,0.0738
0.0974,0.0773,0.0759,0.0664
0.1134,0.0851,0.1236,0.0987
0.0773,0.0609,0.0742,0.0707
0.0803,0.0656,0.0807,0.0635
0.072,0.0727,0.0649,0.0634
0.0814,0.0731,0.0707,0.0675
0.0835,0.0731,0.0674,0.0716
0.0809,0.077,0.1049,0.0797
0.0815,0.074,0.0834,0.0642
0.0717,0.065,0.0865,0.0683
0.1095,0.0916,0.1031,0.1119
0.1031,0.0754,0.0955,0.0729
0.0922,0.0784,0.094,0.0779
0.0818,0.0807,0.0841,0.0726
0.0795,0.0712,0.0986,0.0724
0.075,0.0969,0.1192,0.0772
0.0898,0.0811,0.0973,0.0947
0.0747,0.0669,0.068,0.0688
0.0722,0.0639,0.0759,0.072
0.102,0.0787,0.1001,0.0798
0.0656,0.0614,0.0797,0.0678
0.0764,0.0612,0.075,0.0662
0.075,0.0773,0.0721,0.0668
0.1175,0.0757,0.0819,0.0697
0.0851,0.0883,0.0977,0.0898
0.074,0.0634,0.0789,0.0695
0.0942,0.0728,0.1002,0.0807
0.0999,0.0709,0.1058,0.0667
0.0872,0.1039,0.1206,0.0868
0.0978,0.0726,0.0942,0.0721
0.099,0.0763,0.0746,0.0662
0.0753,0.0778,0.0878,0.0769
0.0734,0.0769,0.1038,0.0808
0.0828,0.0793,0.0758,0.0691
0.0883,0.0687,0.1011,0.0757
0.0831,0.0672,0.0908,0.0649
0.0752,0.0725,0.084,0.0644
0.0728,0.0647,0.0875,0.0793
0.1018,0.0684,0.0939,0.0707
0.0874,0.0637,0.0984,0.0641
0.0828,0.0712,0.0781,0.0646
0.0699,0.0903,0.1123,0.0832
0.0903,0.0758,0.1149,0.0892
0.0687,0.07,0.0827,0.0682
0.0937,0.0708,0.0807,0.0726
0.075,0.0636,0.0876,0.0744
0.0694,0.0638,0.0751,0.0639
0.0767,0.0758,0.1036,0.0821
0.0749,0.072,0.0718,0.0746
0.0871,0.0683,0.0784,0.0756
0.0672,0.0649,0.0772,0.0632
0.0768,0.0684,0.0789,0.0588
0.0886,0.0773,0.0889,0.0775
0.0832,0.069,0.0767,0.0663
0.0879,0.0633,0.0839,0.069
0.0847,0.067,0.0855,0.0732
0.1073,0.0638,0.0829,0.0881
0.0889,0.0793,0.138,0.0896
0.0839,0.0717,0.0729,0.0669
0.1077,0.0831,0.1557,0.086
0.0797,0.0665,0.097,0.0682
0.0831,0.0639,0.0791,0.0841
0.0872,0.0692,0.0706,0.0636
0.0932,0.0772,0.0968,0.0695
0.0855,0.0746,0.0778,0.0804
0.1107,0.0733,0.0846,0.0684
0.0741,0.0756,0.0844,0.0724
0.081,0.0695,0.0886,0.0757
0.0963,0.0735,0.0893,0.0733
0.0765,0.0665,0.0766,0.0637
0.1042,0.0698,0.1155,0.0781
0.0903,0.0797,0.0802,0.0776
0.069,0.0644,0.0841,0.0658
0.0713,0.0647,0.0814,0.0722
0.073,0.0757,0.0966,0.0763
0.1051,0.0773,0.1315,0.0977
0.0845,0.0693,0.0693,0.0712
0.1098,0.0878,0.1033,0.0732
0.0716,0.0612,0.0597,0.0622
0.0688,0.0726,0.0638,0.0627
0.1002,0.0832,0.0879,0.0777
0.0801,0.0831,0.0969,0.0833
0.1228,0.0792,0.1582,0.1007
0.094,0.0684,0.0814,0.0871
0.0797,0.0657,0.0673,0.0684
0.0906,0.0674,0.0725,0.0668
0.1024,0.0867,0.0903,0.0844
0.1174,0.0948,0.154,0.0984
0.0788,0.0762,0.0823,0.0698
0.0998,0.0692,0.0915,0.0688
0.1086,0.0919,0.1394,0.1036
0.0804,0.0736,0.0919,0.0739
0.0736,0.0648,0.0918,0.0663
0.108,0.0799,0.1434,0.1026
0.0989,0.0752,0.1002,0.0746
0.0833,0.0708,0.0649,0.0651
0.0983,0.0879,0.1245,0.1038
0.0962,0.0606,0.0938,0.0669
0.093,0.0726,0.0996,0.0868
0.0814,0.0707,0.0775,0.0667
0.0827,0.0677,0.0743,0.0756
0.088,0.0919,0.1187,0.0854
0.0806,0.0681,0.0705,0.0658
0.108,0.0732,0.0852,0.0779
0.0794,0.0638,0.0897,0.0749
0.0869,0.0704,0.077,0.0773
0.079,0.0719,0.0805,0.0792
0.074,0.0675,0.0844,0.0691
0.0951,0.0938,0.0927,0.0842
0.0818,0.0736,0.072,0.0612
0.106,0.0796,0.0941,0.0712
0.0763,0.0921,0.1043,0.0859
0.0738,0.0627,0.0704,0.0676
0.0817,0.0649,0.0671,0.0639
0.0983,0.0798,0.0847,0.0763
0.0955,0.092,0.1134,0.0862
0.0724,0.09,0.1206,0.0823
0.0824,0.0733,0.0854,0.0745
0.0755,0.0721,0.0713,0.064
0.1018,0.0729,0.0976,0.0969
0.1003,0.0686,0.089,0.0659
0.1169,0.1023,0.1555,0.0979
0.0781,0.0742,0.0672,0.068
0.0897,0.0722,0.0907,0.0682
0.072,0.0669,0.0696,0.0663
0.1051,0.0914,0.0916,0.0792
0.0951,0.078,0.0953,0.082
0.0722,0.0755,0.1064,0.0825
0.0904,0.0839,0.1052,0.0845
0.0811,0.0714,0.0844,0.0733
0.0813,0.0697,0.0662,0.0708
0.0969,0.0719,0.0953,0.068
0.0812,0.0746,0.1028,0.0825
0.0827,0.0836,0.0998,0.0847
0.0864,0.0956,0.1193,0.0854
0.086,0.071,0.1023,0.0702
0.1159,0.0863,0.1269,0.1029
0.084,0.0876,0.0872,0.0856
0.0669,0.0908,0.1178,0.087
0.0772,0.0849,0.1183,0.0696
0.0874,0.0724,0.1033,0.0846
0.0836,0.0773,0.0922,0.0668
0.0757,0.0737,0.0718,0.0738
0.098,0.0868,0.0761,0.0684
0.0737,0.069,0.0894,0.0702
0.0708,0.0653,0.0818,0.0849
0.0789,0.0627,0.0771,0.0711
0.0728,0.0681,0.0905,0.073
0.0718,0.063,0.0869,0.0644
0.0682,0.0624,0.0779,0.0672
0.0739,0.062,0.0776,0.0643
0.105,0.079,0.1428,0.0905
0.0786,0.0713,0.0642,0.0679
0.0804,0.0681,0.0918,0.0652
0.0799,0.0654,0.0748,0.0781
0.1069,0.0832,0.144,0.0931
0.0748,0.067,0.0855,0.0682
0.0953,0.0897,0.0997,0.0864
0.087,0.0748,0.083,0.0675
0.0845,0.0906,0.0917,0.0831
0.0848,0.0764,0.0884,0.0697
0.0783,0.0753,0.0663,0.0659
0.0816,0.0678,0.065,0.063
0.0842,0.0798,0.0998,0.0891
0.089,0.0838,0.0986,0.092
0.1086,0.0808,0.1232,0.1
0.082,0.068,0.0868,0.0631
0.0743,0.092,0.1178,0.0953
0.0802,0.0655,0.0696,0.0724
0.0831,0.0705,0.0811,0.0645
0.074,0.0793,0.0886,0.0723
0.0969,0.0828,0.1053,0.0892
0.0749,0.0722,0.0848,0.0725
0.0793,0.0722,0.0766,0.0718
0.0689,0.0701,0.0886,0.0705
0.0871,0.0847,0.0755,0.0766
0.0952,0.0722,0.087,0.0854
0.099,0.0782,0.1219,0.1074
0.0838,0.0592,0.0789,0.0766
0.0771,0.0664,0.0751,0.0637
0.079,0.0748,0.1049,0.083
0.0867,0.0691,0.0722,0.0636
0.0925,0.0705,0.0896,0.0791
0.0713,0.0767,0.0756,0.081
0.0866,0.0706,0.0692,0.0685
0.0745,0.0729,0.0998,0.0816
0.0811,0.0759,0.0753,0.075
0.089,0.0833,0.1102,0.0984
0.0724,0.0707,0.0672,0.067
0.1059,0.0789,0.1312,0.1011
0.0789,0.0716,0.0653,0.0769
0.0984,0.0692,0.1192,0.0689
0.0961,0.0593,0.0904,0.0693
0.074,0.0994,0.1108,0.0818
0.0805,0.0577,0.0777,0.0676
0.1083,0.0873,0.1247,0.088
0.1078,0.0709,0.0921,0.0729
0.0791,0.061,0.0881,0.0645
0.1116,0.0916,0.1348,0.1111
0.1244,0.0903,0.1171,0.0842
0.1038,0.0834,0.1305,0.1019
0.0912,0.0669,0.0822,0.0788
0.0824,0.0697,0.0924,0.0781
0.0877,0.0642,0.097,0.0703
0.0819,0.063,0.0825,0.0755
0.1136,0.0916,0.1431,0.1084
0.0938,0.0614,0.1033,0.0656
0.0879,0.0687,0.0768,0.0764
0.0707,0.0668,0.0857,0.0781
0.1035,0.0657,0.0982,0.0723
0.1213,0.0814,0.1141,0.0889
0.0878,0.0748,0.0887,0.0736
0.0855,0.0617,0.0729,0.0726
0.0853,0.0821,0.0796,0.0822
0.0803,0.0679,0.0678,0.0684
0.1185,0.0817,0.1267,0.0943
0.0894,0.0753,0.0712,0.0696
0.0844,0.0664,0.0653,0.069
0.0903,0.0659,0.0923,0.0668
0.091,0.0709,0.0914,0.0796
0.1102,0.0779,0.1057,0.0853
0.1018,0.0689,0.1012,0.0707
0.0788,0.07,0.072,0.0671
0.0832,0.0646,0.0659,0.0666
0.0877,0.0807,0.1032,0.084
0.0914,0.0743,0.1296,0.1047
0.0866,0.0815,0.1005,0.0999
0.097,0.0705,0.0771,0.0873
0.129,0.0935,0.1345,0.1056
0.0831,0.0712,0.0703,0.0686
0.1399,0.0967,0.1323,0.1019
0.1184,0.0956,0.113,0.0984
0.0849,0.0784,0.0765,0.0793
0.0835,0.0722,0.0785,0.0726
0.1019,0.0673,0.0904,0.0662
0.085,0.0706,0.0751,0.0653
0.1055,0.0745,0.0825,0.0624
0.079,0.0658,0.099,0.0698
0.0887,0.0654,0.0841,0.0654
0.0721,0.0643,0.0867,0.0676
0.0841,0.0624,0.0863,0.0828
0.084,0.0793,0.0779,0.0733
0.0837,0.0819,0.0992,0.0824
0.081,0.0698,0.101,0.0831
0.0843,0.0708,0.0756,0.0684
0.0996,0.0782,0.122,0.0928
0.1057,0.0942,0.1391,0.0814
0.0881,0.0803,0.0994,0.0898
0.076,0.0663,0.0883,0.0684
0.0636,0.0632,0.0774,0.0647
0.0777,0.0849,0.1086,0.0698
0.0988,0.0745,0.0698,0.0639
0.0997,0.0686,0.0777,0.0796
0.074,0.0633,0.0762,0.0719
0.0706,0.0602,0.0745,0.0687
0.0972,0.092,0.1009,0.0862
0.0996,0.0775,0.0903,0.0796
0.1015,0.0755,0.1017,0.0675
0.0786,0.0791,0.0903,0.0723
0.0766,0.0839,0.1059,0.0731
0.0964,0.0869,0.0901,0.0845
0.0906,0.0801,0.0807,0.0956
0.0942,0.0897,0.1146,0.0864
0.0751,0.0745,0.067,0.0669
0.0817,0.0682,0.0811,0.0714
0.0822,0.0897,0.1039,0.0844
0.0936,0.0989,0.1022,0.094
0.1275,0.0924,0.1719,0.0926
0.1025,0.1071,0.1295,0.103
0.071,0.0611,0.0759,0.0688
0.0728,0.0563,0.0864,0.0652
0.1068,0.0954,0.102,0.1012
0.0887,0.0888,0.1018,0.0908
0.0856,0.0706,0.0837,0.0842
0.0982,0.0853,0.1226,0.0711
0.0767,0.0707,0.0733,0.0646
0.098,0.0811,0.0952,0.0938
0.0717,0.0672,0.0769,0.0705
0.079,0.0697,0.066,0.0665
0.1209,0.0944,0.1437,0.1199
0.1015,0.069,0.0893,0.0833
0.0803,0.0684,0.0754,0.0711
0.1252,0.0844,0.14,0.0983
0.0688,0.0692,0.0723,0.0659
0.0844,0.0654,0.071,0.0655
0.0757,0.0617,0.0953,0.0783
0.0781,0.0648,0.1022,0.0691
0.0826,0.0706,0.0722,0.0621
0.1033,0.0789,0.135,0.1139
0.0854,0.0752,0.0852,0.0662
0.0778,0.068,0.0691,0.0676
0.1016,0.0867,0.1377,0.0924
0.078,0.0714,0.0746,0.0679
0.0842,0.084,0.097,0.0935
0.0846,0.0754,0.0838,0.0808
0.1111,0.0938,0.1415,0.0898
0.0852,0.0907,0.0974,0.0879
0.0798,0.0726,0.0872,0.0733
0.0905,0.0783,0.1026,0.0935
0.0733,0.0671,0.0886,0.0778
0.0769,0.0971,0.1146,0.0959
0.0844,0.0665,0.0782,0.0778
0.0944,0.0865,0.0992,0.0959
0.0851,0.0686,0.0783,0.0633
0.0878,0.0774,0.0763,0.0775
0.1047,0.0884,0.1087,0.1025
0.0787,0.0821,0.0916,0.0808
0.075,0.0754,0.0895,0.071
0.0735,0.0674,0.0737,0.0713
0.0889,0.0737,0.0786,0.0622
0.0809,0.064,0.0723,0.0655
0.0947,0.0655,0.0813,0.098
0.1096,0.0763,0.0876,0.0795
0.085,0.0723,0.0889,0.0717
0.1187,0.0893,0.1036,0.1111
0.0895,0.0685,0.0693,0.0616
0.0713,0.0751,0.0652,0.0604
0.0824,0.0934,0.1187,0.078
0.1033,0.0836,0.1274,0.104
0.0718,0.0849,0.1217,0.0789
0.0696,0.0812,0.0745,0.0707
0.0949,0.0899,0.1049,0.0988
0.1027,0.0866,0.1113,0.1
0.1041,0.0814,0.1194,0.1027
0.0762,0.0755,0.1056,0.0831
0.0946,0.0746,0.0793,0.0817
0.0981,0.0701,0.0954,0.0677
0.0785,0.0669,0.0665,0.0662
0.0838,0.067,0.0933,0.0714
0.1017,0.0769,0.0772,0.0662
0.0907,0.0933,0.1245,0.0799
0.1027,0.0972,0.1018,0.0821
0.0718,0.0696,0.0868,0.074
0.1128,0.0903,0.1515,0.0993
0.0895,0.0687,0.0853,0.0667
0.0733,0.0625,0.0836,0.0659
0.0897,0.0731,0.0759,0.0798
0.0989,0.077,0.1318,0.1061
0.1018,0.0823,0.1416,0.1084
0.0773,0.0646,0.0746,0.0711
0.077,0.0626,0.0685,0.0685
0.0689,0.052,0.0796,0.0776
0.0714,0.0644,0.0778,0.0686
0.0904,0.0863,0.1333,0.0922
0.0694,0.0691,0.089,0.0786
0.0947,0.0619,0.0966,0.066
0.1037,0.0693,0.1089,0.0794
0.0786,0.069,0.0918,0.069
0.0773,0.0859,0.1055,0.0746
0.0761,0.0618,0.0743,0.0713
0.0823,0.074,0.0777,0.0689
0.0678,0.0635,0.0783,0.0706
0.0917,0.0702,0.0809,0.0814
0.1008,0.0803,0.0904,0.1006
0.0979,0.0889,0.094,0.1055
0.0937,0.0736,0.076,0.066
0.1001,0.0804,0.0951,0.0755
0.1126,0.0915,0.1618,0.0937
0.0809,0.0719,0.0761,0.0718
0.0762,0.0982,0.1171,0.0858
0.0681,0.0622,0.0801,0.0654
0.0927,0.0861,0.0944,0.0831
0.1046,0.0726,0.1008,0.071
0.0925,0.088,0.1237,0.0941
0.0686,0.0642,0.0796,0.0727
0.0715,0.0653,0.0768,0.0665
0.072,0.096,0.1157,0.0842
0.0771,0.0622,0.0777,0.0689
0.0837,0.0917,0.1197,0.0928
0.0782,0.0652,0.0845,0.0707
0.0704,0.0789,0.0877,0.0705
0.086,0.0648,0.0752,0.0677
0.095,0.0745,0.0842,0.0707
0.0949,0.0716,0.1093,0.0712
0.0828,0.0727,0.0728,0.0723
0.0993,0.0683,0.09,0.0683
0.1045,0.0811,0.124,0.1001
0.1115,0.0673,0.1163,0.0692
0.0924,0.073,0.0709,0.0831
0.0693,0.0643,0.0862,0.0736
0.078,0.0691,0.0664,0.0657
0.0738,0.07,0.0885,0.0647
0.0979,0.0692,0.0932,0.0738
0.0769,0.0767,0.0702,0.0681
0.0772,0.0657,0.0736,0.0661
0.0789,0.068,0.0677,0.0716
0.0926,0.0674,0.0674,0.0727
0.1032,0.0804,0.1412,0.1048
0.0736,0.076,0.1033,0.08
0.0801,0.0726,0.087,0.0699
0.123,0.0869,0.1453,0.1146
0.0991,0.0783,0.1285,0.105
0.0796,0.0804,0.0834,0.0728
0.0708,0.0769,0.0864,0.0759
0.0892,0.08,0.0865,0.0802
0.0827,0.0937,0.1147,0.0882
0.0816,0.0888,0.1027,0.0905
0.0895,0.0684,0.082,0.0763
0.08,0.0801,0.1031,0.0856
0.0819,0.0715,0.0703,0.0714
0.071,0.0762,0.1069,0.0854
0.0873,0.0699,0.0768,0.0669
0.0771,0.0788,0.0708,0.0653
0.1016,0.0877,0.1229,0.0977
0.0812,0.0823,0.1067,0.0879
0.0926,0.0774,0.0906,0.0918
0.0806,0.0728,0.0871,0.0806
0.0874,0.0792,0.1039,0.0833
0.0867,0.08,0.0814,0.0801
0.0847,0.0881,0.0888,0.0798
0.088,0.0758,0.0873,0.0787
0.0823,0.078,0.0736,0.0745
0.0891,0.0702,0.0725,0.0719
0.0716,0.0659,0.0737,0.0707
0.0823,0.0695,0.0998,0.084
0.0821,0.0705,0.0691,0.0713
0.0947,0.0766,0.0958,0.0725
0.0754,0.0679,0.0923,0.0716
0.1051,0.0808,0.1056,0.072
0.0784,0.0626,0.0746,0.0706
0.0782,0.0669,0.0621,0.0571
0.1047,0.0653,0.1066,0.0699
0.0906,0.0828,0.1534,0.0889
0.0882,0.0717,0.0688,0.0602
0.1167,0.0988,0.1344,0.1118
0.1071,0.0801,0.085,0.0797
0.0659,0.0651,0.0859,0.0688
0.0811,0.0641,0.067,0.0705
0.1023,0.0803,0.1401,0.0835
0.077,0.0792,0.0999,0.0805
0.0718,0.0895,0.1137,0.0712
0.0705,0.063,0.092,0.0737
0.0927,0.0767,0.0911,0.0705
0.0878,0.0828,0.0987,0.069
0.0731,0.0643,0.0728,0.0697
0.092,0.0896,0.12,0.0861
0.1005,0.0821,0.0673,0.0717
0.0856,0.0719,0.1031,0.0717
0.085,0.0719,0.0785,0.0685
0.0926,0.0978,0.122,0.0807
0.0805,0.0834,0.0792,0.0809
0.0918,0.091,0.0974,0.0921
0.0827,0.0955,0.12,0.0856
0.0846,0.0627,0.0938,0.0668
0.1092,0.0645,0.1101,0.0761
0.0818,0.0762,0.0933,0.0831
0.1017,0.0607,0.0892,0.0717
0.0864,0.0857,0.0983,0.0769
0.0896,0.073,0.07,0.0638
0.1246,0.0803,0.1583,0.1022
0.0786,0.0743,0.0996,0.0776
0.0866,0.069,0.0666,0.0618
0.088,0.0635,0.1087,0.0762
0.1035,0.0824,0.0937,0.0676
0.0833,0.0683,0.0751,0.0695
0.1,0.0779,0.1261,0.1029
0.0779,0.0734,0.0811,0.0767
0.0748,0.0724,0.0983,0.0831
0.0898,0.0698,0.0963,0.0812
0.0776,0.0679,0.0834,0.0644
0.0854,0.0686,0.0762,0.069
0.0807,0.0641,0.0956,0.0872
0.0887,0.0918,0.0923,0.0817
0.0801,0.0779,0.0951,0.0827
0.0922,0.0628,0.1065,0.0615
0.1004,0.0789,0.0867,0.0693
0.095,0.0916,0.1319,0.0885
0.1074,0.1046,0.1176,0.0832
0.092,0.0869,0.1027,0.0788
0.0715,0.0755,0.0888,0.0709
0.0863,0.0774,0.0871,0.0823
0.0687,0.0659,0.0797,0.0731
0.0713,0.0697,0.0849,0.0738
0.0747,0.0723,0.0821,0.0711
0.0958,0.0769,0.0764,0.0662
0.0808,0.078,0.1003,0.087
0.0891,0.0749,0.0822,0.0721
0.088,0.0652,0.0735,0.0707
0.1137,0.0839,0.1249,0.0908
0.0701,0.0693,0.0813,0.0672
0.1126,0.0932,0.0926,0.102
0.0956,0.0828,0.1354,0.1017
0.0806,0.0958,0.1072,0.0712
0.1082,0.0853,0.1412,0.103
0.0782,0.0675,0.0788,0.0679
0.0838,0.0948,0.1139,0.0871
0.1246,0.0762,0.1606,0.0961
0.086,0.0669,0.0755,0.0641
0.0724,0.0636,0.0871,0.0733
0.088,0.0869,0.0949,0.0812
0.081,0.068,0.0903,0.0691
0.12,0.0955,0.1473,0.1093
0.083,0.0817,0.1024,0.09
0.0871,0.069,0.0763,0.0701
0.0785,0.0992,0.121,0.0798
0.0976,0.0733,0.0963,0.0759
0.1093,0.0798,0.1248,0.0998
0.0716,0.0898,0.1044,0.0812
0.0769,0.0646,0.0801,0.0671
0.0689,0.0696,0.0665,0.0717
0.1015,0.0801,0.1298,0.0996
0.1127,0.0824,0.1346,0.1121
0.0801,0.0717,0.0703,0.0678
0.0768,0.0657,0.0802,0.0665
0.0804,0.0893,0.1174,0.073
0.0928,0.0929,0.1265,0.1028
0.0818,0.072,0.0749,0.0642
0.1182,0.0929,0.1325,0.1044
0.0837,0.0691,0.0865,0.0647
0.0741,0.0625,0.0815,0.0715
0.0821,0.0682,0.0766,0.0599
0.0923,0.0802,0.1396,0.1102
0.0843,0.082,0.1033,0.0788
0.0754,0.0709,0.0892,0.0747
0.1006,0.0783,0.0827,0.0982
0.1018,0.0833,0.1425,0.1095
0.0928,0.0802,0.0858,0.0694
0.0709,0.0781,0.086,0.0779
0.0834,0.0674,0.085,0.0672
0.0913,0.0754,0.0946,0.0845
0.0824,0.0655,0.0648,0.0636
0.0867,0.0751,0.1037,0.0731
0.0746,0.0638,0.0908,0.0639
0.0879,0.0659,0.0939,0.0732
0.0929,0.0787,0.092,0.0919
0.0689,0.0636,0.0942,0.072
0.101,0.0783,0.1061,0.1003
0.1165,0.112,0.1221,0.1013
0.0972,0.0978,0.1277,0.1007
0.0894,0.0828,0.1028,0.0925
0.0859,0.0679,0.0905,0.0624
0.0745,0.0742,0.0807,0.0595
0.0801,0.0762,0.0904,0.0832
0.0831,0.0719,0.0745,0.0742
0.087,0.0718,0.0751,0.0646
0.1143,0.0885,0.1348,0.0989
0.0773,0.0689,0.0689,0.0693
0.0732,0.0687,0.0694,0.0646
0.0918,0.0715,0.0925,0.0715
0.074,0.0888,0.1285,0.0787
0.0856,0.0811,0.0935,0.0724
0.1263,0.084,0.1503,0.1116
0.0822,0.067,0.0681,0.063
0.1174,0.0814,0.1462,0.0998
0.0882,0.0897,0.1025,0.0965
0.0771,0.0712,0.0688,0.0649
0.1051,0.0698,0.097,0.0762
0.0879,0.0653,0.0849,0.0664
0.0879,0.0699,0.0701,0.0642
0.1132,0.0833,0.1343,0.107
0.0752,0.0641,0.0926,0.0774
0.0845,0.0729,0.0932,0.0706
0.0836,0.0833,0.1024,0.1006
0.0781,0.0682,0.0668,0.0628
0.0775,0.0821,0.11,0.0797
0.0859,0.0774,0.0779,0.0734
0.0724,0.076,0.105,0.0791
0.1039,0.0821,0.1239,0.086
0.0666,0.0927,0.1063,0.0807
0.1237,0.1002,0.1566,0.117
0.0809,0.0773,0.1056,0.0812
0.0879,0.0665,0.0952,0.0686
0.085,0.0681,0.0979,0.0712
0.0713,0.0808,0.0813,0.0827
0.0797,0.0804,0.0924,0.075
0.1075,0.0809,0.1289,0.1102
0.0783,0.0976,0.1184,0.0974
0.0805,0.0647,0.0844,0.0648
0.0866,0.062,0.1005,0.0685
0.0773,0.0676,0.0948,0.0712
0.0761,0.0633,0.0763,0.0707
0.0792,0.0754,0.1021,0.0786
0.0729,0.0631,0.0878,0.0598
0.0837,0.0677,0.0746,0.0669
0.0913,0.0829,0.0707,0.0747
0.0885,0.0785,0.0951,0.0821
0.0667,0.063,0.077,0.0693
0.0683,0.0629,0.0842,0.0754
0.1184,0.0967,0.0924,0.1081
0.0969,0.0788,0.0982,0.0993
0.1042,0.0932,0.1047,0.0901
0.0864,0.0726,0.084,0.0703
0.0839,0.0904,0.0946,0.084
0.0815,0.0718,0.0746,0.0694
0.0998,0.1143,0.1158,0.1043
0.0858,0.083,0.0885,0.0945
0.0806,0.0676,0.0655,0.0715
0.0765,0.0627,0.0794,0.0724
0.1182,0.0824,0.0951,0.0845
0.0708,0.0735,0.089,0.0748
0.0833,0.0719,0.0893,0.0696
0.0839,0.0701,0.0945,0.0723
0.0739,0.0652,0.0895,0.0726
0.076,0.0706,0.0705,0.0723
0.0782,0.0666,0.0809,0.0756
0.1018,0.0747,0.0951,0.0714
0.0978,0.0784,0.1001,0.0757
0.0782,0.0788,0.1067,0.0833
0.0908,0.0643,0.0777,0.0905
0.0786,0.0827,0.0952,0.0836
0.0812,0.0682,0.0711,0.0697
0.0847,0.0746,0.0788,0.0678
0.1,0.0888,0.0963,0.1075
0.0731,0.0782,0.0892,0.0751
0.1011,0.0872,0.0784,0.0676
0.0874,0.0727,0.0719,0.0714
0.0969,0.0798,0.1241,0.098
0.0696,0.074,0.0859,0.0729
0.093,0.0695,0.1003,0.0802
0.0969,0.0666,0.0738,0.0618
0.0992,0.071,0.1046,0.0756
0.0907,0.0703,0.0765,0.0734
0.0817,0.0689,0.1011,0.0716
0.0934,0.0761,0.0882,0.071
0.0708,0.0656,0.0776,0.0658
0.0985,0.081,0.0927,0.0883
0.0863,0.0718,0.0767,0.0674
0.0993,0.0684,0.0972,0.0704
0.1257,0.0927,0.1691,0.0977
0.0705,0.0618,0.0734,0.0672
0.0854,0.065,0.0959,0.0745
0.0696,0.063,0.0774,0.0657
0.0749,0.0678,0.0891,0.0735
0.0827,0.0732,0.097,0.0867
0.0887,0.0713,0.0744,0.0721
0.0763,0.0789,0.0689,0.0706
0.0761,0.0623,0.0781,0.0686
0.0728,0.0698,0.0828,0.0698
0.0869,0.0668,0.1028,0.0692
0.0731,0.0612,0.0749,0.0642
0.0913,0.076,0.0997,0.0753
0.1,0.0637,0.1139,0.0687
0.0754,0.0729,0.0859,0.0708
0.0853,0.0828,0.1038,0.0808
0.1029,0.0689,0.1045,0.069
0.0866,0.0715,0.0906,0.0833
0.1141,0.0873,0.154,0.1039
0.0869,0.0671,0.0698,0.0767
0.083,0.0692,0.101,0.0704
0.0722,0.0596,0.0887,0.0724
0.0957,0.0899,0.094,0.0838
0.1198,0.0769,0.1388,0.1039
0.119,0.0916,0.1383,0.102
0.0749,0.0707,0.0695,0.0734
0.0938,0.0748,0.1145,0.0849
0.092,0.0797,0.0863,0.0727
0.0797,0.0733,0.0663,0.0695
0.0734,0.0712,0.0657,0.0596
0.0883,0.0667,0.0884,0.0687
0.0852,0.0715,0.0686,0.0688
0.07,0.0661,0.0863,0.0718
0.0791,0.071,0.0677,0.0687
0.1098,0.0744,0.0942,0.0695
0.0784,0.0674,0.0633,0.0608
0.1071,0.0909,0.0956,0.0956
0.0855,0.0792,0.0828,0.0819
0.0853,0.0723,0.0957,0.0767
0.1228,0.0841,0.1008,0.0756
0.0681,0.0623,0.0737,0.0681
0.0866,0.0808,0.0959,0.0904
0.0933,0.0716,0.0966,0.0893
0.071,0.0635,0.0891,0.0724
0.0852,0.072,0.0715,0.0596
0.095,0.0974,0.1403,0.1057
0.0865,0.0728,0.0728,0.064
0.0805,0.0687,0.0845,0.067
0.1155,0.0918,0.1363,0.1026
0.0692,0.0661,0.0788,0.0754
0.0944,0.0802,0.1324,0.1066
0.1298,0.1076,0.1614,0.0986
0.0856,0.0762,0.0747,0.0633
0.0827,0.0646,0.0769,0.0601
0.0722,0.0744,0.0656,0.0637
0.101,0.0794,0.1309,0.1028
0.0704,0.0673,0.0797,0.067
0.1129,0.0828,0.1041,0.0897
0.0943,0.0721,0.0906,0.0752
0.1036,0.0918,0.1224,0.0917
0.0752,0.0721,0.0822,0.0665
0.0922,0.0713,0.0892,0.0705
0.0993,0.0696,0.1131,0.0772
0.0903,0.0825,0.1228,0.0735
0.1022,0.0805,0.1369,0.1069
0.0853,0.0788,0.0986,0.0898
0.0811,0.0754,0.0881,0.0701
0.0977,0.0788,0.1141,0.1002
0.1007,0.0719,0.093,0.073
0.0821,0.068,0.0888,0.0647
0.0741,0.0866,0.1059,0.074
0.0993,0.0806,0.1578,0.091
0.0824,0.0688,0.0703,0.0662
0.0834,0.0709,0.0675,0.072
0.0814,0.0864,0.0784,0.0717
0.0901,0.0751,0.0938,0.0732
0.0918,0.0782,0.0958,0.0776
0.1093,0.0739,0.1042,0.0689
0.1196,0.0768,0.1491,0.1065
0.0783,0.0788,0.0909,0.0728
0.1125,0.0644,0.122,0.0752
0.0859,0.0735,0.0773,0.0684
0.082,0.0669,0.0716,0.0726
0.099,0.1023,0.1056,0.1008
0.0823,0.0775,0.104,0.0893
0.0776,0.0818,0.1047,0.072
0.0751,0.0627,0.0877,0.0749
0.0732,0.078,0.1089,0.0809
0.0931,0.0692,0.0699,0.0709
0.095,0.0698,0.1109,0.0829
0.0943,0.0646,0.0898,0.0715
0.0835,0.0788,0.0966,0.0838
0.0837,0.0635,0.0982,0.0655
0.0677,0.0755,0.1005,0.0732
0.0865,0.0922,0.0929,0.0847
0.0944,0.0718,0.1038,0.0733
0.0965,0.0856,0.0951,0.0897
0.1034,0.079,0.098,0.0742
0.0876,0.0686,0.0922,0.0665
0.0858,0.0907,0.0967,0.0868
0.1008,0.0779,0.0925,0.1044
0.0958,0.074,0.0791,0.0616
0.0833,0.0752,0.0724,0.0628
0.0881,0.0749,0.0702,0.0599
0.0669,0.0916,0.1221,0.0823
0.0848,0.0637,0.0777,0.0704
0.0935,0.0834,0.1307,0.1093
0.0754,0.0662,0.0723,0.0774
0.0747,0.0775,0.0894,0.0605
0.0886,0.092,0.0943,0.0793
0.0747,0.095,0.109,0.0917
0.0831,0.0956,0.1206,0.0889
0.0975,0.0776,0.1024,0.0807
0.0785,0.0661,0.0896,0.082
0.0793,0.0926,0.1115,0.0841
0.0845,0.0713,0.0741,0.0761
0.0748,0.0704,0.0781,0.0708
0.0744,0.0773,0.0681,0.0732
0.0765,0.0661,0.0781,0.0646
0.0741,0.0729,0.0983,0.0785
0.0747,0.0595,0.0726,0.0648
0.074,0.0659,0.0825,0.0631
0.0858,0.0794,0.107,0.0808
0.0925,0.0746,0.0809,0.071
0.0847,0.0769,0.1018,0.0767
0.1029,0.0841,0.1417,0.1034
0.0776,0.0668,0.0725,0.0673
0.0765,0.0595,0.0707,0.0684
0.1143,0.082,0.1299,0.1043
0.0838,0.0605,0.0882,0.0835
0.0783,0.0817,0.0949,0.0843
0.078,0.0674,0.0634,0.0632
0.0967,0.0934,0.1307,0.0894
0.1143,0.0891,0.1458,0.0999
0.075,0.0668,0.0948,0.081
0.0833,0.0818,0.1047,0.0777
0.0799,0.0709,0.0671,0.0715
0.1091,0.0797,0.1278,0.1085
0.0877,0.0925,0.0962,0.0971
0.0858,0.0748,0.0956,0.069
0.0758,0.0689,0.0712,0.0716
0.079,0.0685,0.0918,0.0754
0.0724,0.0667,0.0734,0.0708
0.089,0.0736,0.089,0.0813
0.0976,0.0718,0.0902,0.0583
0.0866,0.0635,0.087,0.0716
0.1061,0.1043,0.1292,0.093
0.0964,0.0643,0.0839,0.0737
0.0992,0.0864,0.0892,0.0778
0.092,0.0664,0.0928,0.0652
0.0866,0.0693,0.0933,0.0778
0.1006,0.0852,0.0932,0.085
0.1314,0.0823,0.1602,0.1084
0.095,0.0732,0.0843,0.0695
0.0715,0.0638,0.0734,0.0674
0.0828,0.0678,0.0649,0.0623
0.102,0.0816,0.1329,0.1035
0.0859,0.0771,0.0838,0.0881
0.1089,0.0841,0.1213,0.1066
0.1071,0.0921,0.1385,0.0811
0.0774,0.087,0.1158,0.069
0.099,0.0665,0.1097,0.0739
0.0938,0.0685,0.0822,0.081
0.0856,0.0743,0.0759,0.0799
0.0906,0.0708,0.092,0.0617
0.1003,0.0747,0.1169,0.0905
0.0968,0.0813,0.0782,0.0939
0.0746,0.0623,0.07,0.0694
0.0855,0.0716,0.087,0.0895
0.0973,0.0867,0.0948,0.088
0.0756,0.0604,0.0876,0.0815
0.0763,0.0957,0.1217,0.0965
0.0946,0.0823,0.1041,0.0989
0.1027,0.0795,0.1453,0.0892
0.085,0.0723,0.076,0.0696
0.0874,0.102,0.1054,0.0855
0.0711,0.0683,0.0831,0.072
0.0839,0.0708,0.0852,0.0728
0.1242,0.0783,0.1271,0.0875
0.0852,0.077,0.0973,0.0783
0.0729,0.0701,0.0723,0.0664
0.0972,0.094,0.1256,0.0781
0.0786,0.0664,0.0707,0.07
0.0826,0.0698,0.0673,0.0748
0.0854,0.0713,0.0711,0.0819
0.0714,0.0542,0.0653,0.0704
0.0863,0.0671,0.0782,0.0768
0.099,0.0644,0.0718,0.0665
0.1073,0.0796,0.1291,0.1108
0.0797,0.0811,0.0885,0.0773
0.1084,0.0849,0.1284,0.1038
0.098,0.116,0.1118,0.1018
0.0917,0.0615,0.0973,0.0697
0.0701,0.0646,0.094,0.0833
0.0826,0.0649,0.0649,0.064
0.0841,0.0622,0.0864,0.0826
0.0689,0.0624,0.063,0.0654
0.0813,0.0698,0.0863,0.0732
0.0971,0.0699,0.1068,0.0746
0.1001,0.0674,0.0943,0.0721
0.0848,0.067,0.0642,0.0668
0.0995,0.0745,0.0808,0.0638
0.0926,0.0769,0.1389,0.0956
0.0761,0.0756,0.1083,0.0839
0.1138,0.0836,0.1697,0.0992
0.0956,0.0935,0.0923,0.0895
0.0799,0.0675,0.0763,0.0684
0.0934,0.0735,0.0922,0.0846
0.1311,0.1082,0.1241,0.0829
0.0756,0.0763,0.1007,0.0738
0.0814,0.0627,0.0706,0.064
0.0876,0.0599,0.0715,0.0737
0.0905,0.0702,0.0799,0.0644
0.0779,0.0675,0.0667,0.0618
0.1131,0.0903,0.0942,0.078
0.0777,0.0581,0.068,0.0648
0.0835,0.0677,0.0663,0.0688
0.078,0.058,0.0862,0.073
0.1093,0.0763,0.1291,0.0985
0.126,0.0993,0.1446,0.1203
0.085,0.0669,0.0993,0.0734
0.0814,0.0683,0.0625,0.0638
0.074,0.0684,0.0926,0.0827
0.0874,0.0869,0.0845,0.0913
0.0939,0.0697,0.0863,0.0938
0.0855,0.0814,0.1047,0.0789
0.0783,0.0783,0.1028,0.0761
0.0985,0.073,0.0889,0.0712
0.0786,0.0726,0.093,0.0722
0.0837,0.0682,0.0778,0.0661
0.0979,0.0673,0.1018,0.0769
0.1161,0.0866,0.1354,0.112
0.0904,0.0623,0.0847,0.0805
0.0779,0.0669,0.0937,0.0672
0.0819,0.0909,0.086,0.0827
0.0945,0.0692,0.0955,0.0746
0.075,0.0638,0.0883,0.0661
0.0889,0.0744,0.0878,0.071
0.0702,0.0631,0.088,0.0768
0.0748,0.0672,0.0689,0.069
0.0921,0.07,0.0941,0.0657
0.074,0.0614,0.0731,0.0722
0.0837,0.0738,0.0715,0.0752
0.1156,0.0768,0.1287,0.0897
0.0897,0.0754,0.1048,0.0682
0.0727,0.0678,0.0883,0.0732
0.098,0.0742,0.1334,0.0997
0.0765,0.0661,0.0723,0.0706
0.082,0.0646,0.0902,0.0659
0.0736,0.0681,0.0797,0.0652
0.0884,0.0643,0.0952,0.0737
0.0756,0.0608,0.0722,0.0719
0.0814,0.0694,0.0712,0.067
0.071,0.0741,0.0984,0.0782
0.1034,0.0929,0.102,0.0905
0.0758,0.0648,0.068,0.0594
0.0781,0.0687,0.0758,0.0699
0.0853,0.0628,0.0902,0.0606
0.0945,0.0801,0.0998,0.0697
0.0866,0.0757,0.0788,0.0582
0.0749,0.0624,0.0772,0.0664
0.0732,0.0649,0.0759,0.0681
0.0699,0.0566,0.0729,0.0723
0.0778,0.0744,0.0751,0.0665
0.0815,0.0704,0.0695,0.0688
0.074,0.0784,0.0861,0.0771
0.0938,0.0706,0.1015,0.0655
0.0952,0.0713,0.0898,0.0785
0.0742,0.0632,0.0679,0.0709
0.0929,0.0907,0.1104,0.0893
0.0892,0.0695,0.072,0.0801
0.0797,0.0858,0.0787,0.0715
0.0923,0.0711,0.1105,0.0936
0.0906,0.0653,0.0846,0.068
0.075,0.071,0.0775,0.0641
0.0972,0.0738,0.0971,0.0939
0.1009,0.068,0.1017,0.0713
0.1112,0.0837,0.1218,0.1061
0.0784,0.0853,0.0877,0.0821
0.1091,0.0873,0.1413,0.1083
0.0707,0.0718,0.0972,0.0764
0.0811,0.0727,0.0928,0.0845
0.087,0.0661,0.0873,0.0684
0.077,0.0651,0.0823,0.0833
0.0706,0.0682,0.0871,0.0738
0.0861,0.0741,0.0809,0.0702
0.0909,0.0756,0.0788,0.0685
0.0899,0.0739,0.0871,0.0685
0.103,0.0774,0.129,0.0996
0.0835,0.0745,0.0843,0.0824
0.0717,0.0675,0.0889,0.067
0.0933,0.075,0.0854,0.067
0.0795,0.0887,0.0787,0.0761
0.116,0.0779,0.1076,0.0839
0.0721,0.0638,0.0804,0.074
0.0949,0.0802,0.1445,0.0981
0.0821,0.0726,0.0828,0.0743
0.098,0.0775,0.1331,0.0871
0.0919,0.0741,0.0763,0.0771
0.0911,0.0767,0.089,0.0744
0.1005,0.0664,0.0726,0.0612
0.0723,0.0633,0.0575,0.0627
0.0989,0.0766,0.1385,0.1016
0.079,0.0672,0.0654,0.0638
0.1322,0.0909,0.1768,0.0996
0.1053,0.082,0.1367,0.0858
0.0788,0.0644,0.0699,0.0744
0.0909,0.0702,0.092,0.0653
0.1215,0.0781,0.1559,0.1005
0.073,0.0699,0.0643,0.0597
0.0896,0.0678,0.0918,0.0672
0.0795,0.0682,0.0699,0.0658
0.0691,0.0735,0.1003,0.0803
0.0862,0.0764,0.135,0.094
0.1091,0.0847,0.0942,0.08
0.0842,0.0775,0.0877,0.0799
0.0872,0.0741,0.0843,0.0735
0.0641,0.0533,0.0713,0.066
0.0754,0.0711,0.0881,0.0699
0.0801,0.061,0.078,0.0675
0.0974,0.0782,0.1284,0.0962
0.0797,0.0787,0.0724,0.0609
0.0911,0.0633,0.0877,0.0674
0.0754,0.0822,0.0786,0.0674
0.083,0.0723,0.0751,0.0654
0.0747,0.0667,0.0808,0.0732
0.0784,0.069,0.0635,0.0749
0.0858,0.0661,0.1105,0.0777
0.0752,0.0743,0.0875,0.0751
0.0797,0.1016,0.1283,0.0899
0.1036,0.0839,0.1302,0.1038
0.0859,0.0675,0.0653,0.0802
0.0816,0.063,0.0937,0.0903
0.1018,0.0731,0.0806,0.0643
0.0793,0.0678,0.0883,0.0651
0.0866,0.0818,0.1071,0.0793
0.1178,0.0876,0.1523,0.0955
0.0817,0.0698,0.0933,0.0682
0.0865,0.0681,0.1063,0.0713
0.0802,0.0755,0.0712,0.06
0.077,0.0793,0.1028,0.077
0.0749,0.0603,0.0934,0.0864
0.0934,0.0804,0.0863,0.0987
0.085,0.0743,0.0922,0.0724
0.0935,0.0749,0.0794,0.0919
0.1052,0.0808,0.1234,0.1064
0.0946,0.0683,0.1154,0.0731
0.1064,0.0839,0.135,0.1014
0.0834,0.0732,0.0791,0.064
0.0944,0.0768,0.0987,0.0848
0.077,0.0875,0.1207,0.077
0.097,0.0797,0.1357,0.1054
0.0965,0.0682,0.0922,0.08
0.0788,0.0711,0.0713,0.0681
0.0763,0.0648,0.0732,0.0659
0.0864,0.0803,0.0846,0.0709
0.0828,0.0808,0.0908,0.066
0.1158,0.0946,0.14,0.1106
0.1036,0.085,0.1166,0.1095
0.1073,0.0746,0.0801,0.0659
0.0933,0.0692,0.0962,0.0762
0.071,0.0862,0.1149,0.0819
0.0768,0.0782,0.0882,0.0671
0.1109,0.0712,0.0856,0.0933
0.0766,0.089,0.105,0.0859
0.0741,0.064,0.1033,0.0828
0.0986,0.0795,0.0954,0.0731
0.1067,0.0863,0.1296,0.1033
0.0788,0.0713,0.072,0.0595
0.0722,0.0694,0.0747,0.0678
0.077,0.0794,0.0909,0.0799
0.0734,0.0677,0.084,0.0635
0.0927,0.078,0.0958,0.0943
0.0763,0.0664,0.0905,0.0725
0.1087,0.0765,0.0834,0.0959
0.0855,0.0696,0.07,0.0687
0.084,0.0636,0.0892,0.0844
0.0819,0.0699,0.0978,0.0699
0.0819,0.0714,0.0733,0.063
0.0871,0.0592,0.0677,0.0703
0.0713,0.0627,0.0732,0.0703
0.0806,0.0666,0.0976,0.0742
0.0897,0.0772,0.0957,0.0698
0.0737,0.0621,0.0762,0.0642
0.0832,0.0733,0.0864,0.0723
0.0688,0.0648,0.0877,0.0743
0.0817,0.0644,0.0681,0.073
0.0749,0.0684,0.094,0.0826
0.1059,0.0755,0.0964,0.0702
0.0818,0.0633,0.082,0.0699
0.0885,0.0739,0.092,0.0664
0.0777,0.0669,0.0911,0.0744
0.0734,0.0639,0.0867,0.0711
0.0694,0.0625,0.0558,0.0612
0.0766,0.0997,0.1097,0.0817
0.0898,0.0796,0.0959,0.0951
0.0914,0.0747,0.0941,0.0791
0.0838,0.0811,0.1078,0.0919
0.1069,0.0827,0.1087,0.0926
0.0843,0.0703,0.0824,0.0765
0.1133,0.072,0.1287,0.0754
0.0904,0.0801,0.0877,0.0701
0.0779,0.0771,0.0815,0.0785
0.0919,0.0669,0.0809,0.0813
0.0894,0.0729,0.0655,0.0803
0.0726,0.0686,0.0787,0.0603
0.0789,0.0771,0.0832,0.0718
0.1009,0.0964,0.1399,0.1028
0.0761,0.0666,0.0695,0.0678
0.1202,0.1045,0.1195,0.0788
0.0995,0.0926,0.0963,0.0882
0.0874,0.072,0.0701,0.076
0.0896,0.0774,0.0782,0.0765
0.079,0.0738,0.0736,0.0663
0.0773,0.0703,0.0854,0.0662
0.0809,0.0674,0.0847,0.065
0.0917,0.0668,0.1028,0.0765
0.0799,0.0739,0.091,0.0798
0.089,0.0904,0.1128,0.0718
0.0802,0.0787,0.1076,0.081
0.0787,0.06,0.0704,0.0677
0.0717,0.0657,0.0851,0.0764
0.0791,0.0658,0.0756,0.0722
0.0987,0.0659,0.1038,0.0764
0.073,0.0689,0.0673,0.0613
0.0826,0.0753,0.0734,0.0616
0.0646,0.0628,0.0874,0.0691
0.0884,0.0762,0.0876,0.0952
0.0801,0.0758,0.101,0.0772
0.0862,0.0875,0.0814,0.0796
0.0847,0.0702,0.0699,0.0673
0.0867,0.0622,0.0845,0.0711
0.082,0.0694,0.0676,0.0752
0.0807,0.0703,0.0919,0.0713
0.1034,0.1087,0.1212,0.0843
0.0786,0.0731,0.0948,0.0772
0.0813,0.0763,0.0918,0.0669
0.1002,0.0779,0.0881,0.0986
0.0834,0.077,0.0874,0.0733
0.096,0.0854,0.0971,0.0971
0.0872,0.0732,0.094,0.0714
0.0748,0.0737,0.1029,0.0788
0.0756,0.0962,0.1093,0.0889
0.0693,0.0702,0.0819,0.0737
0.094,0.0749,0.0897,0.0963
0.0698,0.0625,0.0731,0.0679
0.093,0.0706,0.0784,0.0713
0.08,0.0733,0.0921,0.0646
0.0876,0.0767,0.092,0.0839
0.0969,0.0819,0.0761,0.0661
0.0851,0.0913,0.1113,0.0717
0.1007,0.0814,0.1067,0.083
0.0911,0.0788,0.092,0.0828
0.0902,0.0702,0.0944,0.0944
0.0786,0.0657,0.0939,0.0747
0.0872,0.0633,0.0851,0.0684
0.0846,0.0702,0.0823,0.0717
0.0802,0.0745,0.0684,0.065
0.0939,0.0735,0.0874,0.0915
0.0711,0.0679,0.0816,0.0639
0.076,0.0695,0.0692,0.0761
0.0903,0.1064,0.1115,0.0839
0.0765,0.0733,0.1055,0.0817
0.1047,0.0702,0.1052,0.0727
0.0836,0.0931,0.1241,0.0758
0.0772,0.0777,0.105,0.086
0.1118,0.0819,0.1271,0.1075
0.0864,0.0655,0.0791,0.0628
0.0953,0.0802,0.1005,0.0784
0.0834,0.0738,0.0787,0.0632
0.0902,0.0741,0.0864,0.072
0.0795,0.0658,0.0608,0.0722
0.0926,0.0827,0.0779,0.0827
0.081,0.1021,0.1119,0.0771
0.0793,0.0665,0.076,0.0701
0.0912,0.0668,0.0971,0.0679
0.0708,0.0858,0.1175,0.0823
0.0821,0.0666,0.0738,0.0797
0.0789,0.0743,0.0832,0.0712
0.0676,0.0878,0.1023,0.0737
0.0903,0.0799,0.0931,0.0746
0.0884,0.0747,0.0987,0.0848
0.1184,0.0747,0.0893,0.0716
0.1002,0.0739,0.0932,0.0777
0.087,0.0628,0.0831,0.088
0.0845,0.0903,0.1264,0.0872
0.1094,0.0801,0.1336,0.0971
0.0711,0.0628,0.0821,0.0715
0.0899,0.0759,0.0868,0.0684
0.1153,0.0892,0.1155,0.0944
0.0807,0.0775,0.0908,0.0709
0.0886,0.0719,0.0979,0.0701
0.08,0.0779,0.0967,0.0845
0.1198,0.108,0.1603,0.0841
0.0787,0.0699,0.0662,0.0698
0.0787,0.082,0.095,0.0837
0.0796,0.0995,0.1172,0.0885
0.1166,0.0812,0.1296,0.1094
0.083,0.0782,0.0708,0.0651
0.0774,0.0913,0.1078,0.0874
0.0892,0.0693,0.0741,0.0675
0.0675,0.0748,0.0755,0.0722
0.0861,0.0663,0.0687,0.065
0.0796,0.0756,0.0999,0.0803
0.0773,0.0664,0.0904,0.0815
0.0835,0.0966,0.1228,0.0964
0.0755,0.0635,0.083,0.0585
0.0997,0.0821,0.1368,0.0867
0.0835,0.0808,0.094,0.0811
0.0926,0.0846,0.0817,0.0766
0.0749,0.0608,0.0785,0.0734
0.0807,0.0645,0.0958,0.0664
0.0787,0.0544,0.0825,0.0768
0.0974,0.091,0.0956,0.0985
0.0726,0.0698,0.0867,0.0801
0.0979,0.0699,0.0767,0.0765
0.1132,0.085,0.1289,0.1107
0.0997,0.0706,0.107,0.0711
0.1201,0.0981,0.1375,0.1044
0.0736,0.0786,0.0881,0.0777
0.1075,0.0692,0.0876,0.0818
0.0709,0.0644,0.0935,0.0844
0.0798,0.0817,0.0887,0.0762
0.1013,0.0764,0.0937,0.0743
0.087,0.0677,0.086,0.0727
0.0794,0.0862,0.1089,0.0719
0.0912,0.0802,0.0868,0.0784
0.0853,0.0698,0.0745,0.0733
0.0798,0.0579,0.0863,0.0771
0.0776,0.078,0.0981,0.0922
0.0818,0.0627,0.0814,0.0704
0.1056,0.0727,0.1064,0.0792
0.0788,0.0589,0.0707,0.0694
0.0802,0.0794,0.0824,0.0715
0.066,0.0756,0.0852,0.0717
0.0699,0.0666,0.0917,0.0829
0.0808,0.0714,0.0733,0.0694
0.0973,0.0816,0.0935,0.0703
0.1027,0.0786,0.1424,0.1036
0.0705,0.0605,0.0907,0.071
0.0668,0.0671,0.0928,0.0748
0.0846,0.0679,0.0902,0.0715
0.0836,0.0705,0.1041,0.0853
0.079,0.0623,0.0926,0.0695
0.0908,0.0872,0.1067,0.1018
0.0885,0.0616,0.0922,0.0656
0.0799,0.0634,0.1056,0.0907
0.0813,0.0789,0.0929,0.0679
0.099,0.0979,0.1247,0.0861
0.1126,0.0789,0.1236,0.0912
0.0936,0.0893,0.1037,0.111
0.0875,0.0678,0.0877,0.0854
0.0774,0.0617,0.0728,0.0716
0.0806,0.074,0.0711,0.0662
0.0825,0.0656,0.0813,0.0629
0.0915,0.0665,0.0936,0.0793
0.0738,0.0794,0.1029,0.0747
0.0655,0.0602,0.0877,0.0722
0.0708,0.0837,0.1007,0.0716
0.0674,0.0697,0.0744,0.0597
0.084,0.1005,0.1219,0.089
0.0735,0.0674,0.0849,0.0827
0.0813,0.0805,0.1089,0.092
0.0988,0.0726,0.0892,0.0709
0.0949,0.085,0.0902,0.0756
0.1023,0.0917,0.1014,0.0903
0.0989,0.0696,0.0827,0.0916
0.0682,0.0623,0.0808,0.0687
0.0935,0.0734,0.0899,0.0731
0.0781,0.0972,0.1099,0.0896
0.0791,0.0636,0.0973,0.0786
0.1032,0.0876,0.137,0.1035
0.0794,0.0677,0.078,0.0631
0.1055,0.0862,0.0923,0.0807
0.0803,0.0941,0.1128,0.0725
0.1004,0.0832,0.1052,0.0908
0.1101,0.0782,0.1261,0.0978
0.1005,0.0968,0.096,0.0926
0.0826,0.067,0.0799,0.0614
0.0797,0.0642,0.0801,0.078
0.0695,0.0614,0.0832,0.0689
0.0905,0.0672,0.0831,0.0943
0.0853,0.0671,0.0735,0.0692
0.095,0.0632,0.0999,0.0725
0.0777,0.0797,0.0844,0.0728
0.0931,0.0694,0.0755,0.0844
0.0739,0.0711,0.0864,0.0748
0.0904,0.0658,0.1,0.0745
0.0921,0.0703,0.1044,0.0758
0.1353,0.0892,0.1602,0.1077
0.1058,0.0701,0.0834,0.0682
0.101,0.0819,0.1341,0.1106
0.0811,0.0765,0.0676,0.0639
0.0849,0.0717,0.0737,0.0788
0.1084,0.0821,0.1339,0.0979
0.1052,0.0716,0.0948,0.0635
0.0859,0.0639,0.0731,0.071
0.1019,0.0828,0.1231,0.1051
0.0918,0.0767,0.0921,0.0812
0.0788,0.0769,0.0967,0.0885
0.0744,0.0702,0.0673,0.0609
0.0776,0.0673,0.0961,0.073
0.0883,0.0636,0.1026,0.0704
0.0793,0.0704,0.0845,0.073
0.0705,0.0742,0.0854,0.0728
0.1137,0.0945,0.1263,0.0806
0.0804,0.0913,0.128,0.0915
0.0804,0.068,0.0802,0.0708
0.0779,0.07,0.0882,0.0668
0.0862,0.0907,0.0933,0.0854
0.0773,0.0708,0.0682,0.0662
0.0794,0.0777,0.09,0.074
0.0801,0.0802,0.0879,0.0741
0.0935,0.0763,0.0867,0.0849
0.0797,0.0704,0.0671,0.0638
0.1038,0.0807,0.142,0.0936
0.08,0.0657,0.0784,0.0643
0.0976,0.0796,0.1349,0.1046
0.099,0.087,0.0981,0.0765
0.1055,0.0794,0.1264,0.1064
0.0948,0.0675,0.0719,0.0816
0.0866,0.0899,0.0953,0.0848
0.1007,0.0726,0.1051,0.0733
0.0955,0.0738,0.0772,0.0654
0.0766,0.0647,0.0813,0.0733
0.0958,0.0666,0.0747,0.0685
0.0843,0.0902,0.1084,0.0836
0.1332,0.0878,0.1501,0.1104
0.1085,0.0728,0.0911,0.0727
0.0836,0.0653,0.0772,0.0644
0.0766,0.1019,0.1143,0.0924
0.0821,0.088,0.1131,0.0904
0.0943,0.0682,0.0756,0.0816
0.0899,0.0669,0.0849,0.0764
0.0765,0.0622,0.0797,0.0722
0.105,0.1098,0.1187,0.0922
0.0786,0.0757,0.0732,0.0642
0.1156,0.0869,0.1131,0.0916
0.073,0.0721,0.0698,0.0716
0.0993,0.0703,0.0816,0.0729
0.0757,0.0746,0.1057,0.0959
0.0852,0.0687,0.091,0.0638
0.108,0.0805,0.1295,0.1077
0.075,0.0638,0.0707,0.0685
0.0852,0.0693,0.0753,0.0608
0.0976,0.069,0.1033,0.0735
0.0864,0.0692,0.0843,0.0693
0.0803,0.08,0.091,0.0698
0.1055,0.0798,0.1262,0.1017
0.0812,0.0737,0.0711,0.0701
0.0792,0.0652,0.0679,0.0736
0.0778,0.074,0.0712,0.0661
0.0918,0.0857,0.0894,0.0618
0.0791,0.0937,0.1118,0.0834
0.0783,0.0708,0.0836,0.0751
0.0838,0.0669,0.0676,0.0671
0.0727,0.0922,0.1208,0.0883
0.0748,0.0663,0.0713,0.0681
0.1099,0.0799,0.1058,0.0715
0.0715,0.066,0.0867,0.0853
0.0825,0.0897,0.0969,0.086
0.0843,0.0884,0.1091,0.0761
0.0977,0.087,0.1146,0.0829
0.0848,0.0663,0.0644,0.0666
0.0908,0.0729,0.0926,0.0666
0.087,0.0737,0.0779,0.0607
0.0912,0.0822,0.0812,0.0882
0.0939,0.0719,0.1095,0.0848
0.0822,0.0955,0.1214,0.085
0.082,0.0744,0.1023,0.0691
0.0843,0.0818,0.1054,0.0823
0.0953,0.0644,0.0944,0.0684
0.0803,0.065,0.0946,0.0714
0.0824,0.073,0.0662,0.0659
0.097,0.0677,0.0827,0.0814
0.0962,0.0775,0.1379,0.1054
0.0825,0.0671,0.088,0.0702
0.0804,0.0721,0.0662,0.0646
0.0768,0.066,0.09,0.0694
0.0893,0.072,0.08,0.0701
0.0988,0.0691,0.0935,0.0736
0.0841,0.0862,0.1024,0.0887
0.1089,0.0808,0.142,0.1128
0.0811,0.099,0.1201,0.0796
0.0809,0.0703,0.1056,0.0781
0.1058,0.0854,0.1246,0.1081
0.1105,0.0935,0.1319,0.1058
0.0746,0.0704,0.0663,0.067
0.1057,0.0668,0.1082,0.068
0.1061,0.0797,0.1202,0.1043
0.0823,0.0678,0.0926,0.0711
0.0831,0.0639,0.0782,0.0729
0.0768,0.0695,0.064,0.0641
0.0756,0.1091,0.1395,0.0953
0.0818,0.0653,0.0893,0.0746
0.1162,0.0781,0.1347,0.1042
0.0808,0.0747,0.0823,0.066
0.0952,0.0811,0.0968,0.0833
0.1207,0.0841,0.1306,0.0856
0.0954,0.0747,0.0916,0.0676
0.0854,0.0722,0.0733,0.0601
0.0722,0.0717,0.0867,0.0736
0.0875,0.0797,0.1076,0.0837
0.0785,0.0613,0.0899,0.0798
0.0821,0.0679,0.066,0.0674
0.0889,0.0842,0.098,0.088
0.0956,0.0611,0.096,0.0674
0.0904,0.0743,0.0876,0.0789
0.0898,0.0636,0.0877,0.0739
0.075,0.0932,0.1151,0.0895
0.0781,0.0763,0.0691,0.0718
0.0789,0.0641,0.0781,0.0778
0.0804,0.067,0.0692,0.0653
0.1247,0.0744,0.1284,0.0787
0.0877,0.0715,0.0734,0.0614
0.1045,0.0743,0.0922,0.0854
0.0901,0.0852,0.0922,0.0839
0.1006,0.0702,0.103,0.0687
0.1061,0.0766,0.0924,0.0818
0.0826,0.0973,0.1252,0.0964
0.0691,0.0748,0.1007,0.0759
0.0939,0.081,0.1577,0.0906
0.0979,0.0698,0.0714,0.0833
0.1112,0.0846,0.131,0.0983
0.0924,0.0985,0.1255,0.0945
0.0934,0.0728,0.0837,0.0606
0.0928,0.0667,0.0778,0.0594
0.0965,0.0781,0.0956,0.0856
0.0804,0.0757,0.0968,0.0845
0.0876,0.0689,0.0914,0.0661
0.0878,0.0612,0.1023,0.0655
0.0848,0.0684,0.0734,0.0714
0.0874,0.0815,0.0954,0.067
0.0711,0.0904,0.1119,0.087
0.088,0.0791,0.1333,0.104
0.1022,0.081,0.1469,0.0832
0.1112,0.0817,0.1475,0.1059
0.0793,0.0625,0.0853,0.0779
0.0846,0.0702,0.0937,0.0754
0.0955,0.0773,0.0879,0.0716
0.0976,0.0808,0.0943,0.0864
0.0789,0.0729,0.1032,0.0783
0.0778,0.0728,0.0874,0.0704
0.0718,0.0633,0.0847,0.0744
0.0847,0.0837,0.1121,0.095
0.1005,0.0999,0.1301,0.1046
0.1181,0.0897,0.1131,0.099
0.0884,0.082,0.095,0.0679
0.0911,0.0853,0.0992,0.0802
0.0784,0.0758,0.105,0.0777
0.0829,0.0711,0.0662,0.0783
0.0964,0.0806,0.0944,0.0923
0.0773,0.0724,0.0651,0.0737
0.0862,0.0829,0.1052,0.0793
0.0785,0.0759,0.0851,0.0731
0.0794,0.0729,0.092,0.0681
0.1204,0.0833,0.1278,0.1038
0.079,0.058,0.0724,0.0703
0.0743,0.0622,0.0667,0.074
0.0778,0.0758,0.105,0.0842
0.0844,0.0927,0.1139,0.0834
0.0797,0.0679,0.0812,0.0713
0.092,0.0767,0.1124,0.084
0.0845,0.067,0.0689,0.0761
0.0841,0.0877,0.1176,0.0811
0.1034,0.0821,0.1408,0.0903
0.0786,0.0637,0.0693,0.0613
0.0846,0.0764,0.0729,0.0726
0.1011,0.0775,0.0736,0.0694
0.0827,0.0599,0.0782,0.0639
0.0684,0.0621,0.0772,0.0707
0.0765,0.0676,0.0684,0.0597
0.0801,0.0721,0.0716,0.0651
0.1334,0.1038,0.1746,0.1008
0.0877,0.0687,0.077,0.0668
0.0783,0.0712,0.0679,0.0659
0.0695,0.0735,0.1012,0.0826
0.0949,0.0692,0.1078,0.0635
0.0759,0.0849,0.1149,0.0906
0.0882,0.0697,0.0704,0.0611
0.1094,0.0845,0.0927,0.078
0.0798,0.0646,0.0886,0.0731
0.0941,0.0807,0.0953,0.0853
0.0828,0.0651,0.0654,0.0688
0.0817,0.0787,0.091,0.0948
0.083,0.0923,0.1237,0.0918
0.0802,0.0673,0.0971,0.0657
0.0686,0.0714,0.0623,0.0623
0.0752,0.0716,0.0739,0.0676
0.0975,0.0754,0.1282,0.0958
0.1046,0.0743,0.0839,0.0597
0.1048,0.0863,0.0852,0.0678
0.0974,0.0672,0.0894,0.0976
0.0668,0.0702,0.0798,0.0712
0.1012,0.083,0.096,0.086
0.0855,0.072,0.0712,0.0587
0.128,0.0894,0.1483,0.0844
0.0814,0.072,0.0908,0.0788
0.0983,0.0906,0.096,0.0927
0.0948,0.0769,0.0833,0.0779
0.0789,0.0799,0.0971,0.0779
0.077,0.0647,0.1007,0.0828
0.0765,0.062,0.0728,0.0692
0.0787,0.0626,0.0942,0.0619
0.0681,0.0633,0.0819,0.074
0.0804,0.0701,0.0699,0.0652
0.0902,0.0821,0.0718,0.0616
0.0817,0.0692,0.0862,0.064
0.0846,0.0637,0.0992,0.0732
0.1061,0.0697,0.0914,0.0658
0.1103,0.0754,0.1009,0.0846
0.0973,0.0744,0.1057,0.0816
0.0797,0.0669,0.0601,0.0712
0.0865,0.0651,0.0819,0.0581
0.096,0.0709,0.067,0.0677
0.1056,0.0684,0.1038,0.0645
0.0859,0.0727,0.0893,0.0677
0.0898,0.0802,0.1011,0.0737
0.0785,0.0702,0.0705,0.0618
0.0873,0.069,0.103,0.0728
0.0927,0.081,0.0931,0.1012
0.0751,0.0826,0.091,0.0871
0.0726,0.091,0.1053,0.0788
0.0797,0.0744,0.0928,0.0738
0.0902,0.0701,0.0923,0.0902
0.0916,0.0903,0.113,0.0853
0.0939,0.0741,0.1025,0.071
0.0903,0.0858,0.0876,0.0838
0.0892,0.0724,0.0936,0.0702
0.1079,0.0695,0.0828,0.0688
0.0945,0.0658,0.0795,0.0769
0.0835,0.0847,0.095,0.0806
0.0872,0.0701,0.0867,0.0647
0.115,0.0911,0.1155,0.0966
0.0787,0.079,0.106,0.0859
0.0756,0.0713,0.0732,0.0706
0.0963,0.0716,0.0969,0.0908
0.0878,0.0714,0.092,0.0678
0.0677,0.0659,0.0858,0.0777
0.083,0.0906,0.0807,0.0856
0.1235,0.0851,0.1316,0.0951
0.09,0.0913,0.1181,0.0743
0.079,0.0814,0.1073,0.0802
0.116,0.0863,0.125,0.1123
0.0714,0.0623,0.0813,0.0797
0.0852,0.092,0.112,0.0833
0.0916,0.0703,0.1012,0.0755
0.0797,0.0783,0.0964,0.0864
0.0844,0.0668,0.0674,0.0689
0.0901,0.0642,0.1039,0.0635
0.0823,0.0711,0.0745,0.0741
0.084,0.0639,0.0668,0.0717
0.1174,0.0767,0.0909,0.0783
0.0873,0.0689,0.0866,0.0723
0.0704,0.0615,0.0768,0.0643
0.0937,0.0779,0.0993,0.0784
0.0917,0.0652,0.0736,0.0814
0.0755,0.0645,0.0708,0.0711
0.1005,0.0773,0.0891,0.08
0.1055,0.0682,0.0924,0.0833
0.108,0.069,0.0842,0.0629
0.0714,0.0767,0.0848,0.0754
0.0699,0.0646,0.0851,0.0729
0.078,0.0724,0.0705,0.0708
0.0777,0.068,0.0937,0.0797
0.0846,0.0743,0.0735,0.0753
0.0749,0.076,0.0867,0.0741
0.0975,0.0683,0.1117,0.0825
0.098,0.092,0.1299,0.077
0.0849,0.0656,0.0702,0.0661
0.0869,0.0655,0.0648,0.0665
0.0726,0.0716,0.0871,0.0713
0.0818,0.0781,0.0877,0.0804
0.0826,0.0685,0.0712,0.0682
0.0968,0.0742,0.1263,0.0938
0.127,0.0979,0.1438,0.1156
0.1111,0.0832,0.1265,0.1087
0.0773,0.0688,0.0735,0.072
0.1012,0.0662,0.0988,0.0662
0.0713,0.0642,0.0737,0.0744
0.0955,0.0695,0.0967,0.0895
0.0749,0.062,0.0935,0.0748
0.0967,0.0665,0.0877,0.08
0.0769,0.0675,0.0746,0.0771
0.0796,0.0677,0.0701,0.0601
0.0803,0.0725,0.0794,0.0686
0.0762,0.0708,0.0992,0.084
0.0797,0.0725,0.0744,0.0636
0.0849,0.0714,0.0922,0.0759
0.0928,0.0829,0.092,0.0907
0.1139,0.0826,0.1299,0.1049
0.1154,0.0844,0.1355,0.1134
0.077,0.0825,0.075,0.065
0.0824,0.0741,0.092,0.0779
0.0806,0.1013,0.1173,0.0843
0.1017,0.0793,0.1266,0.0978
0.0791,0.0699,0.0728,0.0678
0.082,0.0712,0.078,0.0787
0.0801,0.0753,0.0954,0.079
0.0725,0.0667,0.088,0.0777
0.0743,0.0921,0.1114,0.0954
0.0875,0.0703,0.1108,0.0723
0.0981,0.0662,0.1034,0.0683
0.0781,0.0687,0.0718,0.0765
0.0879,0.0916,0.0985,0.0817
0.0911,0.1004,0.1217,0.0848
0.0813,0.0644,0.0857,0.0671
0.0836,0.078,0.0935,0.0822
0.0841,0.0828,0.0946,0.0885
0.0774,0.0769,0.108,0.0817
0.1133,0.0868,0.1248,0.0757
0.0761,0.0617,0.0949,0.0754
0.0728,0.063,0.0824,0.0741
0.075,0.0736,0.0694,0.064
0.0941,0.0722,0.0917,0.068
0.0767,0.0724,0.0904,0.0681
0.0977,0.0807,0.0912,0.0621
0.0847,0.0748,0.0941,0.0687
0.1028,0.072,0.0974,0.0693
0.078,0.0697,0.0678,0.0629
0.0726,0.0657,0.0889,0.0695
0.0742,0.0647,0.079,0.0707
0.1285,0.0968,0.176,0.1008
0.1106,0.0852,0.1262,0.1037
0.0812,0.067,0.0856,0.0715
0.1072,0.079,0.1317,0.1056
0.0789,0.065,0.0829,0.0752
0.0948,0.0785,0.099,0.0869
0.0842,0.0636,0.0794,0.0746
0.0925,0.0787,0.1065,0.0872
0.104,0.0731,0.1147,0.0717
0.0821,0.0708,0.0752,0.0711
0.0714,0.064,0.0801,0.0676
0.0893,0.0659,0.0794,0.0831
0.1024,0.0824,0.1338,0.1006
0.1062,0.0704,0.103,0.0757
0.0807,0.0909,0.1157,0.0882
0.0774,0.0705,0.0698,0.0632
0.0799,0.0687,0.0721,0.0702
0.0917,0.0761,0.0717,0.0641
0.0987,0.0796,0.1323,0.0941
0.1036,0.0792,0.1295,0.1036
0.0793,0.099,0.12,0.0902
0.1259,0.0908,0.169,0.0912
0.0835,0.0826,0.0924,0.0798
0.0858,0.0806,0.0862,0.0888
0.0953,0.0709,0.0982,0.0727
0.0972,0.0825,0.075,0.067
0.1026,0.0723,0.0906,0.0739
0.0844,0.0674,0.0828,0.0671
0.1222,0.0969,0.1263,0.0776
0.1219,0.0941,0.126,0.1016
0.113,0.0759,0.1019,0.0732
0.0865,0.0742,0.0777,0.0685
0.0974,0.084,0.1354,0.0871
0.075,0.0565,0.082,0.079
0.0998,0.0898,0.0978,0.0747
0.0711,0.0736,0.0646,0.066
0.0746,0.0746,0.1043,0.0841
0.1275,0.0892,0.1696,0.1046
0.0886,0.0635,0.0871,0.0656
0.1101,0.0709,0.084,0.066
0.1065,0.0702,0.1099,0.078
0.0871,0.0686,0.0743,0.0714
0.0688,0.088,0.1164,0.0934
0.097,0.0768,0.1207,0.1042
0.0809,0.0621,0.084,0.0808
0.0781,0.0798,0.09,0.0804
0.0863,0.0697,0.1043,0.0739
0.0811,0.0731,0.08,0.0692
0.0821,0.0788,0.0885,0.0709
0.1012,0.0998,0.1003,0.1001
0.14,0.104,0.1515,0.1167
0.1058,0.0703,0.1129,0.086
0.0814,0.0689,0.0963,0.0695
0.0706,0.0668,0.089,0.0694
0.0772,0.0651,0.0699,0.0727
0.0839,0.0689,0.0879,0.077
0.0835,0.0665,0.0796,0.078
0.0701,0.0645,0.0805,0.0664
0.0755,0.0669,0.075,0.0678
0.0761,0.0765,0.1045,0.0784
0.0727,0.0615,0.0886,0.074
0.0777,0.0682,0.0847,0.0696
0.0817,0.0737,0.0818,0.0637
0.0812,0.0708,0.0834,0.0751
0.0774,0.0787,0.1081,0.08
0.0957,0.0805,0.1192,0.104
0.0705,0.0673,0.0723,0.0695
0.0864,0.0665,0.1055,0.0715
0.0815,0.0718,0.0985,0.066
0.0714,0.0711,0.0678,0.0657
0.0853,0.0831,0.0933,0.0805
0.0903,0.0808,0.0958,0.0879
0.0985,0.0827,0.1213,0.1033
0.0772,0.0707,0.0965,0.0675
0.0961,0.0763,0.0951,0.0756
0.0836,0.0641,0.0718,0.0606
0.0954,0.0737,0.0864,0.0603
0.0749,0.0656,0.0863,0.0716
0.1086,0.1006,0.0991,0.0899
0.1095,0.0965,0.1397,0.1048
0.0968,0.0799,0.0918,0.0849
0.0988,0.0699,0.0896,0.0848
0.078,0.0613,0.0832,0.0622
0.0902,0.0822,0.1353,0.1048
0.0861,0.0653,0.0843,0.0747
0.0852,0.0754,0.0755,0.0803
0.0956,0.0699,0.1045,0.0663
0.102,0.0788,0.1075,0.0995
0.1026,0.0728,0.0956,0.0808
0.12,0.0909,0.12,0.0937
0.0747,0.0806,0.1043,0.0914
0.0891,0.071,0.0678,0.0775
0.1014,0.0833,0.1452,0.0826
0.0824,0.0711,0.104,0.0836
0.0849,0.0713,0.0738,0.0716
0.074,0.0816,0.082,0.0846
0.0862,0.1087,0.115,0.0959
0.0725,0.0689,0.0684,0.0653
0.0736,0.0654,0.0878,0.0685
0.0705,0.067,0.0798,0.0672
0.1088,0.0705,0.094,0.0916
0.0825,0.0733,0.0727,0.071
0.0806,0.074,0.0657,0.0693
0.0811,0.0799,0.1026,0.0761
0.1035,0.0777,0.1257,0.1026
0.0738,0.0673,0.0706,0.0624
0.0896,0.0711,0.0735,0.0679
0.0911,0.0792,0.1466,0.094
0.1127,0.0861,0.1241,0.0981
0.1059,0.0791,0.1425,0.1107
0.0844,0.0639,0.0692,0.0724
0.1058,0.0795,0.1273,0.1062
0.0793,0.0673,0.1057,0.082
0.0787,0.0692,0.0821,0.0678
0.0776,0.0796,0.0864,0.083
0.1218,0.1013,0.1445,0.1082
0.0776,0.0769,0.0751,0.0643
0.0849,0.0765,0.089,0.0657
0.098,0.0801,0.0781,0.0825
0.0771,0.071,0.0716,0.0745
0.0741,0.0738,0.0691,0.0655
0.0826,0.0929,0.0815,0.0699
0.0929,0.0678,0.0845,0.0839
0.077,0.0756,0.0922,0.0729
0.094,0.0705,0.0887,0.0762
0.101,0.0765,0.1244,0.1026
0.112,0.0786,0.1324,0.1017
0.0847,0.0865,0.0959,0.0823
0.1281,0.085,0.1524,0.1085
0.0699,0.0679,0.0876,0.0779
0.0809,0.0619,0.0938,0.0633
0.0727,0.0647,0.0895,0.0802
0.0996,0.0891,0.1002,0.0934
0.0814,0.0783,0.1054,0.0838
0.0829,0.069,0.0821,0.075
0.09,0.0715,0.0922,0.0763
0.1031,0.0753,0.1334,0.1024
0.0936,0.0794,0.0865,0.0702
0.0771,0.0636,0.0701,0.0705
0.1071,0.0879,0.1298,0.1035
0.0728,0.0704,0.0758,0.0667
0.0807,0.0783,0.0989,0.0749
0.119,0.0831,0.1332,0.1122
0.0884,0.0802,0.0991,0.0771
0.0947,0.0814,0.08,0.0919
0.0774,0.0809,0.0934,0.087
0.0653,0.0617,0.0752,0.0677
0.0823,0.0976,0.1202,0.084
0.0832,0.0718,0.0776,0.0735
0.0817,0.0915,0.1084,0.0855
0.1236,0.0888,0.1715,0.0912
0.0958,0.0724,0.0785,0.0708
0.0978,0.074,0.0771,0.0708
0.114,0.0935,0.113,0.0977
0.0937,0.0835,0.1023,0.0713
0.0839,0.0658,0.0778,0.0726
0.0766,0.0686,0.0718,0.0777
0.0904,0.0773,0.1197,0.0759
0.0994,0.0819,0.0815,0.0774
0.094,0.0704,0.081,0.0862
0.0821,0.0745,0.0916,0.0683
0.0784,0.0865,0.1079,0.0943
0.0842,0.0954,0.115,0.0731
0.0755,0.0802,0.0813,0.0718
0.0766,0.084,0.0838,0.0778
0.0975,0.0684,0.0807,0.0703
0.0969,0.0918,0.109,0.0938
0.0726,0.0657,0.0669,0.0624
0.0817,0.0943,0.1002,0.086
0.0787,0.0772,0.1087,0.0798
0.0718,0.0652,0.0865,0.0685
0.1221,0.0884,0.1372,0.0946
0.0873,0.0828,0.1026,0.0773
0.1021,0.068,0.0959,0.0739
0.0818,0.0921,0.1246,0.072
0.0745,0.0654,0.0788,0.0718
0.0958,0.0759,0.1002,0.087
0.0846,0.0682,0.0745,0.0677
0.082,0.0665,0.069,0.0689
0.1144,0.08,0.1131,0.0972
0.088,0.0723,0.0742,0.0687
0.0755,0.0638,0.0771,0.0715
0.0866,0.0821,0.091,0.0788
0.0889,0.0631,0.0966,0.0683
0.0783,0.0894,0.1061,0.0774
0.0806,0.0908,0.1062,0.0836
0.1005,0.0901,0.1007,0.1016
0.0925,0.0767,0.0882,0.0709
0.0859,0.0688,0.0871,0.075
0.0871,0.0681,0.0745,0.0758
0.0772,0.0692,0.0722,0.0731
0.0735,0.0727,0.1009,0.0774
0.0756,0.0642,0.0852,0.0793
0.0806,0.0725,0.0864,0.0804
0.0693,0.061,0.0909,0.0709
0.0776,0.0679,0.0655,0.0705
0.0818,0.0686,0.096,0.0859
0.0732,0.0762,0.09,0.0708
0.072,0.063,0.0796,0.0641
0.0791,0.0689,0.0769,0.0677
0.0793,0.0621,0.0794,0.0682
0.0714,0.064,0.0851,0.0667
0.0759,0.0697,0.0689,0.0645
0.099,0.0836,0.1072,0.0804
0.0861,0.0673,0.097,0.0698
0.0841,0.0684,0.0837,0.072
0.0842,0.0666,0.0719,0.0741
0.0736,0.0597,0.0853,0.0794
0.1173,0.0902,0.1597,0.097
0.0723,0.0874,0.1082,0.0723
0.1113,0.0755,0.0856,0.0707
0.084,0.0903,0.112,0.0679
0.1005,0.0773,0.0983,0.0939
0.0805,0.0745,0.0763,0.0725
0.0952,0.087,0.0928,0.0727
0.0874,0.0649,0.0916,0.0685
0.0746,0.0632,0.0793,0.0785
0.0778,0.0698,0.0998,0.0792
0.1014,0.0772,0.1419,0.0991
0.0863,0.0755,0.0784,0.067
0.1054,0.0778,0.1113,0.087
0.0824,0.068,0.0675,0.0679
0.0942,0.0661,0.0896,0.0666
0.0761,0.0648,0.0736,0.0668
0.0756,0.0929,0.1189,0.0845
0.0968,0.0739,0.1326,0.097
0.097,0.0771,0.0687,0.0662
0.0862,0.0669,0.0908,0.0693
0.0767,0.084,0.107,0.0755
0.0863,0.0753,0.075,0.0842
0.0819,0.0679,0.0937,0.079
0.0805,0.0696,0.0668,0.0624
0.0783,0.0704,0.0918,0.0795
0.0817,0.0673,0.0663,0.0643
0.0658,0.056,0.0822,0.0686
0.0954,0.073,0.0694,0.0642
0.1156,0.1157,0.1125,0.0965
0.0831,0.0717,0.0909,0.0858
0.0717,0.0869,0.1244,0.0755
0.0915,0.0718,0.0681,0.0701
0.0934,0.0725,0.0782,0.0743
0.1041,0.066,0.0938,0.0738
0.0831,0.0968,0.1206,0.0783
0.0786,0.0707,0.0866,0.0597
0.0923,0.0647,0.0901,0.0663
0.0786,0.0708,0.0981,0.0718
0.0743,0.0888,0.1112,0.084
0.0743,0.1012,0.1289,0.0926
0.1114,0.0946,0.161,0.0904
0.081,0.0793,0.0799,0.0701
0.0741,0.0937,0.1198,0.09
0.0778,0.0715,0.0842,0.0673
0.1058,0.0683,0.0904,0.0684
0.0798,0.065,0.081,0.0673
0.0818,0.0788,0.0922,0.0702
0.0898,0.0724,0.0703,0.0616
0.0865,0.098,0.113,0.0843
0.0863,0.0711,0.0743,0.0726
0.0836,0.0801,0.0953,0.0636
0.0848,0.0664,0.0816,0.0636
0.1077,0.0877,0.1387,0.1118
0.0785,0.0756,0.0894,0.073
0.0798,0.064,0.078,0.0642
0.0797,0.0727,0.0866,0.0619
0.0872,0.0748,0.0703,0.0637
0.0835,0.0591,0.078,0.0714
0.0815,0.0664,0.1002,0.0707
0.1274,0.0961,0.126,0.0908
0.0973,0.0911,0.0952,0.1083
0.093,0.0668,0.0974,0.0882
0.0832,0.0796,0.1,0.0875
0.0696,0.0601,0.0883,0.0719
0.0979,0.0933,0.1034,0.0952
0.09,0.0655,0.066,0.0662
0.0758,0.0762,0.1073,0.0812
0.0811,0.0689,0.0798,0.0663
0.0733,0.0735,0.0957,0.0815
0.0673,0.0665,0.0893,0.073
0.0876,0.0704,0.0894,0.0714
0.0887,0.0933,0.0986,0.0876
0.0762,0.0666,0.0705,0.0698
0.1061,0.0907,0.13,0.0943
0.0771,0.0674,0.0698,0.0666
0.088,0.0734,0.0756,0.0687
0.0952,0.0794,0.0791,0.0861
0.0775,0.0686,0.0819,0.0764
0.0803,0.0699,0.103,0.0734
0.0795,0.0686,0.0944,0.084
0.1102,0.0733,0.0963,0.0765
0.0852,0.0759,0.092,0.0716
0.0837,0.0714,0.0938,0.0754
0.081,0.0719,0.0887,0.0645
0.0919,0.075,0.0965,0.0681
0.0756,0.0705,0.0831,0.0613
0.0829,0.083,0.1078,0.0861
0.0869,0.0647,0.0942,0.0734
0.0819,0.0696,0.0715,0.0774
0.0837,0.0671,0.0905,0.0671
0.0917,0.067,0.0887,0.0689
0.0986,0.0826,0.1101,0.0864
0.0828,0.0633,0.0701,0.0694
0.0723,0.0753,0.0923,0.0783
0.1149,0.0896,0.1222,0.084
0.0707,0.0649,0.0728,0.0642
0.079,0.0647,0.0681,0.0645
0.0758,0.0649,0.0677,0.0657
0.0738,0.0566,0.0664,0.0664
0.0834,0.0661,0.0826,0.0784
0.1145,0.0855,0.1379,0.0841
0.0801,0.0697,0.0789,0.0629
0.1126,0.0731,0.1061,0.0789
0.0997,0.0921,0.1124,0.1066
0.0774,0.0663,0.0646,0.0646
0.0704,0.0586,0.0871,0.0699
0.1104,0.097,0.1332,0.103
0.0711,0.0652,0.0747,0.07
0.0936,0.0789,0.0835,0.0699
0.0967,0.0744,0.0738,0.062
0.099,0.0849,0.1295,0.0802
0.103,0.0781,0.1394,0.0961
0.0932,0.0817,0.0902,0.0898
0.0741,0.0732,0.102,0.0782
0.0995,0.0738,0.0929,0.0964
0.0826,0.0697,0.0831,0.09
0.0947,0.075,0.0915,0.092
0.0777,0.076,0.0711,0.0627
0.0976,0.0819,0.1318,0.0993
0.1049,0.0829,0.1285,0.1006
0.1126,0.0902,0.1368,0.118
0.0848,0.0706,0.1038,0.0765
0.1048,0.0755,0.0955,0.079
0.1025,0.09,0.1073,0.102
0.0935,0.0792,0.0877,0.0814
0.0849,0.0779,0.073,0.0944
0.0957,0.0603,0.1005,0.0621
0.083,0.0673,0.0787,0.0732
0.0789,0.0542,0.0718,0.0694
0.0827,0.0646,0.0611,0.0691
0.0881,0.1109,0.1036,0.0776
0.0893,0.0654,0.0776,0.0737
0.0821,0.0742,0.0795,0.0714
0.074,0.067,0.0818,0.0635
0.0734,0.0862,0.1054,0.075
0.0764,0.0662,0.0754,0.0749
0.0725,0.0929,0.1132,0.0822
0.1041,0.0756,0.0895,0.0875
0.0948,0.0966,0.131,0.0795
0.0799,0.0695,0.0871,0.064
0.0806,0.0658,0.0752,0.0706
0.077,0.0802,0.0889,0.0783
0.0787,0.0653,0.0676,0.0721
0.0964,0.0748,0.0924,0.07
0.0921,0.0712,0.0723,0.0686
0.0929,0.0645,0.091,0.0629
0.1058,0.0727,0.0952,0.0699
0.0835,0.0741,0.0748,0.0619
0.0721,0.0614,0.0799,0.0719
0.0774,0.0743,0.0992,0.0771
0.1159,0.0866,0.1341,0.117
0.0824,0.0627,0.0929,0.0705
0.079,0.073,0.0779,0.0721
0.0799,0.0727,0.0703,0.0603
0.1013,0.0764,0.0996,0.0791
0.0761,0.0662,0.0594,0.0719
0.0877,0.0693,0.0992,0.0749
0.1018,0.0825,0.1247,0.0993
0.0916,0.086,0.1022,0.097
0.0784,0.0628,0.0805,0.0754
0.0836,0.0628,0.0897,0.0693
0.1121,0.0816,0.1089,0.0931
0.0803,0.0941,0.1169,0.0825
0.0757,0.0613,0.079,0.0771
0.0886,0.0703,0.0756,0.0693
0.076,0.0672,0.0758,0.0761
0.0819,0.0742,0.0652,0.0662
0.0849,0.0719,0.0785,0.0737
0.0849,0.0742,0.0965,0.0789
0.085,0.0638,0.0742,0.08
0.0685,0.0868,0.111,0.0818
0.0755,0.0713,0.099,0.0764
0.0945,0.0682,0.07,0.0662
0.1006,0.0819,0.0806,0.0678
0.0784,0.0652,0.087,0.0615
0.0957,0.0735,0.0775,0.0742
0.0793,0.0822,0.104,0.0825
0.0766,0.0701,0.0802,0.0648
0.0757,0.0746,0.0682,0.0662
0.081,0.0713,0.099,0.0779
0.1117,0.0703,0.0964,0.069
0.0839,0.0663,0.0691,0.0754
0.1109,0.0825,0.1505,0.106
0.0624,0.0655,0.0771,0.0709
0.0896,0.0924,0.1004,0.1005
0.076,0.0772,0.0901,0.0698
0.0846,0.083,0.1008,0.0797
0.0705,0.0673,0.0673,0.063
0.1117,0.0704,0.1056,0.0816
0.0896,0.0686,0.0947,0.0689
0.0864,0.0652,0.0795,0.078
0.0774,0.0708,0.0851,0.0695
0.0865,0.0648,0.091,0.0655
0.0971,0.0764,0.0814,0.0642
0.1088,0.079,0.0856,0.0895
0.1015,0.0733,0.0695,0.082
0.0914,0.0625,0.1123,0.0744
0.0684,0.0571,0.0903,0.0747
0.0953,0.0767,0.079,0.0793
0.089,0.0721,0.0938,0.0722
0.1035,0.0794,0.134,0.1057
0.0763,0.0607,0.0728,0.0702
0.0953,0.0654,0.0733,0.0875
0.097,0.081,0.1305,0.0988
0.0678,0.0643,0.0776,0.0716
0.1031,0.0935,0.1055,0.084
0.0897,0.0741,0.0751,0.0676
0.0741,0.0649,0.0896,0.0739
0.0738,0.0675,0.0725,0.0622
0.0873,0.0894,0.097,0.0825
0.0803,0.0653,0.067,0.0596
0.0725,0.0662,0.068,0.0605
0.0776,0.0685,0.0738,0.0652
0.0958,0.0819,0.0779,0.0757
0.0831,0.0703,0.0695,0.0652
0.088,0.0722,0.0724,0.0756
0.0813,0.0677,0.0693,0.0662
0.1056,0.0741,0.084,0.0623
0.0721,0.068,0.0707,0.0706
0.0928,0.0741,0.1033,0.0957
0.0788,0.0703,0.092,0.0663
0.0748,0.0585,0.087,0.0663
0.0862,0.0699,0.0708,0.0671
0.0729,0.0679,0.0645,0.0636
0.0895,0.0721,0.0745,0.0663
0.0831,0.0709,0.0963,0.0672
0.0933,0.0652,0.0956,0.0866
0.1018,0.0682,0.1031,0.0767
0.0762,0.0826,0.0813,0.0812
0.0871,0.0647,0.0886,0.0725
0.1011,0.0861,0.0954,0.0861
0.0868,0.0928,0.0978,0.0817
0.1049,0.0832,0.1428,0.1011
0.1093,0.0872,0.1266,0.0978
0.0991,0.0777,0.0894,0.0805
0.0882,0.0601,0.095,0.0621
0.0793,0.0678,0.072,0.0733
0.1145,0.0872,0.1111,0.0947
0.0878,0.0639,0.0766,0.081
0.0993,0.0818,0.1039,0.0829
0.0823,0.0673,0.0998,0.0676
0.0736,0.0585,0.0881,0.075
0.0761,0.062,0.0694,0.0637
0.0961,0.0727,0.078,0.0622
0.0953,0.0769,0.1358,0.1023
0.084,0.0697,0.0931,0.0829
0.0885,0.0764,0.097,0.0784
0.0681,0.0613,0.0745,0.0665
0.0929,0.1141,0.1142,0.1017
0.1028,0.1035,0.1152,0.0894
0.075,0.0764,0.0821,0.0729
0.0738,0.0694,0.0695,0.0698
0.0678,0.0617,0.0813,0.0675
0.1164,0.0762,0.157,0.0947
0.0971,0.0753,0.0967,0.0748
0.106,0.0891,0.124,0.1045
0.0806,0.0729,0.0733,0.0662
0.1296,0.1093,0.1371,0.1183
0.1005,0.0791,0.1375,0.1004
0.1041,0.0777,0.0861,0.0818
0.0691,0.0594,0.0856,0.0743
0.0794,0.085,0.0946,0.081
0.113,0.0824,0.1344,0.1003
0.0827,0.0677,0.0807,0.0679
0.0739,0.0614,0.0808,0.0654
0.0758,0.0707,0.0873,0.074
0.0797,0.0772,0.0709,0.0728
0.0915,0.0681,0.0827,0.0918
0.0854,0.0792,0.0897,0.0738
0.095,0.0831,0.1256,0.0871
0.0812,0.0826,0.0871,0.0788
0.0784,0.0656,0.0739,0.0701
0.0847,0.0743,0.0906,0.0706
0.0954,0.0793,0.1295,0.1011
0.0859,0.0704,0.0844,0.0689
0.0841,0.0722,0.0748,0.0706
0.0767,0.0756,0.1043,0.0794
0.0762,0.0719,0.0874,0.0687
0.0781,0.0647,0.0708,0.0697
0.0819,0.0679,0.0661,0.0783
0.083,0.0806,0.074,0.0632
0.0854,0.0993,0.1223,0.0855
0.0794,0.0878,0.0908,0.085
0.0747,0.066,0.0719,0.0657
0.0763,0.0839,0.0911,0.0824
0.0809,0.0743,0.0808,0.0674
0.0852,0.0967,0.109,0.1025
0.0859,0.0727,0.0763,0.071
0.1055,0.1095,0.1325,0.1057
0.0981,0.0785,0.126,0.0986
0.077,0.068,0.0741,0.0645
0.0865,0.0724,0.0725,0.0742
0.0751,0.0762,0.0727,0.067
0.0847,0.0698,0.0897,0.0655
0.0879,0.0708,0.0848,0.0665
0.0902,0.0711,0.0867,0.0715
0.0863,0.0773,0.1037,0.0859
0.0877,0.0668,0.0714,0.0686
0.0797,0.0792,0.1049,0.0803
0.0821,0.0715,0.0854,0.0731
0.0929,0.0972,0.1277,0.0955
0.1167,0.0984,0.1458,0.1201
0.112,0.0832,0.1325,0.1105
0.0801,0.0714,0.0746,0.0751
0.0823,0.0717,0.0963,0.0688
0.0899,0.0732,0.0786,0.061
0.0822,0.0693,0.0681,0.0703
0.0742,0.0925,0.107,0.0916
0.0756,0.0817,0.1066,0.0736
0.0798,0.0704,0.0957,0.0695
0.084,0.0669,0.0846,0.0799
0.075,0.0776,0.0864,0.0749
0.0759,0.0767,0.0709,0.0705
0.0885,0.0676,0.1077,0.0991
0.0806,0.0645,0.0904,0.0731
0.0948,0.0635,0.104,0.0695
0.0786,0.0725,0.0735,0.0662
0.0908,0.071,0.0776,0.0751
0.0762,0.0823,0.0832,0.0864
0.0857,0.0685,0.0655,0.0707
0.0657,0.0614,0.0625,0.0634
0.0748,0.0679,0.0948,0.0731
0.0679,0.0969,0.1078,0.081
0.0919,0.0831,0.0849,0.0808
0.1085,0.0766,0.0917,0.0805
0.104,0.0821,0.1361,0.1012
0.0904,0.0772,0.0876,0.0854
0.0913,0.102,0.1136,0.0979
0.1045,0.0667,0.087,0.0822
0.0939,0.0748,0.0923,0.0678
0.1289,0.1047,0.1516,0.1194
0.0754,0.0783,0.0915,0.0732
0.0664,0.0541,0.0658,0.065
0.1296,0.0887,0.1671,0.1046
0.075,0.0675,0.084,0.0676
0.0786,0.0684,0.0653,0.0769
0.0887,0.0758,0.0753,0.0747
0.0736,0.0849,0.1024,0.08
0.0724,0.0708,0.0994,0.0812
0.0906,0.0713,0.0724,0.0683
0.0655,0.0894,0.115,0.0792
0.0943,0.0875,0.0913,0.0836
0.0901,0.0675,0.1137,0.0793
0.0828,0.0749,0.0716,0.0609
0.077,0.0641,0.0864,0.0826
0.0791,0.0749,0.0961,0.0754
0.1054,0.0756,0.0852,0.0786
0.068,0.0617,0.0561,0.0616
0.0828,0.069,0.0754,0.0619
0.0846,0.0985,0.1154,0.0835
0.0788,0.0752,0.0667,0.068
0.0691,0.0651,0.0927,0.0729
0.0828,0.0706,0.0907,0.0774
0.1037,0.0827,0.0942,0.087
0.0919,0.0934,0.0922,0.0891
0.0843,0.0646,0.094,0.0665
0.1001,0.089,0.0892,0.084
0.0931,0.0795,0.0737,0.0764
0.0782,0.0743,0.0878,0.0722
0.0873,0.0942,0.115,0.0758
0.065,0.0616,0.0817,0.0656
0.0801,0.0586,0.0844,0.0713
0.0785,0.0789,0.0906,0.0777
0.0752,0.0799,0.0991,0.0828
0.0771,0.0737,0.1009,0.0807
0.1048,0.0828,0.1261,0.099
0.0911,0.0726,0.0899,0.076
0.087,0.0655,0.07,0.062
0.0778,0.0736,0.0871,0.0737
0.0936,0.0871,0.0955,0.0786
0.0892,0.0689,0.0861,0.0852
0.0982,0.0871,0.0915,0.0741
0.0751,0.0647,0.0844,0.0598
0.0889,0.0749,0.0835,0.0886
0.0786,0.0703,0.0653,0.0648
0.0673,0.0653,0.0875,0.0706
0.0903,0.0715,0.086,0.0726
0.0936,0.075,0.1317,0.0974
0.094,0.0857,0.1343,0.1013
0.1381,0.0986,0.1291,0.0928
0.0982,0.0885,0.0942,0.1002
0.0675,0.0619,0.0888,0.0701
0.1304,0.0968,0.1223,0.0905
0.093,0.0713,0.1039,0.0819
0.1053,0.0686,0.1127,0.0821
0.1151,0.0821,0.1332,0.0985
0.0828,0.0691,0.0888,0.066
0.0893,0.0615,0.0874,0.0684
0.0766,0.0878,0.11,0.0738
0.0911,0.0782,0.0699,0.0692
0.097,0.0718,0.0799,0.0792
0.0865,0.0638,0.0786,0.0844
0.0769,0.071,0.0709,0.061
0.1433,0.0983,0.1484,0.1076
0.1144,0.0869,0.111,0.0941
0.0893,0.0739,0.083,0.0648
0.0815,0.1013,0.1186,0.0899
0.0759,0.07,0.0764,0.0693
0.0965,0.0852,0.101,0.0831
0.082,0.0782,0.1058,0.0852
0.0856,0.0656,0.086,0.0685
0.08,0.1038,0.1273,0.1037
0.0759,0.0636,0.0742,0.0721
0.0983,0.0802,0.1195,0.1048
0.0979,0.0785,0.0916,0.0763
0.0788,0.0792,0.0772,0.0677
0.0744,0.0661,0.0897,0.074
0.0769,0.088,0.1072,0.0804
0.0638,0.0646,0.0878,0.0695
0.0984,0.0764,0.0858,0.0799
0.103,0.0859,0.094,0.0874
0.1013,0.0724,0.0898,0.0679
0.1175,0.0749,0.1452,0.1064
0.0831,0.0765,0.0915,0.069
0.0899,0.0841,0.097,0.0789
0.0706,0.0615,0.0567,0.0611
0.1228,0.1026,0.1577,0.1049
0.0941,0.0823,0.1004,0.0699
0.0975,0.0778,0.1014,0.0708
0.0854,0.0717,0.0761,0.0739
0.1045,0.0842,0.1336,0.1001
0.0812,0.0641,0.085,0.0681
0.0782,0.0766,0.0893,0.0762
0.0706,0.0595,0.084,0.0707
0.088,0.0652,0.1043,0.0775
0.0964,0.0858,0.1208,0.0759
0.0816,0.0687,0.0886,0.0659
0.0865,0.0688,0.0922,0.0652
0.0741,0.0773,0.1058,0.0812
0.0802,0.0666,0.0866,0.0741
0.0924,0.0729,0.0887,0.0668
0.1261,0.1217,0.1269,0.1256
0.0925,0.082,0.0917,0.0756
0.1073,0.0754,0.1206,0.0989
0.0896,0.0728,0.0925,0.0682
0.0743,0.0681,0.0723,0.0628
0.1075,0.062,0.0979,0.0778
0.0749,0.0752,0.1008,0.0819
0.077,0.0684,0.0828,0.0652
0.0902,0.0809,0.1014,0.0835
0.0775,0.0708,0.0677,0.0733
0.0825,0.068,0.0946,0.0705
0.0758,0.0717,0.0924,0.0667
0.0864,0.0688,0.0875,0.0661
0.0834,0.075,0.0868,0.0708
0.0886,0.0646,0.0664,0.077
0.0948,0.0831,0.1012,0.0861
0.1014,0.0845,0.1011,0.083
0.0781,0.0776,0.0991,0.0813
0.0734,0.0703,0.0848,0.0734
0.0685,0.0666,0.0945,0.0762
0.1002,0.0901,0.1243,0.0987
0.0768,0.0733,0.0735,0.0699
0.0839,0.0712,0.0911,0.0645
0.0851,0.0727,0.0705,0.0746
0.0855,0.0619,0.0679,0.0696
0.0838,0.0836,0.1146,0.0807
0.0767,0.0839,0.0872,0.0825
0.0956,0.0815,0.1317,0.1009
0.0846,0.0803,0.1048,0.0798
0.0895,0.0657,0.0885,0.0698
0.0838,0.0792,0.0954,0.0924
0.1081,0.0767,0.083,0.0661
0.0743,0.0699,0.0903,0.0707
0.0886,0.069,0.1094,0.083
0.1019,0.0742,0.1128,0.0824
0.0919,0.0962,0.1336,0.0932
0.084,0.0646,0.0889,0.07
0.0934,0.0761,0.1084,0.076
0.0851,0.0761,0.0841,0.0742
0.119,0.0856,0.148,0.0943
0.0809,0.0667,0.0775,0.0627
0.0845,0.0693,0.0811,0.0629
0.1148,0.0794,0.1443,0.1093
0.0874,0.0674,0.0816,0.0906
0.0728,0.0668,0.0839,0.0703
0.0761,0.0796,0.0835,0.0829
0.0882,0.0692,0.105,0.0869
0.0722,0.0675,0.0704,0.0685
0.0762,0.0634,0.0734,0.0674
0.1098,0.0872,0.1213,0.0995
0.0754,0.0655,0.0973,0.0687
0.0978,0.0744,0.0828,0.0612
0.0881,0.0683,0.0723,0.0635
0.077,0.0708,0.0927,0.0672
0.1048,0.0675,0.1053,0.0693
0.1016,0.0701,0.0922,0.0855
0.0862,0.0892,0.122,0.0956
0.096,0.0818,0.0903,0.0772
0.0795,0.0919,0.123,0.0797
0.078,0.0808,0.0709,0.0783
0.0892,0.0757,0.0736,0.0809
0.078,0.0799,0.1026,0.0821
0.108,0.0881,0.1149,0.0879
0.105,0.0899,0.0943,0.0803
0.0901,0.0685,0.0786,0.0713
0.0798,0.0747,0.0836,0.0635
0.0866,0.0657,0.079,0.0591
0.0761,0.0669,0.0626,0.0633
0.0826,0.0916,0.1297,0.0846
0.082,0.0701,0.0783,0.0624
0.0801,0.0693,0.0839,0.0745
0.106,0.0841,0.1275,0.111
0.1031,0.0828,0.0754,0.0635
0.0813,0.072,0.0727,0.0707
0.0788,0.0811,0.0859,0.0771
0.093,0.0685,0.0948,0.0637
0.0749,0.0841,0.1146,0.0752
0.0902,0.0793,0.1137,0.0738
0.0774,0.0773,0.1082,0.0851
0.0908,0.0969,0.1272,0.0804
0.0768,0.0755,0.0908,0.0804
0.071,0.0619,0.0726,0.0669
0.0695,0.0859,0.0939,0.0722
0.0992,0.0849,0.0893,0.0846
0.0813,0.0785,0.1081,0.0868
0.0741,0.0577,0.0831,0.0668
0.116,0.0778,0.1387,0.102
0.0777,0.063,0.0867,0.0722
0.0859,0.0828,0.0913,0.0901
0.0946,0.0711,0.0726,0.0825
0.0916,0.082,0.0959,0.0786
0.0808,0.0856,0.107,0.0724
0.095,0.075,0.0913,0.0813
0.0905,0.0691,0.0969,0.0646
0.0831,0.0687,0.0858,0.0723
0.0909,0.0639,0.0862,0.0609
0.1021,0.0899,0.0973,0.0952
0.0796,0.0701,0.0681,0.0663
0.0794,0.0716,0.0704,0.0619
0.0792,0.0683,0.0689,0.0665
0.0788,0.0639,0.0787,0.0655
0.0821,0.0725,0.0959,0.0745
0.0829,0.0694,0.0863,0.0812
0.0903,0.0834,0.096,0.0911
0.075,0.0727,0.0709,0.0705
0.1012,0.0801,0.1405,0.1028
0.08,0.0678,0.0788,0.0723
0.0693,0.0672,0.0886,0.0725
0.1272,0.1047,0.1424,0.1196
0.083,0.0649,0.0954,0.0639
0.0797,0.0591,0.0739,0.0764
0.0953,0.0725,0.1163,0.0699
0.1038,0.0851,0.0911,0.0789
0.0888,0.0596,0.0869,0.0717
0.1117,0.0887,0.149,0.0972
0.0885,0.0688,0.0839,0.0801
0.0769,0.078,0.0686,0.0668
0.0909,0.08,0.1072,0.0871
0.086,0.0706,0.0924,0.0766
0.0852,0.0677,0.0724,0.0633
0.0788,0.0868,0.1162,0.09
0.0912,0.072,0.0697,0.063
0.0855,0.0703,0.0743,0.0624
0.0846,0.0818,0.1054,0.0916
0.1117,0.0779,0.1158,0.0798
0.0809,0.0702,0.066,0.0684
0.099,0.0777,0.1263,0.0953
0.0847,0.0958,0.1196,0.0891
0.0742,0.063,0.0722,0.0689
0.0924,0.0692,0.0699,0.0618
0.0832,0.0679,0.0695,0.0706
0.0779,0.0964,0.1089,0.0835
0.0745,0.0747,0.0997,0.08
0.0856,0.0858,0.1204,0.0731
0.1139,0.0809,0.1024,0.0878
0.1056,0.0883,0.0897,0.1067
0.0863,0.0679,0.077,0.0761
0.0805,0.0736,0.0852,0.0689
0.096,0.0663,0.0813,0.0908
0.083,0.0642,0.0893,0.0668
0.0816,0.0826,0.099,0.0774
0.0977,0.0685,0.0748,0.0687
0.1092,0.0779,0.1311,0.1034
0.0927,0.0914,0.0992,0.0909
0.0755,0.0739,0.105,0.0784
0.0684,0.0682,0.0709,0.0613
0.0768,0.0721,0.0681,0.0639
0.0799,0.0694,0.0991,0.0704
0.0965,0.0811,0.0981,0.0879
0.0779,0.0726,0.0723,0.0624
0.1035,0.081,0.133,0.0985
0.0853,0.0653,0.0758,0.0706
0.0913,0.0789,0.0899,0.0801
0.07,0.0668,0.0746,0.0693
0.0783,0.0703,0.0721,0.0736
0.0899,0.0715,0.0926,0.0706
0.0796,0.0794,0.0907,0.0669
0.0814,0.0612,0.0753,0.0706
0.0694,0.0641,0.0708,0.0633
0.0845,0.0613,0.0826,0.0807
0.0899,0.0681,0.0895,0.0654
0.0719,0.0608,0.0866,0.0781
0.0993,0.0852,0.1256,0.0955
0.0971,0.0742,0.0768,0.0737
0.092,0.0639,0.1024,0.0672
0.1082,0.0652,0.0916,0.0592
0.0806,0.069,0.0738,0.0793
0.0981,0.0985,0.1014,0.0965
0.1101,0.0829,0.1373,0.1004
0.0897,0.0808,0.1116,0.0832
0.1005,0.082,0.0937,0.084
0.079,0.0687,0.0668,0.0611
0.1234,0.0957,0.1193,0.0991
0.0861,0.063,0.0742,0.081
0.1029,0.0828,0.1314,0.0994
0.1091,0.1004,0.1508,0.0951
0.0849,0.0831,0.0983,0.0782
0.0859,0.0692,0.0811,0.0792
0.0716,0.0668,0.0952,0.0671
0.0765,0.0645,0.0903,0.0681
0.0712,0.0656,0.0803,0.0783
0.1022,0.0764,0.0905,0.0756
0.0843,0.0854,0.1036,0.0814
0.111,0.084,0.1325,0.0979
0.0852,0.0738,0.0948,0.1021
0.0894,0.0687,0.0734,0.0804
0.0894,0.076,0.0696,0.0693
0.0771,0.0592,0.0702,0.0672
0.1,0.0829,0.0819,0.0877
0.0893,0.0956,0.1261,0.0927
0.117,0.0849,0.1131,0.0937
0.0708,0.0751,0.0995,0.0776
0.1051,0.0836,0.0883,0.1133
0.0984,0.0816,0.1542,0.0905
0.0884,0.0782,0.0917,0.079
0.1103,0.0861,0.1533,0.1033
0.1092,0.0878,0.1208,0.1129
0.0872,0.0737,0.0955,0.0671
0.1059,0.0864,0.1237,0.1125
0.0779,0.0686,0.0872,0.0859
0.1066,0.0757,0.1055,0.0718
0.079,0.0697,0.0815,0.0715
0.0807,0.0713,0.0735,0.0689
0.1277,0.0858,0.0987,0.0759
0.0949,0.0821,0.1176,0.0934
0.076,0.0693,0.0771,0.0738
0.0758,0.0939,0.1167,0.0815
0.0989,0.0812,0.0915,0.0693
0.0761,0.0932,0.1192,0.0949
0.1022,0.0702,0.0902,0.0728
0.1047,0.0829,0.0902,0.084
0.0981,0.0834,0.0937,0.0874
0.0969,0.071,0.0804,0.0916
0.0685,0.0753,0.1014,0.0823
0.0944,0.0733,0.1406,0.0824
0.0974,0.0852,0.0874,0.0815
0.0766,0.0652,0.0875,0.0617
0.0813,0.078,0.0686,0.0739
0.0864,0.091,0.0967,0.0771
0.0642,0.0673,0.086,0.0744
0.0977,0.0821,0.138,0.1097
0.1269,0.0917,0.1331,0.1105
0.1046,0.0786,0.1413,0.1135
0.0717,0.0728,0.0955,0.0826
0.1031,0.0736,0.1137,0.0863
0.1011,0.0892,0.097,0.0859
0.0936,0.0674,0.0703,0.0674
0.088,0.0889,0.1,0.0957
0.0757,0.0697,0.0999,0.0734
0.0691,0.0766,0.0862,0.0702
0.0888,0.0737,0.0769,0.1013
0.1042,0.073,0.0857,0.0908
0.0879,0.0665,0.1095,0.0945
0.0814,0.0683,0.0662,0.0716
0.0729,0.0618,0.0782,0.0645
0.081,0.073,0.0932,0.0618
0.0797,0.0855,0.0852,0.0811
0.0872,0.0696,0.0719,0.0672
0.0738,0.0663,0.0815,0.0823
0.0857,0.0705,0.0905,0.0676
0.1042,0.0836,0.0832,0.0769
0.072,0.0746,0.0873,0.0696
0.0834,0.0634,0.0902,0.0686
0.0975,0.0946,0.143,0.1093
0.0743,0.0599,0.0761,0.0783
0.0917,0.0704,0.079,0.0765
0.0995,0.1056,0.1024,0.0921
0.0911,0.0756,0.0808,0.0643
0.0803,0.0834,0.0764,0.0699
0.1246,0.0943,0.1713,0.0946
0.1248,0.0885,0.1336,0.1027
0.0814,0.0566,0.0844,0.0701
0.0838,0.0726,0.0837,0.0682
0.0676,0.0629,0.0857,0.0687
0.0795,0.0722,0.0732,0.0634
0.088,0.0718,0.0913,0.0634
0.0885,0.0789,0.0821,0.0744
0.0687,0.063,0.0779,0.0653
0.1043,0.0879,0.1029,0.0777
0.08,0.0746,0.0878,0.0635
0.0678,0.0693,0.0756,0.0587
0.0744,0.0938,0.1155,0.0963
0.1191,0.0972,0.1565,0.0875
0.0752,0.0861,0.0823,0.0699
0.0762,0.0746,0.0987,0.0769
0.0852,0.0753,0.0739,0.0783
0.0897,0.0814,0.0906,0.0808
0.0853,0.0662,0.078,0.0707
0.0767,0.1027,0.1312,0.0955
0.0846,0.0717,0.0823,0.0674
0.0912,0.0715,0.0824,0.0674
0.0838,0.0721,0.0719,0.064
0.0949,0.0861,0.102,0.0803
0.1099,0.0816,0.1316,0.0981
0.0875,0.0744,0.0796,0.0604
0.0846,0.0748,0.0774,0.074
0.0763,0.0667,0.0771,0.0773
0.0802,0.0589,0.0688,0.0693
0.107,0.0667,0.1,0.0786
0.0806,0.0691,0.0703,0.0672
0.0909,0.0731,0.0741,0.062
0.0855,0.0656,0.079,0.085
0.0722,0.0642,0.0894,0.0702
0.0909,0.082,0.1178,0.0791
0.086,0.0659,0.082,0.0649
0.1073,0.0824,0.1257,0.11
0.0875,0.077,0.095,0.0837
0.105,0.0798,0.1413,0.1115
0.0917,0.0708,0.0706,0.0723
0.0741,0.0719,0.0779,0.0643
0.1045,0.075,0.1365,0.1056
0.0825,0.0891,0.1216,0.074
0.0878,0.0807,0.1021,0.078
0.0826,0.0647,0.0843,0.0692
0.1013,0.0857,0.1047,0.0801
0.09,0.0725,0.0757,0.0753
0.0898,0.0683,0.0931,0.0658
0.0871,0.076,0.0952,0.0827
0.0755,0.0601,0.0864,0.0665
0.1142,0.083,0.1422,0.0915
0.0936,0.065,0.1108,0.0655
0.0857,0.0732,0.0917,0.0633
0.0811,0.0721,0.0832,0.0718
0.0797,0.0683,0.0992,0.0721
0.0709,0.0764,0.094,0.0882
0.0942,0.0823,0.1043,0.0827
0.0808,0.0668,0.089,0.063
0.069,0.0703,0.0978,0.0789
0.0726,0.0753,0.1034,0.0845
0.0811,0.0711,0.0771,0.0667
0.0887,0.0664,0.0686,0.0747
0.0845,0.0721,0.0744,0.0678
0.1106,0.0847,0.1224,0.07
0.0807,0.08,0.0862,0.0724
0.0765,0.0706,0.0916,0.0721
0.0818,0.0679,0.0914,0.0784
0.0819,0.0639,0.0861,0.0692
0.0784,0.0652,0.0965,0.0735
0.0774,0.0819,0.0835,0.0776
0.0752,0.078,0.0706,0.0712
0.0835,0.0656,0.0756,0.0751
0.1074,0.066,0.1251,0.0799
0.0782,0.0749,0.0913,0.0822
0.0837,0.0962,0.1208,0.0912
0.0807,0.0763,0.0977,0.0885
0.0848,0.0732,0.0745,0.0711
0.1051,0.0862,0.0991,0.0826
0.0909,0.0888,0.0931,0.082
0.0775,0.0801,0.0765,0.0806
0.0769,0.0708,0.0856,0.0799
0.0809,0.0749,0.0729,0.0717
0.1268,0.0871,0.1586,0.1112
0.0803,0.0821,0.0811,0.0768
0.0892,0.0637,0.1036,0.0715
0.0914,0.0689,0.0887,0.0765
0.0831,0.0633,0.0684,0.073
0.0757,0.0879,0.1079,0.0746
0.0905,0.0812,0.1025,0.0817
0.0812,0.078,0.078,0.0696
0.0875,0.0679,0.0911,0.064
0.085,0.079,0.0935,0.0932
0.0889,0.0662,0.0858,0.0812
0.0831,0.0727,0.07,0.0692
0.0904,0.0709,0.0827,0.0625
0.0901,0.0835,0.1001,0.0767
0.0817,0.0773,0.0925,0.0843
0.0741,0.0613,0.0875,0.0738
0.0892,0.0639,0.0864,0.0806
0.0781,0.0978,0.1249,0.0877
0.124,0.0785,0.1643,0.1013
0.0833,0.0908,0.1103,0.0919
0.0747,0.0762,0.1039,0.0808
0.0715,0.0668,0.0782,0.0582
0.0858,0.0659,0.0748,0.0735
0.0826,0.0677,0.0776,0.0779
0.0899,0.0744,0.0824,0.0807
0.0908,0.0777,0.0858,0.0904
0.076,0.0797,0.0716,0.0703
0.0927,0.0648,0.0833,0.078
0.102,0.0842,0.1313,0.0964
0.0895,0.0686,0.0682,0.0743
0.0917,0.0627,0.1005,0.0685
0.0749,0.0701,0.0685,0.0615
0.095,0.0761,0.0663,0.0677
0.0721,0.0613,0.0542,0.0694
0.1134,0.0827,0.1449,0.1095
0.0777,0.0804,0.0892,0.0751
0.0955,0.0846,0.0904,0.0999
0.1059,0.0797,0.1159,0.0816
0.0807,0.0672,0.0768,0.0668
0.0955,0.07,0.0852,0.0728
0.1103,0.0833,0.1349,0.102
0.1042,0.0922,0.1272,0.0856
0.0856,0.0685,0.0912,0.0669
0.0909,0.0918,0.1222,0.0888
0.0832,0.0915,0.0865,0.0813
0.0899,0.0795,0.0854,0.0843
0.0829,0.0819,0.1016,0.0998
0.0726,0.0597,0.1018,0.0767
0.0767,0.0779,0.0988,0.0869
0.0688,0.0937,0.112,0.0909
0.0847,0.0726,0.0754,0.0726
0.08,0.0668,0.0727,0.0674
0.0985,0.0905,0.0955,0.086
0.104,0.066,0.0902,0.0596
0.0959,0.079,0.1247,0.1003
0.0752,0.0674,0.0805,0.066
0.0732,0.067,0.0888,0.0721
0.0806,0.0763,0.1069,0.0792
0.0937,0.0818,0.0982,0.0681
0.0857,0.079,0.1007,0.0776
0.0917,0.0726,0.0843,0.0851
0.0833,0.0714,0.0851,0.0795
0.0865,0.0829,0.0947,0.0779
0.0972,0.0739,0.0932,0.0787
0.082,0.0895,0.0886,0.0802
0.0759,0.0647,0.0673,0.0627
0.081,0.1045,0.1212,0.0819
0.0893,0.0708,0.0953,0.0776
0.0824,0.0677,0.0857,0.0651
0.1149,0.0912,0.1186,0.0724
0.0766,0.0615,0.0815,0.075
0.0785,0.0752,0.1031,0.0856
0.1189,0.0856,0.1409,0.0935
0.1023,0.0733,0.0981,0.0648
0.0847,0.0622,0.0829,0.0812
0.0973,0.0657,0.0889,0.0729
0.0907,0.0806,0.1076,0.0823
0.0822,0.0693,0.0882,0.0629
0.0921,0.1108,0.1081,0.1002
0.073,0.0676,0.0829,0.0732
0.0681,0.0686,0.0845,0.0706
0.0888,0.0755,0.1013,0.0874
0.0818,0.0628,0.0751,0.073
0.0803,0.0696,0.0748,0.0585
0.1052,0.0904,0.0959,0.0786
0.0942,0.0743,0.0766,0.0652
0.0825,0.0616,0.0793,0.078
0.0838,0.0814,0.0984,0.0948
0.1029,0.0672,0.1215,0.072
0.0882,0.0889,0.1246,0.0835
0.0705,0.0604,0.0798,0.0711
0.0799,0.0774,0.0983,0.0886
0.1074,0.0678,0.0869,0.0688
0.0866,0.0823,0.0998,0.0998
0.0915,0.0599,0.0963,0.0701
0.085,0.0799,0.0874,0.0745
0.0982,0.0802,0.0982,0.0774
0.1234,0.0836,0.0979,0.0843
0.0966,0.0711,0.0768,0.0818
0.0787,0.0736,0.0798,0.0632
0.0748,0.0707,0.0702,0.0696
0.0678,0.0633,0.0829,0.0723
0.0913,0.0689,0.107,0.0799
0.0766,0.0728,0.0842,0.0604
0.0982,0.0744,0.0985,0.0755
0.0792,0.061,0.0748,0.0689
0.0825,0.0653,0.0894,0.0625
0.083,0.0882,0.0912,0.0908
0.0941,0.0783,0.0958,0.0663
0.084,0.0797,0.1021,0.0821
0.0954,0.0709,0.1027,0.069
0.0876,0.064,0.0899,0.0623
0.0727,0.0604,0.0731,0.069
0.0946,0.0721,0.1028,0.0806
0.0764,0.0622,0.0918,0.0839
0.0923,0.0644,0.084,0.0709
0.1345,0.09,0.1439,0.1063
0.098,0.0816,0.092,0.0967
0.0901,0.0722,0.074,0.0744
0.0759,0.0677,0.065,0.0599
0.1197,0.0917,0.1434,0.1043
0.0911,0.0815,0.1021,0.0822
0.076,0.0689,0.0826,0.0656
0.1056,0.0822,0.0906,0.1017
0.0818,0.0693,0.08,0.0671
0.0823,0.0708,0.0909,0.0774
0.0964,0.0629,0.1217,0.0819
0.0791,0.0664,0.0738,0.0643
0.0851,0.065,0.0802,0.0714
0.0875,0.0735,0.0795,0.0651
0.1181,0.0874,0.1082,0.0934
0.0847,0.0718,0.1044,0.0845
0.0659,0.0902,0.1171,0.0811
0.084,0.0668,0.0913,0.0684
0.085,0.0701,0.0878,0.0653
0.1163,0.0894,0.1021,0.123
0.1071,0.0784,0.1355,0.1011
0.0753,0.0716,0.0897,0.0708
0.1226,0.1149,0.131,0.1164
0.0903,0.0806,0.093,0.0801
0.0984,0.0875,0.0828,0.0673
0.1068,0.0707,0.0848,0.0897
0.0844,0.0814,0.0772,0.0704
0.0851,0.0795,0.0854,0.0817
0.0797,0.0636,0.0947,0.0685
0.0841,0.0625,0.0825,0.0653
0.1246,0.0827,0.1525,0.1085
0.0847,0.0647,0.0799,0.0601
0.0868,0.0719,0.0807,0.0731
0.0943,0.0653,0.0867,0.0675
0.1041,0.0781,0.1255,0.095
0.0848,0.0731,0.0844,0.0659
0.0933,0.0729,0.0884,0.0827
0.0902,0.0741,0.0819,0.0848
0.1011,0.0669,0.0993,0.0725
0.0702,0.0746,0.1035,0.0814
0.0745,0.0652,0.072,0.0651
0.0778,0.0673,0.0701,0.0717
0.0738,0.0663,0.067,0.0647
0.0847,0.071,0.078,0.0625
0.0983,0.0709,0.1119,0.0768
0.1049,0.0973,0.1234,0.1071
0.0853,0.0794,0.0853,0.0776
0.1003,0.0715,0.1006,0.0846
0.0813,0.0804,0.0914,0.0746
0.0747,0.0594,0.06,0.0664
0.0776,0.0893,0.1118,0.0755
0.0828,0.0697,0.0742,0.07
0.0901,0.0657,0.089,0.0674
0.1356,0.0962,0.1248,0.0925
0.0745,0.0614,0.071,0.0655
0.079,0.0783,0.1088,0.0853
0.0777,0.0931,0.1049,0.0847
0.0795,0.0671,0.0739,0.0686
0.0921,0.0708,0.0737,0.0639
0.0675,0.0713,0.0869,0.0765
0.0772,0.0994,0.118,0.0829
0.0995,0.0788,0.095,0.0737
0.087,0.0811,0.1075,0.0849
0.0939,0.0943,0.1064,0.0974
0.1018,0.0888,0.1001,0.093
0.0815,0.0708,0.0741,0.066
0.0752,0.0747,0.0763,0.0641
0.0806,0.0684,0.0955,0.08
0.0818,0.0824,0.091,0.0816
0.0899,0.077,0.1406,0.1042
0.085,0.0777,0.081,0.0724
0.0886,0.0703,0.0721,0.0688
0.0718,0.0553,0.0712,0.0757
0.0722,0.0763,0.1035,0.0823
0.0844,0.0857,0.1102,0.0927
0.0799,0.0945,0.1139,0.0856
0.0836,0.0611,0.0748,0.0734
0.0902,0.0777,0.1394,0.0868
0.0797,0.0687,0.0855,0.067
0.077,0.0599,0.084,0.0655
0.0847,0.0736,0.0965,0.0763
0.0821,0.0643,0.102,0.0686
0.0869,0.0687,0.0905,0.07
0.101,0.0764,0.1378,0.0974
0.0803,0.0812,0.0861,0.0747
0.1112,0.0802,0.1217,0.105
0.0889,0.0679,0.0808,0.0672
0.0737,0.0757,0.0854,0.0725
0.0909,0.0858,0.1127,0.0793
0.0767,0.0696,0.0689,0.0752
0.0769,0.067,0.0841,0.0794
0.093,0.088,0.101,0.0991
0.0869,0.0818,0.109,0.0942
0.0744,0.0654,0.0738,0.0659
0.0844,0.0873,0.0985,0.084
0.1176,0.0866,0.172,0.1024
0.0798,0.0663,0.0844,0.0675
0.0784,0.0746,0.0656,0.0719
0.0912,0.0767,0.0743,0.0713
0.0901,0.1003,0.1333,0.0959
0.0906,0.0722,0.0724,0.0775
0.0829,0.0767,0.0916,0.0728
0.0965,0.089,0.1232,0.0934
0.0738,0.0777,0.1085,0.0825
0.0835,0.0705,0.0809,0.065
0.0856,0.0699,0.075,0.0688
0.0783,0.0795,0.0898,0.0735
0.0876,0.0588,0.0885,0.072
0.0915,0.0775,0.0724,0.0784
0.1106,0.0767,0.08,0.0795
0.0903,0.0758,0.1035,0.101
0.0904,0.064,0.1022,0.0683
0.094,0.0789,0.0856,0.0787
0.0776,0.065,0.0902,0.0789
0.0738,0.0748,0.0824,0.0725
0.0851,0.1031,0.1208,0.0858
0.0827,0.0704,0.0645,0.0804
0.0747,0.0812,0.0943,0.0715
0.0891,0.0642,0.0856,0.0805
0.082,0.0734,0.0744,0.0663
0.0767,0.0822,0.1001,0.0806
0.097,0.0802,0.1332,0.0929
0.0782,0.0794,0.1035,0.0828
0.1127,0.0844,0.1254,0.1078
0.1074,0.0701,0.0842,0.0891
0.0876,0.067,0.0816,0.0789
0.0881,0.0692,0.0729,0.0675
0.0851,0.0692,0.064,0.0728
0.0889,0.0749,0.0942,0.0741
0.0836,0.0975,0.1173,0.0813
0.0737,0.0739,0.0654,0.07
0.0758,0.0688,0.0693,0.0692
0.0864,0.0651,0.0697,0.0671
0.09,0.063,0.0754,0.0891
0.0817,0.0778,0.0902,0.0726
0.0794,0.0513,0.0811,0.0908
0.0844,0.0665,0.0771,0.0709
0.1151,0.0847,0.1365,0.1071
0.1011,0.0664,0.0912,0.0833
0.0963,0.0696,0.0743,0.0702
0.1176,0.0769,0.0904,0.105
0.1044,0.0699,0.0987,0.0675
0.0775,0.0688,0.0656,0.0621
0.1211,0.085,0.1485,0.1034
0.1019,0.0718,0.0964,0.0742
0.088,0.0832,0.0976,0.0838
0.0747,0.0596,0.0693,0.0651
0.0806,0.066,0.0701,0.0736
0.072,0.0659,0.0767,0.0643
0.1095,0.0851,0.1296,0.1016
0.088,0.0774,0.0935,0.0836
0.0755,0.0654,0.0715,0.0652
0.0806,0.0744,0.1017,0.0771
0.0726,0.064,0.0871,0.0802
0.0819,0.0773,0.0773,0.084
0.0862,0.0694,0.0759,0.0721
0.0671,0.0641,0.0862,0.0695
0.091,0.0656,0.0821,0.0677
0.0986,0.0782,0.0794,0.0674
0.0704,0.071,0.0693,0.0686
0.1002,0.0635,0.0768,0.0887
0.0775,0.0764,0.0861,0.0726
0.1113,0.0729,0.1003,0.0727
0.072,0.0657,0.0863,0.0718
0.086,0.0714,0.0811,0.0762
0.1018,0.0787,0.1302,0.1025
0.0797,0.0736,0.0761,0.064
0.0979,0.0716,0.0897,0.0832
0.0917,0.0842,0.0982,0.0737
0.0835,0.0761,0.093,0.0691
0.09,0.0684,0.0739,0.0706
0.0756,0.0718,0.072,0.0673
0.0689,0.0665,0.086,0.0715
0.0996,0.083,0.1267,0.1059
0.1255,0.0991,0.1358,0.0814
0.1016,0.0721,0.1086,0.0774
0.0838,0.0662,0.0906,0.0715
0.0812,0.065,0.0621,0.0686
0.0763,0.0946,0.1168,0.087
0.0841,0.0971,0.1115,0.0827
0.0972,0.0884,0.0981,0.0933
0.1008,0.0964,0.132,0.1053
0.1345,0.0841,0.1641,0.1053
0.0732,0.0617,0.0728,0.0755
0.0665,0.0672,0.0793,0.0779
0.0778,0.092,0.1154,0.08
0.0992,0.0788,0.0955,0.0824
0.08,0.0914,0.1098,0.0782
0.0864,0.0894,0.1278,0.0953
0.0802,0.0677,0.0839,0.0654
0.098,0.072,0.0966,0.0702
0.085,0.0833,0.0753,0.0703
0.0951,0.089,0.1001,0.0881
0.0785,0.0665,0.0671,0.0711
0.0978,0.0789,0.0974,0.067
0.0876,0.0724,0.0784,0.0973
0.0878,0.0689,0.0927,0.0786
0.1176,0.0852,0.1582,0.1095
0.0828,0.0779,0.0876,0.0734
0.0764,0.0644,0.0744,0.0693
0.0698,0.0607,0.0751,0.0639
0.1123,0.0795,0.0854,0.0812
0.0951,0.0794,0.0841,0.0618
0.0777,0.0746,0.0784,0.0653
0.0861,0.0643,0.0625,0.0666
0.0709,0.0637,0.0902,0.0749
0.0843,0.0665,0.0642,0.0768
0.1011,0.0827,0.1276,0.1016
0.1242,0.087,0.096,0.0784
0.08,0.0863,0.1189,0.0693
0.0857,0.0635,0.0941,0.0642
0.0972,0.0856,0.0989,0.0887
0.0742,0.0661,0.076,0.0726
0.0949,0.0777,0.0943,0.0788
0.0904,0.0717,0.0827,0.0664
0.0897,0.0653,0.0648,0.0729
0.0826,0.0697,0.0975,0.0741
0.0846,0.0672,0.1021,0.0704
0.1105,0.0677,0.0975,0.0653
0.0835,0.0772,0.0804,0.0691
0.0777,0.0696,0.0713,0.0687
0.0754,0.0687,0.0696,0.0722
0.0844,0.075,0.0778,0.0689
0.0744,0.0633,0.0779,0.0653
0.0742,0.0894,0.1032,0.0765
0.1071,0.0771,0.0979,0.0728
0.091,0.0798,0.08,0.0722
0.0921,0.0666,0.0756,0.0708
0.1068,0.0788,0.1421,0.0979
0.0748,0.0842,0.1038,0.0712
0.0764,0.0703,0.0687,0.0642
0.1128,0.0679,0.123,0.0788
0.1159,0.0809,0.1293,0.1103
0.094,0.0718,0.1014,0.0729
0.085,0.0705,0.076,0.0668
0.0881,0.0724,0.0836,0.0733
0.0867,0.0711,0.0724,0.0734
0.077,0.0674,0.0827,0.0681
0.0867,0.069,0.0945,0.0691
0.0957,0.0817,0.1302,0.0745
0.0783,0.0937,0.1273,0.0793
0.0741,0.0712,0.0645,0.06
0.0893,0.0709,0.0779,0.0711
0.0835,0.0701,0.0675,0.0794
0.0747,0.0879,0.1289,0.0843
0.0854,0.0757,0.0739,0.0773
0.1054,0.0643,0.1041,0.0663
0.0877,0.065,0.0716,0.0791
0.0684,0.056,0.066,0.0739
0.1214,0.0976,0.1369,0.08
0.0825,0.0793,0.0761,0.0735
0.0745,0.0918,0.1063,0.0856
0.0815,0.0776,0.0764,0.0573
0.0754,0.0973,0.1085,0.0773
0.1018,0.0824,0.0723,0.0705
0.1055,0.0721,0.1034,0.084
0.1087,0.0828,0.104,0.0934
0.079,0.0676,0.0642,0.0656
0.0855,0.0676,0.0766,0.0706
0.0973,0.0603,0.1082,0.0644
0.0742,0.0587,0.0812,0.0735
0.0851,0.0727,0.0908,0.0788
0.0901,0.0659,0.1011,0.0679
0.0701,0.0936,0.1135,0.0829
0.0798,0.0854,0.0872,0.0806
0.0855,0.0712,0.076,0.0708
0.0803,0.0748,0.0762,0.0701
0.1001,0.0771,0.0743,0.0646
0.0866,0.0637,0.0792,0.0628
0.1111,0.0731,0.1017,0.0712
0.0808,0.0737,0.0827,0.0758
0.0996,0.0729,0.1155,0.0817
0.082,0.0682,0.0769,0.0604
0.1292,0.0881,0.1321,0.1077
0.0969,0.0799,0.0957,0.0866
0.0939,0.062,0.0952,0.0782
0.0749,0.0671,0.0899,0.0782
0.0939,0.0625,0.1033,0.0695
0.1027,0.0608,0.1128,0.0698
0.0928,0.0711,0.0856,0.082
0.0739,0.0584,0.0684,0.0671
0.0706,0.0702,0.0788,0.0621
0.0732,0.0721,0.0653,0.0612
0.0757,0.0808,0.0769,0.0663
0.0799,0.0797,0.086,0.0927
0.0942,0.0907,0.1026,0.0847
0.0813,0.0897,0.1002,0.0858
0.0826,0.0702,0.0872,0.0709
0.0783,0.071,0.0704,0.0773
0.1115,0.0798,0.1496,0.1043
0.0704,0.0925,0.1191,0.082
0.0782,0.0789,0.1052,0.0765
0.0776,0.0756,0.1018,0.0782
0.0826,0.0781,0.0846,0.0926
0.0851,0.09,0.1095,0.0937
0.1092,0.0719,0.0874,0.0956
0.077,0.0659,0.0871,0.0652
0.0914,0.0667,0.0847,0.0682
0.0792,0.0736,0.0769,0.0697
0.0743,0.0615,0.0892,0.0664
0.0889,0.0744,0.091,0.0685
0.0738,0.0692,0.0663,0.0597
0.0929,0.0979,0.133,0.1082
0.079,0.0703,0.0873,0.0754
0.0696,0.0637,0.0762,0.0708
0.0832,0.074,0.0757,0.0759
0.0627,0.0635,0.0793,0.0658
0.0975,0.0937,0.1433,0.0935
0.1122,0.076,0.0935,0.0797
0.0856,0.0815,0.0962,0.0839
0.0738,0.0689,0.0759,0.0682
0.077,0.0596,0.0779,0.0681
0.0964,0.0694,0.1019,0.0841
0.0761,0.0703,0.0892,0.0671
0.0879,0.0679,0.0919,0.0718
0.0782,0.072,0.0854,0.0642
0.0786,0.07,0.0959,0.0722
0.0834,0.0811,0.0905,0.0755
0.109,0.084,0.1116,0.0876
0.1044,0.0668,0.0832,0.0771
0.0905,0.094,0.1272,0.0892
0.0897,0.0743,0.0942,0.0686
0.0636,0.0661,0.0783,0.0705
0.0726,0.0849,0.1126,0.0791
0.0797,0.0798,0.1045,0.0872
0.0734,0.0694,0.0677,0.0677
0.074,0.0637,0.0882,0.0711
0.0891,0.0732,0.093,0.078
0.0823,0.0977,0.1071,0.0776
0.0805,0.0693,0.0906,0.0649
0.1125,0.0809,0.1292,0.1075
0.0943,0.0767,0.0973,0.0819
0.0946,0.0675,0.0923,0.0712
0.0988,0.0917,0.113,0.0777
0.0773,0.072,0.073,0.0685
0.0699,0.0853,0.1024,0.0764
0.0979,0.0734,0.0708,0.074
0.0702,0.0759,0.1073,0.0856
0.0699,0.0649,0.0766,0.0673
0.0823,0.1005,0.1184,0.0864
0.0836,0.0798,0.0916,0.0811
0.0761,0.0689,0.0703,0.0592
0.0888,0.0792,0.0965,0.0872
0.1188,0.0915,0.1194,0.0926
0.0725,0.096,0.1195,0.0895
0.0777,0.0708,0.069,0.075
0.0796,0.0658,0.0986,0.0795
0.1035,0.0856,0.1453,0.094
0.0707,0.0866,0.1034,0.0711
0.0795,0.0845,0.085,0.0842
0.086,0.0685,0.0824,0.068
0.1385,0.1,0.1367,0.1242
0.078,0.0767,0.0992,0.0748
0.0819,0.068,0.0791,0.0633
0.0697,0.0621,0.0847,0.0699
0.07,0.0653,0.0828,0.0751
0.0747,0.0747,0.0886,0.0766
0.086,0.0724,0.0712,0.0667
0.0722,0.0763,0.1087,0.0815
0.0819,0.0649,0.0791,0.0704
0.0853,0.0712,0.0749,0.0728
0.0876,0.0656,0.0805,0.0762
0.0961,0.0925,0.1246,0.0936
0.0815,0.0761,0.069,0.0705
0.0946,0.073,0.0769,0.0811
0.0761,0.086,0.1122,0.0791
0.0732,0.0661,0.0912,0.0823
0.1083,0.0797,0.0784,0.0659
0.0824,0.0936,0.1004,0.0852
0.0731,0.0639,0.0706,0.066
0.113,0.085,0.1302,0.1083
0.0923,0.0715,0.0873,0.1006
0.0755,0.0621,0.0782,0.0679
0.0827,0.0631,0.0789,0.0662
0.1217,0.0832,0.0997,0.0859
0.0843,0.0804,0.0767,0.0853
0.0906,0.0846,0.0947,0.0806
0.0809,0.0646,0.0687,0.0626
0.0866,0.0805,0.1031,0.0875
0.0883,0.069,0.085,0.0676
0.0853,0.0767,0.0754,0.0636
0.0715,0.0718,0.0878,0.0692
0.0766,0.0724,0.0672,0.074
0.0765,0.0716,0.0733,0.0676
0.0811,0.0743,0.0727,0.0627
0.0703,0.0952,0.1077,0.0753
0.0851,0.0617,0.0721,0.0812
0.0765,0.0607,0.0684,0.072
0.0717,0.0652,0.0879,0.0691
0.0876,0.082,0.079,0.0854
0.0813,0.0713,0.0722,0.0693
0.0863,0.0795,0.1077,0.0726
0.1112,0.0897,0.1285,0.1022
0.0829,0.0687,0.0663,0.0631
0.0741,0.0688,0.0701,0.0595
0.0914,0.0736,0.0688,0.0605
0.096,0.0721,0.0971,0.0841
0.0732,0.0976,0.1107,0.0844
0.0923,0.0729,0.0939,0.0686
0.0975,0.0704,0.0867,0.0633
0.0874,0.0988,0.115,0.0831
0.0781,0.077,0.1024,0.0812
0.0673,0.0664,0.0797,0.071
0.0838,0.0724,0.0775,0.0646
0.0825,0.0799,0.0966,0.0917
0.1264,0.0778,0.1472,0.0934
0.1062,0.0838,0.138,0.0927
0.1011,0.0803,0.0922,0.0761
0.0862,0.0771,0.0888,0.0653
0.0768,0.0713,0.0831,0.0666
0.1,0.0703,0.092,0.083
0.0936,0.0899,0.1034,0.0954
0.1038,0.0727,0.089,0.0681
0.0741,0.0725,0.0727,0.0695
0.0747,0.0765,0.1069,0.0834
0.0805,0.065,0.0875,0.0644
0.0672,0.0626,0.0878,0.067
0.0855,0.0644,0.0791,0.0674
0.0722,0.0755,0.0669,0.0647
0.0833,0.0665,0.0652,0.0762
0.082,0.0643,0.0832,0.0896
0.0662,0.0689,0.0875,0.0722
0.0711,0.0764,0.088,0.0736
0.1073,0.0825,0.098,0.0755
0.0993,0.0663,0.1022,0.0704
0.0733,0.0629,0.0786,0.0688
0.1036,0.0717,0.1004,0.0638
0.0797,0.068,0.0958,0.0684
0.1001,0.083,0.0921,0.0781
0.0881,0.0891,0.1071,0.0907
0.0869,0.072,0.0711,0.0828
0.0791,0.0737,0.066,0.0685
0.0733,0.0642,0.0843,0.0752
0.0975,0.0613,0.1042,0.0713
0.1058,0.0773,0.1019,0.0814
0.0823,0.0703,0.0997,0.09
0.093,0.0744,0.0819,0.0746
0.084,0.0766,0.0908,0.0656
0.0744,0.0665,0.0878,0.0693
0.0821,0.0616,0.0766,0.082
0.0992,0.0845,0.0807,0.0862
0.0964,0.0721,0.0957,0.0718
0.0885,0.086,0.0935,0.0839
0.1182,0.0739,0.1294,0.0997
0.0839,0.0801,0.1069,0.0918
0.1048,0.0765,0.0989,0.0652
0.0683,0.0707,0.0869,0.0736
0.0869,0.0844,0.1019,0.0754
0.0865,0.0805,0.1415,0.0954
0.0748,0.0666,0.0747,0.0704
0.1104,0.0748,0.0889,0.0932
0.0788,0.0801,0.1078,0.0831
0.0761,0.0693,0.0755,0.0679
0.0807,0.105,0.1261,0.1013
0.085,0.0759,0.0914,0.0739
0.08,0.0877,0.0887,0.0798
0.1108,0.0889,0.1125,0.1033
0.0804,0.085,0.0724,0.0655
0.0765,0.0717,0.0863,0.0771
0.1007,0.0728,0.0726,0.0802
0.1045,0.0848,0.1431,0.102
0.0922,0.0643,0.0902,0.0633
0.0817,0.0649,0.094,0.0769
0.0888,0.0846,0.095,0.0802
0.0806,0.0781,0.0878,0.0711
0.1216,0.0868,0.1271,0.1098
0.0787,0.0819,0.1112,0.0854
0.0803,0.0745,0.0704,0.0671
0.1166,0.0989,0.1334,0.0987
0.1176,0.0941,0.1345,0.101
0.0849,0.0826,0.1037,0.088
0.0754,0.0617,0.0721,0.0666
0.0778,0.0755,0.1077,0.0833
0.0722,0.0646,0.074,0.0708
0.0794,0.0695,0.0795,0.0682
0.1223,0.0877,0.1232,0.1083
0.072,0.0632,0.0755,0.0651
0.0767,0.0713,0.0713,0.0619
0.0677,0.0627,0.0843,0.0685
0.0768,0.0724,0.082,0.0748
0.0902,0.062,0.101,0.068
0.0793,0.0673,0.0849,0.0624
0.0727,0.0638,0.0696,0.0684
0.0983,0.0787,0.0846,0.0774
0.0798,0.0789,0.1053,0.0799
0.0836,0.0811,0.0984,0.0821
0.0833,0.0697,0.0689,0.0766
0.0843,0.0731,0.0987,0.0777
0.0733,0.0634,0.0808,0.0737
0.095,0.0676,0.1096,0.0772
0.1176,0.0782,0.097,0.0869
0.0895,0.0664,0.0764,0.0733
0.0889,0.0775,0.0799,0.065
0.0901,0.0832,0.0892,0.0736
0.0869,0.0711,0.0968,0.0812
0.0877,0.0765,0.1351,0.1043
0.0801,0.0682,0.082,0.0782
0.0812,0.0903,0.1132,0.0725
0.0884,0.0701,0.0698,0.0732
0.1016,0.0854,0.0907,0.0844
0.0678,0.0755,0.0842,0.0773
0.0619,0.0506,0.0738,0.0696
0.108,0.075,0.094,0.0951
0.0843,0.0651,0.0781,0.069
0.0805,0.0734,0.0921,0.0661
0.1032,0.082,0.1434,0.1047
0.0835,0.0665,0.087,0.0594
0.1149,0.0808,0.1092,0.0967
0.0932,0.0793,0.1369,0.1026
0.09,0.0775,0.0764,0.0915
0.1081,0.0752,0.0944,0.1055
0.0802,0.0955,0.086,0.0909
0.0893,0.0821,0.1498,0.097
0.0892,0.073,0.0808,0.0673
0.0877,0.0794,0.0922,0.0859
0.0731,0.0666,0.0897,0.0708
0.0939,0.0641,0.103,0.0761
0.0815,0.0693,0.0721,0.0592
0.0956,0.0716,0.0804,0.0758
0.071,0.0634,0.0685,0.0633
0.0725,0.0718,0.0701,0.0652
0.0897,0.0742,0.0809,0.0695
0.0753,0.072,0.0803,0.0636
0.1026,0.0838,0.1315,0.0992
0.0796,0.076,0.1021,0.0797
0.0845,0.0673,0.0666,0.0746
0.1075,0.0849,0.0894,0.0712
0.0876,0.0608,0.0944,0.0682
0.0729,0.0769,0.0868,0.0745
0.0799,0.0667,0.0702,0.0656
0.0931,0.0915,0.1336,0.0874
0.0852,0.0693,0.0752,0.072
0.0687,0.0707,0.0658,0.0635
0.0776,0.084,0.0715,0.0689
0.0794,0.0784,0.1013,0.0801
0.0761,0.0694,0.0659,0.0664
0.0861,0.0789,0.129,0.0846
0.0736,0.0643,0.092,0.0658
0.0813,0.0611,0.0802,0.0784
0.081,0.0819,0.0866,0.0764
0.0875,0.0702,0.0943,0.0673
0.0749,0.0634,0.0869,0.0653
0.0896,0.0644,0.0669,0.0649
0.0816,0.0782,0.0916,0.0804
0.1009,0.0681,0.0881,0.064
0.0726,0.0943,0.113,0.0876
0.0829,0.0761,0.0844,0.0696
0.0838,0.0632,0.077,0.0816
0.096,0.084,0.0877,0.083
0.1036,0.0722,0.1046,0.0835
0.0732,0.0735,0.0911,0.0691
0.0793,0.0875,0.104,0.0745
0.0886,0.1063,0.1095,0.0933
0.0892,0.0664,0.0781,0.0745
0.0798,0.0625,0.0843,0.0698
0.1039,0.0942,0.1007,0.0966
0.0747,0.0603,0.0878,0.0678
0.1153,0.074,0.1336,0.0992
0.0858,0.0649,0.0921,0.0625
0.0915,0.0786,0.0816,0.0701
0.0751,0.0899,0.113,0.0855
0.1073,0.0809,0.1442,0.1055
0.0718,0.0682,0.077,0.0588
0.0742,0.096,0.1206,0.0796
0.1027,0.0812,0.1148,0.0827
0.104,0.0763,0.1046,0.0858
0.1036,0.0809,0.1,0.1024
0.0967,0.071,0.0846,0.0913
0.0832,0.0742,0.0674,0.0753
0.0949,0.0722,0.0963,0.0844
0.0795,0.0661,0.0838,0.075
0.0788,0.0657,0.0866,0.0623
0.0823,0.0791,0.0925,0.0737
0.0972,0.0714,0.1083,0.0795
0.0824,0.0816,0.0993,0.0875
0.0832,0.0722,0.0849,0.0634
0.0997,0.0739,0.0777,0.0635
0.1038,0.0802,0.1309,0.095
0.0934,0.0691,0.0805,0.0678
0.1166,0.0893,0.1155,0.0922
0.0872,0.0696,0.0675,0.0742
0.0878,0.0634,0.0805,0.0652
0.0862,0.0863,0.0883,0.0859
0.0915,0.0776,0.0983,0.0792
0.0997,0.0777,0.1015,0.0825
0.0802,0.0781,0.1035,0.0801
0.0972,0.073,0.0963,0.0759
0.0921,0.0708,0.0837,0.0619
0.0806,0.0647,0.0988,0.0724
0.0933,0.067,0.0955,0.0703
0.0877,0.0663,0.0991,0.0693
0.0753,0.064,0.0932,0.0714
0.0857,0.0714,0.0761,0.0672
0.0719,0.0629,0.0855,0.0724
0.1216,0.0826,0.1277,0.109
0.0901,0.0686,0.0702,0.0726
0.0655,0.0574,0.0842,0.0676
0.0968,0.0761,0.1276,0.0989
0.0848,0.0738,0.0743,0.0729
0.0949,0.0687,0.098,0.0734
0.0723,0.0716,0.0995,0.0758
0.0807,0.0758,0.0958,0.069
0.1063,0.0746,0.117,0.089
0.1032,0.0777,0.1415,0.0966
0.0735,0.0649,0.0845,0.0695
0.0884,0.0794,0.0941,0.0848
0.087,0.0742,0.0824,0.0878
0.0693,0.0558,0.0814,0.0821
0.0735,0.0703,0.0744,0.0703
0.0688,0.0688,0.0647,0.0609
0.0821,0.0775,0.0988,0.0906
0.0879,0.0745,0.0822,0.084
0.0824,0.0691,0.0738,0.0678
0.09,0.0882,0.0955,0.0943
0.0878,0.0676,0.0694,0.0612
0.0763,0.0785,0.0901,0.0732
0.0723,0.092,0.1257,0.0819
0.1001,0.0682,0.1074,0.0741
0.0771,0.0661,0.086,0.0698
0.1023,0.0794,0.1302,0.099
0.0723,0.0676,0.0939,0.066
0.0772,0.0662,0.0665,0.0647
0.0906,0.0803,0.1172,0.0896
0.1036,0.0755,0.1092,0.0772
0.0662,0.0621,0.0744,0.0642
0.1002,0.0717,0.0864,0.0967
0.0879,0.0724,0.093,0.0711
0.089,0.0829,0.106,0.0906
0.0769,0.0668,0.0676,0.0692
0.0778,0.088,0.1071,0.0711
0.0974,0.0852,0.0986,0.0807
0.1318,0.0967,0.1264,0.0843
0.116,0.0837,0.1124,0.0811
0.0916,0.0795,0.1219,0.0965
0.0802,0.0772,0.1036,0.0819
0.0891,0.0782,0.1095,0.0786
0.0722,0.0684,0.0673,0.0606
0.0965,0.0763,0.0916,0.0751
0.0691,0.0668,0.0919,0.0695
0.0904,0.0729,0.0692,0.0652
0.0893,0.0708,0.0976,0.0794
0.0954,0.0708,0.0917,0.0921
0.0942,0.0696,0.0905,0.0716
0.0874,0.0748,0.064,0.072
0.093,0.0742,0.091,0.0705
0.0782,0.0722,0.0715,0.0658
0.078,0.068,0.0823,0.072
0.0833,0.0738,0.0869,0.0635
0.073,0.072,0.0993,0.0804
0.0973,0.0866,0.095,0.0844
0.1169,0.0756,0.1558,0.1047
0.0894,0.0773,0.0906,0.0834
0.0792,0.0778,0.1061,0.0876
0.1015,0.0955,0.1258,0.1037
0.0789,0.0666,0.0785,0.078
0.0691,0.0651,0.0719,0.0659
0.1065,0.0695,0.0834,0.0637
0.0743,0.0759,0.0738,0.0654
0.0913,0.0877,0.0891,0.0847
0.0806,0.0628,0.0816,0.0725
0.0702,0.0636,0.0811,0.0747
0.0815,0.0697,0.0662,0.069
0.1093,0.0825,0.1409,0.1085
0.1155,0.0902,0.1271,0.108
0.0863,0.066,0.0979,0.0779
0.1158,0.0822,0.108,0.0798
0.0852,0.0759,0.0748,0.0759
0.0918,0.0701,0.0987,0.0679
0.0831,0.072,0.089,0.0667
0.1054,0.0794,0.13,0.0971
0.0636,0.062,0.0852,0.0688
0.0792,0.0595,0.0722,0.071
0.0854,0.0714,0.0855,0.0667
0.0675,0.0631,0.0823,0.0647
0.0816,0.0672,0.0804,0.067
0.0746,0.0754,0.0869,0.0755
0.0705,0.0619,0.0758,0.0682
0.0897,0.0959,0.1209,0.09
0.0842,0.07,0.0712,0.0679
0.0783,0.0755,0.093,0.0708
0.0845,0.0677,0.0798,0.0719
0.0859,0.07,0.082,0.0693
0.1025,0.0776,0.0841,0.0611
0.0728,0.0926,0.1263,0.0823
0.1012,0.0779,0.074,0.0714
0.1017,0.0814,0.1322,0.1003
0.0735,0.0628,0.0705,0.0683
0.0818,0.0668,0.0859,0.0802
0.0828,0.0708,0.0825,0.0751
0.0819,0.0673,0.0766,0.077
0.0808,0.0667,0.0723,0.0648
0.0809,0.0653,0.1019,0.076
0.0901,0.0761,0.0822,0.0761
0.0813,0.07,0.0882,0.065
0.101,0.0856,0.1038,0.0684
0.0873,0.0812,0.0796,0.0827
0.0944,0.0649,0.0798,0.0935
0.1216,0.0846,0.1655,0.1102
0.086,0.0714,0.101,0.0739
0.0787,0.0631,0.0822,0.0739
0.0881,0.0835,0.0936,0.0828
0.0998,0.0792,0.1329,0.0995
0.1061,0.0921,0.1215,0.0784
0.1071,0.0791,0.137,0.11
0.0948,0.0829,0.1119,0.086
0.0941,0.1009,0.0926,0.101
0.0773,0.0899,0.1098,0.0814
0.0806,0.0648,0.0683,0.0647
0.113,0.0845,0.0927,0.0882
0.0786,0.0709,0.098,0.0757
0.0746,0.0616,0.0988,0.0847
0.0987,0.0685,0.0863,0.0701
0.0729,0.0918,0.1099,0.0827
0.079,0.0957,0.1041,0.0798
0.0927,0.1048,0.1093,0.084
0.0941,0.0794,0.09,0.074
0.0744,0.062,0.0828,0.0802
0.1256,0.0878,0.1484,0.0944
0.0689,0.0837,0.1061,0.0864
0.0786,0.0607,0.0855,0.0665
0.0858,0.0619,0.0765,0.0735
0.1054,0.0858,0.136,0.1088
0.087,0.0999,0.0836,0.0731
0.0842,0.0796,0.0754,0.0857
0.1114,0.0902,0.1386,0.1025
0.096,0.0883,0.1148,0.0804
0.0767,0.0758,0.0659,0.0669
0.1027,0.0722,0.0969,0.0655
0.0991,0.0764,0.0881,0.0666
0.1016,0.0669,0.0862,0.0706
0.0716,0.0874,0.1127,0.088
0.0873,0.077,0.0947,0.0773
0.0779,0.0784,0.1014,0.08
0.0846,0.0689,0.0841,0.0744
0.0852,0.0879,0.1023,0.0698
0.0878,0.0703,0.0912,0.072
0.071,0.0918,0.1143,0.086
0.0947,0.0676,0.0977,0.0641
0.0844,0.0682,0.0842,0.0691
0.0895,0.0689,0.0769,0.0726
0.1027,0.0772,0.0819,0.0621
0.0814,0.092,0.1189,0.0907
0.0721,0.0919,0.1126,0.0874
0.0718,0.0642,0.0572,0.065
0.0995,0.0665,0.0849,0.0692
0.0871,0.0689,0.1014,0.0687
0.0824,0.0751,0.1005,0.0768
0.0737,0.0636,0.0795,0.0763
0.0701,0.0673,0.0987,0.0806
0.0866,0.061,0.0845,0.0783
0.0846,0.0663,0.0631,0.0619
0.1057,0.0945,0.1357,0.1103
0.0876,0.0773,0.0913,0.0752
0.0851,0.078,0.1034,0.1027
0.0741,0.0821,0.1104,0.0814
0.0747,0.0644,0.0912,0.0656
0.0807,0.0758,0.1043,0.0805
0.0852,0.0684,0.0888,0.0602
0.0939,0.0653,0.074,0.0892
0.0817,0.0685,0.0982,0.0687
0.1096,0.0872,0.142,0.0952
0.0844,0.0739,0.0773,0.0662
0.081,0.0765,0.1017,0.0799
0.0827,0.0644,0.0923,0.0637
0.0781,0.0687,0.0903,0.0733
0.0753,0.0704,0.0741,0.0671
0.0803,0.0676,0.0716,0.0739
0.1074,0.09,0.0951,0.0932
0.1111,0.0838,0.1427,0.0935
0.104,0.0712,0.0848,0.0711
0.0951,0.0667,0.077,0.0822
0.0825,0.076,0.088,0.0714
0.0958,0.0698,0.0886,0.0808
0.0755,0.0645,0.0739,0.0709
0.083,0.0682,0.0791,0.0663
0.0826,0.0626,0.0814,0.0793
0.0959,0.0734,0.0858,0.0767
0.0779,0.0926,0.0859,0.0905
0.0762,0.0758,0.0685,0.0653
0.0932,0.0709,0.112,0.0679
0.0818,0.0586,0.086,0.0651
0.1039,0.0752,0.1019,0.0744
0.0823,0.0753,0.0688,0.0824
0.0775,0.0794,0.072,0.0669
0.0792,0.069,0.0691,0.0603
0.0843,0.0721,0.0686,0.0643
0.0717,0.0716,0.0969,0.0775
0.0791,0.0688,0.0895,0.0689
0.0822,0.0797,0.0961,0.0789
0.0863,0.0848,0.1115,0.0823
0.0905,0.0672,0.0712,0.0653
0.0828,0.0783,0.1064,0.0825
0.1008,0.0718,0.0827,0.0597
0.1056,0.0802,0.1407,0.1089
0.0844,0.075,0.0905,0.0678
0.0883,0.0919,0.1154,0.0715
0.0999,0.0723,0.0881,0.094
0.093,0.0786,0.0953,0.085
0.0872,0.0705,0.0768,0.0705
0.088,0.0666,0.0876,0.0689
0.0887,0.0985,0.1224,0.105
0.1047,0.0829,0.1459,0.1039
0.0704,0.0693,0.0741,0.0707
0.0879,0.0757,0.1008,0.0691
0.0873,0.0626,0.0771,0.0731
0.1167,0.0832,0.1592,0.1136
0.078,0.0657,0.0707,0.0737
0.0755,0.0722,0.084,0.0657
0.0856,0.0715,0.0758,0.0673
0.0827,0.0777,0.1012,0.0846
0.0818,0.0704,0.0949,0.0644
0.073,0.0747,0.0646,0.0651
0.1169,0.0862,0.1107,0.0809
0.1048,0.0744,0.0997,0.0807
0.0755,0.0687,0.0854,0.0658
0.0586,0.0553,0.0704,0.071
0.0794,0.0696,0.0629,0.0751
0.0908,0.084,0.1019,0.1017
0.0838,0.0668,0.0738,0.0785
0.0951,0.0711,0.0861,0.0785
0.0755,0.06,0.0865,0.0734
0.1211,0.0839,0.1487,0.0942
0.0748,0.0764,0.1067,0.0841
0.0771,0.0843,0.0864,0.0782
0.0759,0.062,0.0838,0.0692
0.0915,0.0696,0.0812,0.0609
0.0673,0.0646,0.0697,0.0666
0.09,0.0727,0.0921,0.067
0.0804,0.08,0.1012,0.0893
0.1022,0.0991,0.1282,0.1081
0.0948,0.0727,0.079,0.0796
0.087,0.0678,0.0924,0.0672
0.086,0.0946,0.1159,0.0853
0.1243,0.0817,0.1365,0.0977
0.1052,0.09,0.0968,0.0921
0.0781,0.0767,0.0709,0.0621
0.0756,0.0752,0.0676,0.0659
0.068,0.0624,0.0846,0.0684
0.1013,0.0624,0.1024,0.0669
0.0833,0.094,0.117,0.0724
0.1072,0.0822,0.0971,0.0999
0.0876,0.0739,0.0684,0.0607
0.0762,0.0902,0.115,0.0769
0.085,0.1154,0.1051,0.1028
0.0881,0.0675,0.0676,0.0734
0.081,0.0742,0.0989,0.0788
0.0716,0.0602,0.0781,0.0707
0.0717,0.0604,0.0624,0.0627
0.0879,0.0681,0.0693,0.0642
0.087,0.0632,0.0748,0.0847
0.1022,0.0803,0.1312,0.0973
0.0908,0.0744,0.091,0.0781
0.0848,0.0668,0.0949,0.0765
0.0825,0.0654,0.0775,0.0719
0.0765,0.071,0.0665,0.0612
0.1023,0.0781,0.0851,0.0809
0.0815,0.0715,0.076,0.0696
0.1071,0.0902,0.1286,0.1089
0.0812,0.0702,0.086,0.0705
0.1201,0.0935,0.0905,0.0802
0.0717,0.0779,0.0868,0.0766
0.0817,0.0905,0.1079,0.0775
0.0893,0.0698,0.0892,0.066
0.0857,0.0708,0.0735,0.0643
0.0769,0.0715,0.0837,0.0662
0.0976,0.0679,0.0918,0.078
0.0982,0.0725,0.0907,0.0664
0.0671,0.0592,0.0852,0.0646
0.0893,0.0765,0.0895,0.073
0.0958,0.0657,0.0762,0.0805
0.0826,0.0996,0.1304,0.093
0.084,0.0657,0.0901,0.0818
0.0853,0.0972,0.1051,0.0797
0.0854,0.0703,0.0717,0.0661
0.1041,0.0874,0.1342,0.0756
0.0907,0.0895,0.0965,0.0803
0.0744,0.0919,0.1093,0.0881
0.0834,0.0659,0.0952,0.0651
0.0808,0.0679,0.0913,0.0674
0.0742,0.0667,0.0812,0.0687
0.1265,0.0815,0.1512,0.1103
0.0837,0.0674,0.0677,0.0718
0.0829,0.0686,0.0914,0.0707
0.0881,0.0737,0.0947,0.0754
0.0997,0.0895,0.098,0.1041
0.0871,0.0878,0.1061,0.0975
0.1122,0.0869,0.1332,0.1056
0.0911,0.0788,0.0929,0.0961
0.0923,0.0733,0.0769,0.0649
0.102,0.0911,0.1296,0.0976
0.0772,0.0672,0.0685,0.0625
0.1075,0.0794,0.106,0.0848
0.0806,0.0848,0.088,0.0744
0.0992,0.0798,0.1002,0.081
0.0714,0.0634,0.0647,0.0682
0.0743,0.0769,0.1057,0.0862
0.0834,0.0777,0.0787,0.0729
0.078,0.0712,0.0813,0.0668
0.0718,0.0645,0.072,0.0659
0.086,0.0692,0.0921,0.0734
0.0807,0.0775,0.0927,0.0693
0.1019,0.0882,0.098,0.0811
0.0957,0.0804,0.1538,0.0951
0.0987,0.0834,0.0972,0.1046
0.0985,0.0972,0.0994,0.0782
0.0855,0.0684,0.0951,0.0771
0.0699,0.089,0.1035,0.0744
0.08,0.0702,0.0731,0.0735
0.0852,0.0729,0.0852,0.0874
0.0881,0.0662,0.0854,0.0673
0.0783,0.075,0.0868,0.0686
0.0802,0.0821,0.0952,0.0772
0.086,0.0713,0.0761,0.0815
0.1036,0.0692,0.0957,0.0699
0.093,0.0856,0.1061,0.0923
0.0684,0.0663,0.0886,0.0746
0.0672,0.0632,0.078,0.0673
0.102,0.0809,0.1028,0.078
0.0759,0.0658,0.088,0.0655
0.0795,0.0733,0.085,0.0626
0.0782,0.0684,0.0891,0.0699
0.0814,0.0779,0.1017,0.0819
0.0961,0.0745,0.0932,0.067
0.0795,0.0671,0.0702,0.0692
0.0807,0.0643,0.1001,0.0746
0.0824,0.0899,0.0938,0.0854
0.0713,0.0852,0.1013,0.0732
0.093,0.0923,0.0849,0.0999
0.106,0.0959,0.1302,0.0696
0.0851,0.0749,0.0751,0.0832
0.0802,0.0589,0.0737,0.0703
0.0844,0.0761,0.0752,0.0856
0.0924,0.0812,0.0892,0.0689
0.0799,0.0673,0.0706,0.0737
0.0755,0.0915,0.1181,0.0817
0.0874,0.0822,0.1072,0.0848
0.0724,0.0616,0.0697,0.0686
0.0847,0.0911,0.1136,0.0681
0.0729,0.07,0.0682,0.0642
0.129,0.092,0.1274,0.1009
0.0728,0.0587,0.0578,0.0589
0.104,0.0777,0.1512,0.0996
0.0919,0.0974,0.1287,0.0906
0.0691,0.0799,0.0884,0.0716
0.0982,0.0862,0.0984,0.0733
0.0772,0.0639,0.0848,0.0606
0.0816,0.0705,0.0757,0.0662
0.1231,0.0842,0.1566,0.1067
0.0832,0.0752,0.0708,0.0599
0.0941,0.0894,0.1264,0.0878
0.099,0.0729,0.0986,0.0843
0.077,0.0667,0.0922,0.0672
0.0815,0.09,0.1217,0.0865
0.0841,0.1024,0.1279,0.1005
0.09,0.072,0.0742,0.0686
0.119,0.0904,0.1313,0.1091
0.0736,0.067,0.0846,0.0624
0.0703,0.0642,0.0782,0.0685
0.1075,0.0818,0.1296,0.1005
0.0792,0.0689,0.0656,0.0597
0.0768,0.0778,0.1052,0.0802
0.0913,0.078,0.0984,0.081
0.0892,0.068,0.0826,0.074
0.0831,0.0639,0.0911,0.0704
0.079,0.0703,0.085,0.0693
0.1166,0.0817,0.1492,0.1012
0.0862,0.0771,0.0957,0.0742
0.0818,0.0604,0.0727,0.0718
0.0731,0.0809,0.0905,0.076
0.0959,0.0717,0.0902,0.063
0.0807,0.0673,0.088,0.0728
0.0829,0.0866,0.0861,0.0737
0.0752,0.0649,0.0705,0.0737
0.0687,0.0634,0.0795,0.0679
0.0977,0.0701,0.0958,0.0728
0.088,0.0834,0.1082,0.0829
0.1005,0.0984,0.1289,0.0712
0.0852,0.0744,0.1229,0.0816
0.0677,0.0614,0.0768,0.0732
0.0778,0.0694,0.0763,0.071
0.0848,0.0601,0.0854,0.0693
0.0748,0.0659,0.083,0.0786
0.0807,0.0712,0.0909,0.0706
0.1106,0.0687,0.1099,0.0843
0.0965,0.0805,0.092,0.0897
0.0842,0.0758,0.0717,0.0607
0.0804,0.0814,0.0909,0.0824
0.0757,0.0642,0.0747,0.0649
0.1007,0.0809,0.0895,0.07
0.0974,0.0667,0.1073,0.0724
0.0933,0.0642,0.0913,0.0657
0.073,0.0627,0.0745,0.0681
0.0744,0.0644,0.0808,0.0642
0.1146,0.0821,0.0806,0.0683
0.0811,0.0843,0.097,0.0804
0.0818,0.0751,0.1003,0.0811
0.0735,0.0597,0.0871,0.0713
0.0893,0.0794,0.1042,0.0877
0.0912,0.0774,0.1224,0.0959
0.0805,0.0784,0.0985,0.0874
0.092,0.0739,0.1073,0.0749
0.1064,0.0752,0.096,0.0771
0.0905,0.076,0.0877,0.0724
0.0836,0.0928,0.1142,0.0748
0.0932,0.0929,0.1286,0.0919
0.0871,0.0724,0.0809,0.0749
0.0937,0.0779,0.1186,0.0779
0.0968,0.0678,0.0949,0.0702
0.0864,0.0769,0.0866,0.077
0.0903,0.0721,0.0749,0.0662
0.0827,0.0808,0.1039,0.0844
0.0741,0.0673,0.0855,0.0712
0.0987,0.0883,0.1178,0.0983
0.085,0.0785,0.1032,0.0814
0.0774,0.0693,0.0704,0.0666
0.0887,0.0867,0.1099,0.0775
0.1082,0.0717,0.0868,0.0733
0.1127,0.0801,0.1447,0.104
0.0978,0.0775,0.0695,0.0674
0.0814,0.0661,0.0817,0.0654
0.0852,0.0825,0.0919,0.0817
0.0795,0.0668,0.0961,0.0657
0.0802,0.0784,0.0812,0.0721
0.1008,0.0812,0.0695,0.0699
0.0893,0.0702,0.0962,0.083
0.0888,0.0644,0.0873,0.0669
0.0766,0.0977,0.1142,0.089
0.0726,0.0663,0.0873,0.0715
0.0747,0.0667,0.0788,0.0629
0.0936,0.0987,0.0955,0.0952
0.0881,0.0737,0.083,0.0618
0.1196,0.0855,0.1627,0.1015
0.1072,0.0829,0.0837,0.0667
0.0825,0.0751,0.0719,0.0703
0.0796,0.0763,0.0733,0.0661
0.0838,0.0841,0.0948,0.0699
0.118,0.0831,0.1338,0.0886
0.0951,0.0788,0.1332,0.1077
0.0724,0.0674,0.0797,0.0736
0.0821,0.0788,0.0732,0.0639
0.081,0.0697,0.0794,0.0639
0.0968,0.0732,0.0863,0.0695
0.0942,0.061,0.1078,0.071
0.093,0.0718,0.0804,0.0714
0.0979,0.085,0.1327,0.0773
0.1102,0.0782,0.1293,0.0979
0.0999,0.0832,0.103,0.0786
0.0954,0.0746,0.0972,0.0652
0.1047,0.0798,0.0998,0.0846
0.0957,0.094,0.0986,0.098
0.0869,0.073,0.0859,0.0705
0.0844,0.1082,0.1217,0.0779
0.0771,0.069,0.0721,0.0615
0.0764,0.0705,0.0718,0.0692
0.0704,0.0893,0.113,0.0853
0.0781,0.0799,0.0992,0.0877
0.0957,0.0663,0.1078,0.0679
0.0804,0.0736,0.0913,0.0693
0.0808,0.0754,0.0796,0.0658
0.0832,0.0679,0.0773,0.0656
0.0859,0.0843,0.078,0.0812
0.0876,0.0745,0.0945,0.0744
0.1226,0.0906,0.1745,0.0952
0.0934,0.077,0.0846,0.0842
0.0742,0.0716,0.0746,0.0695
0.0859,0.0703,0.0698,0.0652
0.0855,0.0716,0.0739,0.0707
0.0861,0.0768,0.1363,0.0998
0.1031,0.0749,0.0819,0.0692
0.0945,0.0739,0.0789,0.0876
0.1016,0.0795,0.0754,0.0702
0.08,0.0653,0.0835,0.0647
0.113,0.0843,0.0978,0.0655
0.0781,0.1041,0.1188,0.0954
0.0835,0.0876,0.1192,0.0715
0.0756,0.0897,0.1099,0.0815
0.0973,0.0947,0.095,0.0826
0.0931,0.0753,0.0933,0.07
0.0818,0.09,0.1175,0.0721
0.089,0.0848,0.0984,0.0836
0.0964,0.0709,0.0833,0.0683
0.0878,0.0633,0.0645,0.0692
0.1117,0.0803,0.1355,0.1026
0.0758,0.0668,0.0837,0.0682
0.0762,0.0694,0.0833,0.0754
0.0828,0.0885,0.0984,0.088
0.0872,0.0774,0.1007,0.0802
0.0812,0.0672,0.0662,0.0682
0.0704,0.0648,0.072,0.0582
0.1108,0.0831,0.1263,0.1046
0.0937,0.0747,0.0713,0.0779
0.0799,0.0716,0.0679,0.0635
0.0875,0.0647,0.0855,0.084
0.0872,0.078,0.0985,0.0862
0.1124,0.0795,0.131,0.1049
0.0973,0.078,0.1027,0.0695
0.0894,0.0678,0.0786,0.0746
0.073,0.0676,0.0881,0.0815
0.0835,0.0665,0.0999,0.0701
0.0963,0.0921,0.0967,0.0959
0.0779,0.0639,0.0911,0.0821
0.1071,0.0904,0.1323,0.1
0.0736,0.0751,0.0994,0.0756
0.0858,0.0696,0.0785,0.0901
0.0995,0.0801,0.1352,0.1094
0.0919,0.0748,0.0722,0.066
0.0878,0.0626,0.0754,0.0776
0.0946,0.0743,0.0803,0.076
0.0775,0.0681,0.0806,0.0762
0.0901,0.0717,0.0736,0.069
0.0754,0.0793,0.0901,0.075
0.0844,0.0719,0.1011,0.079
0.0823,0.0699,0.0938,0.0665
0.0786,0.098,0.1309,0.094
0.0853,0.0676,0.0788,0.0645
0.0693,0.0634,0.082,0.0698
0.0834,0.0937,0.1252,0.0761
0.0831,0.0773,0.0969,0.0693
0.0757,0.0726,0.0848,0.0679
0.0848,0.072,0.1321,0.0957
0.0785,0.0681,0.0888,0.0651
0.1097,0.0615,0.0968,0.0698
0.0823,0.0688,0.0888,0.0597
0.0796,0.0688,0.0846,0.0688
0.0796,0.0643,0.0752,0.0711
0.0804,0.0683,0.0886,0.0794
0.0772,0.0789,0.0897,0.0656
0.0916,0.0777,0.0945,0.0858
0.0962,0.0702,0.083,0.0885
0.0926,0.0706,0.0779,0.0683
0.0795,0.0755,0.0789,0.0611
0.0703,0.0663,0.0652,0.0602
0.0847,0.0712,0.0975,0.0681
0.071,0.0758,0.065,0.0622
0.1037,0.0635,0.1136,0.0738
0.0869,0.0934,0.1168,0.0712
0.0738,0.0769,0.1058,0.0827
0.0797,0.0698,0.0693,0.0659
0.0874,0.0686,0.0753,0.0687
0.0851,0.0699,0.0887,0.0644
0.0904,0.0726,0.0816,0.0853
0.0856,0.0835,0.077,0.081
0.0742,0.0752,0.0671,0.0622
0.1091,0.085,0.1354,0.102
0.0747,0.0675,0.0737,0.0712
0.0855,0.0649,0.074,0.0807
0.1045,0.0701,0.1045,0.0738
0.0721,0.0721,0.0999,0.0827
0.0873,0.0871,0.0843,0.0772
0.0733,0.0781,0.1044,0.0804
0.088,0.0698,0.0769,0.0835
0.0702,0.0655,0.0892,0.0669
0.0774,0.056,0.0871,0.0652
0.1089,0.0974,0.0995,0.0874
0.0756,0.0789,0.0854,0.0775
0.0679,0.0629,0.0759,0.0656
0.1062,0.076,0.0942,0.0801
0.0863,0.0667,0.0743,0.0755
0.127,0.0942,0.0998,0.0869
0.0777,0.0663,0.086,0.0719
0.0765,0.0761,0.0839,0.0742
0.0759,0.0626,0.0702,0.0705
0.0798,0.0868,0.1104,0.0847
0.0785,0.0663,0.0877,0.0815
0.0892,0.0722,0.0658,0.0714
0.0851,0.0714,0.0822,0.0645
0.0844,0.0694,0.0742,0.0702
0.0712,0.0666,0.0841,0.0704
0.1161,0.0947,0.1427,0.1049
0.1013,0.0692,0.0886,0.0762
0.1062,0.0801,0.097,0.0741
0.0796,0.071,0.1001,0.0824
0.0851,0.0681,0.0728,0.0723
0.0844,0.0676,0.0654,0.0683
0.077,0.0704,0.0676,0.0643
0.0814,0.0784,0.1011,0.0879
0.0752,0.0727,0.1036,0.0874
0.0947,0.0779,0.0921,0.0715
0.0777,0.0633,0.072,0.0675
0.1053,0.0784,0.0989,0.0896
0.0775,0.0635,0.0892,0.064
0.1004,0.0674,0.0865,0.0698
0.0707,0.059,0.08,0.0714
0.0822,0.0915,0.1053,0.0937
0.0915,0.0919,0.1259,0.0925
0.0824,0.0763,0.0853,0.0651
0.0706,0.0883,0.1129,0.0849
0.07,0.064,0.0855,0.074
0.0794,0.069,0.0727,0.068
0.1126,0.0819,0.1105,0.0902
0.0805,0.072,0.0721,0.073
0.0957,0.0651,0.0857,0.0663
0.0716,0.0781,0.1039,0.0778
0.1045,0.0787,0.1062,0.069
0.0947,0.0828,0.0942,0.0861
0.0971,0.0747,0.103,0.0851
0.0769,0.0862,0.1056,0.0731
0.1,0.0781,0.1441,0.1038
0.0863,0.0699,0.106,0.0812
0.0603,0.0518,0.0705,0.0676
0.0859,0.072,0.0816,0.0769
0.0948,0.0785,0.1432,0.0978
0.1002,0.1032,0.1102,0.0821
0.0823,0.0776,0.1322,0.0973
0.0977,0.0709,0.1022,0.0681
0.0754,0.0696,0.0689,0.0678
0.1067,0.0784,0.1587,0.1005
0.0867,0.0631,0.0857,0.0673
0.0797,0.0654,0.092,0.0787
0.1024,0.0781,0.1416,0.1024
0.0712,0.0621,0.0783,0.0644
0.0871,0.0721,0.107,0.0681
0.0786,0.0733,0.0766,0.0658
0.0925,0.0685,0.1062,0.071
0.0831,0.0781,0.0763,0.0789
0.0798,0.0692,0.09,0.0681
0.1064,0.0774,0.1008,0.0798
0.0906,0.0788,0.1314,0.0908
0.0764,0.0831,0.0853,0.0848
0.0967,0.0883,0.095,0.0861
0.0788,0.0661,0.0799,0.0787
0.0993,0.0694,0.0892,0.0719
0.1017,0.0863,0.0939,0.074
0.0981,0.0536,0.0901,0.0786
0.0794,0.0696,0.0804,0.075
0.0802,0.0845,0.0845,0.0793
0.0877,0.084,0.0936,0.0838
0.0811,0.0708,0.0748,0.0687
0.0895,0.081,0.0889,0.0704
0.1017,0.07,0.129,0.0719
0.0779,0.0695,0.0648,0.0728
0.0715,0.065,0.0918,0.0739
0.0795,0.0908,0.1163,0.0822
0.0997,0.0903,0.092,0.0778
0.0836,0.0765,0.08,0.0741
0.1026,0.0754,0.0918,0.0701
0.0886,0.0711,0.0759,0.0748
0.0745,0.0666,0.0965,0.0668
0.0692,0.0698,0.0884,0.0728
0.1093,0.0799,0.0822,0.077
0.0898,0.0668,0.0968,0.0699
0.1009,0.0695,0.0949,0.0785
0.0865,0.0728,0.0776,0.0681
0.0806,0.0661,0.0678,0.064
0.0764,0.0728,0.0683,0.0594
0.0744,0.0705,0.0662,0.0701
0.0922,0.0713,0.0938,0.0705
0.0952,0.0744,0.0864,0.0678
0.1016,0.0773,0.0876,0.088
0.1088,0.0772,0.129,0.1068
0.0794,0.0637,0.0759,0.0727
0.1,0.0722,0.0846,0.091
0.078,0.0807,0.0735,0.0652
0.0816,0.0707,0.0734,0.0709
0.091,0.0897,0.0954,0.0839
0.1012,0.0771,0.0957,0.0767
0.08,0.0742,0.0713,0.0729
0.0746,0.0756,0.0851,0.0733
0.0884,0.0728,0.105,0.0786
0.0919,0.0639,0.0898,0.0732
0.0869,0.0654,0.086,0.0674
0.1164,0.0756,0.133,0.093
0.095,0.0796,0.0973,0.0836
0.0832,0.0719,0.0854,0.0907
0.093,0.0809,0.0959,0.0859
0.0723,0.0605,0.0794,0.0659
0.0869,0.0672,0.0942,0.0753
0.0752,0.0708,0.0914,0.0714
0.0778,0.0671,0.0711,0.0662
0.0646,0.0627,0.0876,0.0707
0.0989,0.0676,0.0889,0.0823
0.1054,0.0709,0.1233,0.0724
0.1206,0.0903,0.1404,0.1072
0.0883,0.0806,0.1036,0.0801
0.0853,0.0692,0.0782,0.0714
0.0799,0.0739,0.0854,0.0714
0.1008,0.0758,0.1355,0.1099
0.0938,0.066,0.1016,0.0718
0.0895,0.0623,0.0957,0.0735
0.0906,0.0957,0.1232,0.0908
0.0801,0.0831,0.0906,0.0848
0.0893,0.0684,0.0806,0.0796
0.0856,0.0646,0.0687,0.0857
0.0787,0.063,0.094,0.0717
0.1098,0.0685,0.1276,0.0714
0.0986,0.068,0.1046,0.078
0.0747,0.0706,0.0683,0.0655
0.0738,0.0641,0.069,0.0671
0.0669,0.0684,0.0851,0.073
0.0767,0.0686,0.0726,0.0682
0.088,0.0668,0.0912,0.0946
0.0753,0.0787,0.0862,0.0696
0.0993,0.1018,0.1088,0.104
0.0747,0.0613,0.0795,0.0637
0.0725,0.0875,0.0979,0.0745
0.0817,0.09,0.1135,0.084
0.0737,0.0626,0.0812,0.0765
0.098,0.0712,0.1118,0.076
0.1085,0.0875,0.1371,0.101
0.0826,0.061,0.0822,0.0774
0.0844,0.0589,0.0798,0.0737
0.0673,0.0925,0.1023,0.0851
0.077,0.0734,0.1072,0.0754
0.0885,0.0719,0.0928,0.0857
0.1089,0.0696,0.0773,0.0658
0.1013,0.0874,0.1331,0.0792
0.085,0.0851,0.0985,0.0909
0.0771,0.0634,0.0886,0.0667
0.1132,0.0838,0.1252,0.1046
0.0666,0.0931,0.1076,0.0744
0.0721,0.0641,0.067,0.06
0.0725,0.0665,0.084,0.0679
0.065,0.0627,0.0579,0.0629
0.073,0.0606,0.0736,0.0681
0.0994,0.0748,0.1094,0.0713
0.0833,0.071,0.1017,0.0847
0.1062,0.0663,0.0891,0.0707
0.093,0.0783,0.1358,0.1097
0.0828,0.0701,0.1011,0.068
0.0991,0.083,0.1208,0.0982
0.087,0.0912,0.1152,0.0866
0.0783,0.0692,0.0642,0.0699
0.0693,0.0663,0.0882,0.0668
0.0847,0.0726,0.0884,0.0799
0.0836,0.0755,0.0792,0.069
0.1035,0.0862,0.0951,0.09
0.0801,0.0655,0.0702,0.0654
0.1008,0.0612,0.1103,0.0694
0.1222,0.079,0.1169,0.0877
0.0915,0.0857,0.1014,0.0919
0.0825,0.0698,0.0732,0.0798
0.0827,0.0691,0.073,0.0622
0.0706,0.0668,0.0782,0.0657
0.0847,0.0829,0.0928,0.0756
